America/Anchorage|America/Atikokan|America/Blanc-Sablon|America/Boise|America/Cambridge_Bay|America/Chicago|America/Creston|America/Dawson|America/Dawson_Creek|America/Denver|America/Detroit|America/Edmonton|America/Fort_Nelson|America/Glace_Bay|America/Goose_Bay|America/Halifax|America/Indiana/Indianapolis|America/Indiana/Knox|America/Indiana/Marengo|America/Indiana/Petersburg|America/Indiana/Tell_City|America/Indiana/Vevay|America/Indiana/Vincennes|America/Indiana/Winamac|America/Inuvik|America/Iqaluit|America/Juneau|America/Kentucky/Louisville|America/Kentucky/Monticello|America/Los_Angeles|America/Menominee|America/Metlakatla|America/Moncton|America/New_York|America/Nome|America/North_Dakota/Beulah|America/North_Dakota/Center|America/North_Dakota/New_Salem|America/Phoenix|America/Puerto_Rico|America/Rankin_Inlet|America/Regina|America/Sitka|America/St_Johns|America/Swift_Current|America/Toronto|America/Vancouver|America/Whitehorse|America/Winnipeg|Pacific/Honolulu
New York City	NY	40.714	-74.006	33	8804190
Los Angeles	CA	34.052	-118.244	29	3820914
Toronto	ON	43.706	-79.399	45	2794356
Brooklyn	NY	40.650	-73.950	33	2736074
Chicago	IL	41.850	-87.650	5	2664452
Queens	NY	40.681	-73.837	33	2316841
Houston	TX	29.763	-95.363	5	2314157
Montréal	QC	45.509	-73.588	45	1762949
Phoenix	AZ	33.448	-112.074	38	1650070
Philadelphia	PA	39.952	-75.164	33	1573916
San Antonio	TX	29.424	-98.494	5	1526656
Manhattan	NY	40.783	-73.966	33	1487536
San Diego	CA	32.716	-117.165	29	1404452
The Bronx	NY	40.850	-73.866	33	1385108
Dallas	TX	32.783	-96.807	5	1326087
Calgary	AB	51.050	-114.085	11	1306784
Ottawa	ON	45.411	-75.698	45	1017449
Edmonton	AB	53.550	-113.469	11	1010899
Jacksonville	FL	30.332	-81.656	33	1009833
Fort Worth	TX	32.725	-97.321	5	1008106
San Jose	CA	37.339	-121.895	29	997368
Austin	TX	30.267	-97.743	5	974447
Columbus	OH	39.961	-82.999	33	913175
Charlotte	NC	35.227	-80.843	33	911311
Indianapolis	IN	39.768	-86.158	16	887642
San Francisco	CA	37.775	-122.419	29	827526
Seattle	WA	47.606	-122.332	29	780995
Winnipeg	MB	49.884	-97.147	48	749607
Denver	CO	39.739	-104.985	9	729019
Mississauga	ON	43.579	-79.658	45	717961
Washington	DC	38.895	-77.036	33	689545
Nashville	TN	36.166	-86.784	5	689447
Oklahoma City	OK	35.468	-97.516	5	681054
El Paso	TX	31.759	-106.487	9	678815
Vancouver	BC	49.250	-123.119	46	662248
Brampton	ON	43.683	-79.766	45	656480
Boston	MA	42.358	-71.060	33	653833
Portland	OR	45.523	-122.676	29	652503
Detroit	MI	42.331	-83.046	10	645705
Las Vegas	NV	36.175	-115.137	29	641903
New South Memphis	TN	35.087	-90.057	5	641608
Memphis	TN	35.150	-90.049	5	633104
Louisville	KY	38.254	-85.759	27	624444
Baltimore	MD	39.290	-76.612	33	585708
South Boston	MA	42.333	-71.049	33	571281
Hamilton	ON	43.250	-79.850	45	569353
Surrey	BC	49.106	-122.825	46	568322
Albuquerque	NM	35.084	-106.651	9	564559
Milwaukee	WI	43.039	-87.906	5	563531
Tucson	AZ	32.222	-110.926	38	542629
Fresno	CA	36.748	-119.772	29	542107
Québec	QC	46.812	-71.215	45	531902
Sacramento	CA	38.582	-121.494	29	524943
Atlanta	GA	33.749	-84.388	33	510823
Miami	FL	25.774	-80.194	33	487014
Omaha	NE	41.256	-95.940	5	486051
Raleigh	NC	35.772	-78.639	33	482295
Kansas City	MO	39.100	-94.579	5	475378
Long Beach	CA	33.767	-118.189	29	474140
Mesa	AZ	33.422	-111.823	38	471825
Halifax	NS	44.643	-63.577	15	471559
Staten Island	NY	40.562	-74.140	33	468730
Colorado Springs	CO	38.834	-104.821	9	456568
Virginia Beach	VA	36.853	-75.978	33	454808
Laval	QC	45.570	-73.692	45	438366
London	ON	42.983	-81.233	45	422324
Oakland	CA	37.804	-122.271	29	419267
San Juan	PR	18.466	-66.106	39	418140
Tampa	FL	27.948	-82.458	33	414547
Tulsa	OK	36.154	-95.993	5	413066
Minneapolis	MN	44.980	-93.264	5	410939
Wichita	KS	37.692	-97.338	5	396119
Arlington	TX	32.736	-97.108	5	388125
Bakersfield	CA	35.373	-119.019	29	373640
Cleveland	OH	41.499	-81.695	33	365379
Etobicoke	ON	43.644	-79.570	45	365000
New Orleans	LA	29.955	-90.075	5	362701
Aurora	CO	39.729	-104.832	9	359407
Honolulu	HI	21.307	-157.858	49	350964
Anaheim	CA	33.835	-117.915	29	350742
West Raleigh	NC	35.787	-78.664	33	338759
Markham	ON	43.867	-79.266	45	338503
Orlando	FL	28.538	-81.379	33	334854
Vaughan	ON	43.836	-79.498	45	323103
Lexington	KY	37.989	-84.478	33	320347
Riverside	CA	33.953	-117.396	29	317261
Corpus Christi	TX	27.801	-97.396	5	316239
Lexington-Fayette	KY	38.050	-84.459	33	314488
Cincinnati	OH	39.127	-84.514	33	311097
Santa Ana	CA	33.746	-117.868	29	310227
Stockton	CA	37.958	-121.291	29	305658
Pittsburgh	PA	40.441	-79.996	33	304391
Saint Paul	MN	44.944	-93.093	5	303176
Gatineau	QC	45.477	-75.702	45	300045
Lincoln	NE	40.800	-96.667	5	294757
Victoria	BC	48.436	-123.352	46	289625
Anchorage	AK	61.218	-149.900	0	289600
Meads	KY	38.413	-82.709	33	288649
Henderson	NV	36.040	-114.982	29	285667
Greensboro	NC	36.073	-79.792	33	285342
Plano	TX	33.020	-96.699	5	283558
Newark	NJ	40.736	-74.172	33	281944
Madison	WI	43.073	-89.401	5	280305
St. Louis	MO	38.627	-90.198	5	279695
Saskatoon	SK	52.132	-106.669	41	266141
Chula Vista	CA	32.640	-117.084	29	265757
Toledo	OH	41.664	-83.555	33	265638
Jersey City	NJ	40.728	-74.078	33	264290
Reno	NV	39.530	-119.814	29	264165
Chandler	AZ	33.306	-111.841	38	260828
Fort Wayne	IN	41.131	-85.129	16	260326
Buffalo	NY	42.886	-78.878	33	258071
Durham	NC	35.994	-78.899	33	257636
St. Petersburg	FL	27.771	-82.679	33	257083
Irvine	CA	33.669	-117.823	29	256927
Kitchener	ON	43.425	-80.511	45	256885
Laredo	TX	27.506	-99.508	5	256153
Burnaby	BC	49.266	-122.953	46	249125
Lubbock	TX	33.578	-101.855	5	249042
Gilbert	AZ	33.353	-111.789	38	247542
Tri-Cities	WA	46.245	-119.196	29	244036
Winston-Salem	NC	36.100	-80.244	33	241218
Glendale	AZ	33.539	-112.186	38	240126
Norfolk	VA	36.847	-76.285	33	238005
Hialeah	FL	25.858	-80.278	33	237069
Garland	TX	32.913	-96.639	5	236897
Scottsdale	AZ	33.509	-111.899	38	236839
Irving	TX	32.814	-96.949	5	236607
Boise	ID	43.614	-116.203	3	235684
Chesapeake	VA	36.819	-76.275	33	235429
North Las Vegas	NV	36.199	-115.118	29	234807
Fremont	CA	37.548	-121.989	29	232206
Windsor	ON	42.300	-83.017	45	229660
Spokane	WA	47.660	-117.429	29	229447
Longueuil	QC	45.515	-73.468	45	229330
Baton Rouge	LA	30.443	-91.187	5	227470
Upper West Side	NY	40.787	-73.975	33	226989
Richmond	VA	37.554	-77.460	33	226610
Regina	SK	50.450	-104.618	41	226404
Paradise	NV	36.097	-115.147	29	223167
Tacoma	WA	47.253	-122.444	29	222906
Jamaica	NY	40.691	-73.806	33	216866
San Bernardino	CA	34.108	-117.290	29	216108
Salt Lake City	UT	40.761	-111.891	9	215548
Huntsville	AL	34.730	-86.586	5	215006
Des Moines	IA	41.601	-93.609	5	214133
Oakville	ON	43.450	-79.683	45	213759
Fontana	CA	34.092	-117.435	29	212704
Modesto	CA	37.639	-120.997	29	211266
Richmond	BC	49.170	-123.137	46	209937
Rochester	NY	43.155	-77.616	33	209802
Maryvale	AZ	33.502	-112.178	38	208189
Arlington	VA	38.881	-77.104	33	207627
Oxnard	CA	34.197	-119.177	29	207254
Columbus	GA	32.461	-84.988	33	206922
Worcester	MA	42.263	-71.802	33	206518
Moreno Valley	CA	33.938	-117.231	29	204198
Bayamón	PR	18.399	-66.156	39	203499
Little Rock	AR	34.746	-92.290	5	202591
Richmond Hill	ON	43.871	-79.437	45	202022
Fayetteville	NC	35.053	-78.878	33	201963
Huntington Beach	CA	33.660	-117.999	29	201899
Tallahassee	FL	30.438	-84.281	33	201731
Yonkers	NY	40.930	-73.898	33	201116
Glendale	CA	34.143	-118.255	29	201020
Cypress	TX	29.969	-95.697	5	200839
Aurora	IL	41.761	-88.320	5	200661
Amarillo	TX	35.222	-101.831	5	198645
Akron	OH	41.081	-81.519	33	197542
Vancouver	WA	45.639	-122.661	29	196442
Birmingham	AL	33.521	-86.802	5	196357
Montgomery	AL	32.367	-86.300	5	195287
Grand Rapids	MI	42.963	-85.668	10	195097
Peoria	AZ	33.581	-112.237	38	190985
Providence	RI	41.824	-71.413	33	190934
Knoxville	TN	35.961	-83.921	33	190740
Sunrise Manor	NV	36.211	-115.073	29	189372
Grand Prairie	TX	32.746	-96.998	5	187809
Shreveport	LA	32.525	-93.750	5	187593
Burlington	ON	43.386	-79.837	45	186948
Brownsville	TX	25.902	-97.497	5	186738
Overland Park	KS	38.982	-94.671	5	186515
Newport News	VA	36.980	-76.430	33	186247
Mobile	AL	30.694	-88.043	5	183289
Fort Lauderdale	FL	26.122	-80.143	33	183146
Santa Clarita	CA	34.392	-118.543	29	182371
Chattanooga	TN	35.046	-85.310	33	181099
Nepean	ON	45.336	-75.722	45	180000
East Flatbush	NY	40.654	-73.930	33	178464
Spring Valley	NV	36.108	-115.245	29	178395
Santa Rosa	CA	38.440	-122.714	29	178127
Eugene	OR	44.052	-123.087	29	176654
Tempe	AZ	33.415	-111.909	38	175826
Oceanside	CA	33.196	-117.379	29	175691
Salem	OR	44.943	-123.035	29	175535
Garden Grove	CA	33.774	-117.941	29	175393
Oshawa	ON	43.900	-78.850	45	175383
Rancho Cucamonga	CA	34.106	-117.593	29	175236
Cape Coral	FL	26.563	-81.950	33	175229
East New York	NY	40.667	-73.882	33	173198
Sioux Falls	SD	43.544	-96.728	5	171544
Ontario	CA	34.063	-117.651	29	171214
Fort Collins	CO	40.585	-105.084	9	170924
Carolina	PR	18.381	-65.957	39	170404
Springfield	MO	37.215	-93.298	5	170188
Hollywood	CA	34.098	-118.327	29	167664
Elk Grove	CA	38.409	-121.372	29	166913
Clarksville	TN	36.530	-87.359	5	166722
Pembroke Pines	FL	26.003	-80.224	33	166611
Greater Sudbury	ON	46.490	-80.990	45	166004
Deer Valley	AZ	33.684	-112.135	38	165656
Murfreesboro	TN	35.846	-86.390	5	165430
Port Saint Lucie	FL	27.294	-80.350	33	164603
Corona	CA	33.875	-117.566	29	164226
McKinney	TX	33.198	-96.615	5	162898
Lancaster	CA	34.698	-118.137	29	161103
Cary	NC	35.792	-78.781	33	159769
Alexandria	VA	38.805	-77.047	33	159467
Newton	BC	49.133	-122.850	46	159390
Tempe Junction	AZ	33.414	-111.943	38	158368
Palmdale	CA	34.579	-118.116	29	158351
Hayward	CA	37.669	-122.081	29	158289
Salinas	CA	36.678	-121.656	29	157380
Sunnyvale	CA	37.369	-122.036	29	155805
Frisco	TX	33.151	-96.824	5	154407
Springfield	MA	42.101	-72.590	33	154341
East Chattanooga	TN	35.065	-85.249	33	154024
Pasadena	TX	29.691	-95.209	5	153784
Jackson	MS	32.299	-90.185	5	153701
Pomona	CA	34.055	-117.752	29	153266
Kansas City	KS	39.114	-94.627	5	152933
Washington Heights	NY	40.850	-73.935	33	152613
Lakewood	CO	39.705	-105.081	9	152597
Escondido	CA	33.119	-117.086	29	151038
Astoria	NY	40.772	-73.930	33	150165
Gloucester	ON	45.350	-75.633	45	150012
Hollywood	FL	26.011	-80.149	33	149728
Borough Park	NY	40.634	-73.997	33	149248
Saguenay	QC	48.417	-71.066	45	148886
Coquitlam	BC	49.285	-122.782	46	148625
Valencia	CA	34.444	-118.610	29	148456
Rockford	IL	42.271	-89.094	5	148278
East Hampton	VA	37.037	-76.332	33	147993
Joliet	IL	41.525	-88.083	5	147861
Barrie	ON	44.400	-79.666	45	147829
Savannah	GA	32.084	-81.100	33	147780
Paterson	NJ	40.917	-74.172	33	147754
Bridgeport	CT	41.179	-73.189	33	147629
Naperville	IL	41.786	-88.147	5	147100
Rosemont–La Petite-Patrie	QC	45.537	-73.607	45	146501
Gainesville	FL	29.652	-82.325	33	145214
Villeray–Saint-Michel–Parc-Extension	QC	45.559	-73.605	45	144814
Mesquite	TX	32.767	-96.599	5	144788
Kelowna	BC	49.883	-119.486	46	144576
Trois-Rivières	QC	46.345	-72.548	45	144472
Syracuse	NY	43.048	-76.147	33	144142
Guelph	ON	43.546	-80.256	45	143740
Torrance	CA	33.836	-118.341	29	143592
Lévis	QC	46.803	-71.178	45	143414
Surprise	AZ	33.631	-112.333	38	143148
Mercier–Hochelaga-Maisonneuve	QC	45.572	-73.546	45	142753
Metairie Terrace	LA	29.979	-90.164	5	142489
Columbia	SC	34.001	-81.035	33	142416
Pasadena	CA	34.148	-118.145	29	142250
Abbotsford	BC	49.058	-122.253	46	141397
Orange	CA	33.788	-117.853	29	140992
Fullerton	CA	33.870	-117.925	29	140847
Killeen	TX	31.117	-97.728	5	140806
McAllen	TX	26.203	-98.230	5	140269
Bellevue	WA	47.610	-122.201	29	139820
Whitby	ON	43.883	-78.933	45	138501
Metairie	LA	29.984	-90.153	5	138481
Ponce	PR	18.010	-66.624	39	137491
Hampton	VA	37.030	-76.345	33	137148
Miramar	FL	25.987	-80.232	33	137132
St. Catharines	ON	43.171	-79.243	45	136803
Van Nuys	CA	34.187	-118.449	29	136443
West Valley City	UT	40.692	-112.001	9	136208
Dayton	OH	39.759	-84.192	33	135512
Ahuntsic-Cartierville	QC	45.567	-73.667	45	135336
Le Vieux-Longueuil	QC	45.537	-73.508	45	135218
Olathe	KS	38.881	-94.819	5	134305
Warren	MI	42.490	-83.013	10	134056
Thornton	CO	39.868	-104.972	9	133451
Carrollton	TX	32.954	-96.890	5	133168
Milton	ON	43.517	-79.883	45	132979
Charleston	SC	32.776	-79.933	33	132609
Langley	BC	49.101	-122.659	46	132603
Midland	TX	31.997	-102.078	5	132524
Kingston	ON	44.230	-76.481	45	132485
Waco	TX	31.549	-97.147	5	132356
Sterling Heights	MI	42.580	-83.030	10	132052
Denton	TX	33.215	-97.133	5	131044
Cedar Rapids	IA	42.008	-91.644	5	130405
New Haven	CT	41.308	-72.928	33	130322
Roseville	CA	38.752	-121.288	29	130269
Visalia	CA	36.330	-119.292	29	130104
Cambridge	ON	43.360	-80.313	45	129920
Coral Springs	FL	26.271	-80.271	33	129485
Sherbrooke	QC	45.400	-71.899	45	129447
Thousand Oaks	CA	34.171	-118.838	29	129339
Columbia	MO	38.952	-92.334	5	129330
Elizabeth	NJ	40.664	-74.211	33	129007
Stamford	CT	41.053	-73.539	33	128874
Concord	CA	37.978	-122.031	29	128667
Norman	OK	35.223	-97.439	5	128026
Alhambra	AZ	33.498	-112.134	38	127764
Athens	GA	33.961	-83.378	33	127315
Kent	WA	47.381	-122.235	29	126952
Simi Valley	CA	34.269	-118.781	29	126788
East Los Angeles	CA	34.024	-118.172	29	126496
Santa Clara	CA	37.354	-121.955	29	126215
Sunset Park	NY	40.645	-74.012	33	126000
Topeka	KS	39.048	-95.678	5	125963
Orléans	ON	45.457	-75.504	45	125937
Abilene	TX	32.449	-99.733	5	125182
Ottawa South	ON	45.392	-75.687	45	125090
Koreatown	CA	34.058	-118.301	29	124281
Sheepshead Bay	NY	40.591	-73.945	33	122534
Amherst	NY	42.978	-78.800	33	122366
Victorville	CA	34.536	-117.291	29	122225
Vallejo	CA	38.104	-122.257	29	121692
Lafayette	LA	30.224	-92.020	5	121374
Chico	CA	39.728	-121.837	29	121345
North Stamford	CT	41.138	-73.543	33	121230
Hartford	CT	41.764	-72.685	33	121054
Berkeley	CA	37.872	-122.273	29	120972
West Palm Beach	FL	26.715	-80.053	33	120932
Allentown	PA	40.608	-75.490	33	120207
Saint-Louis-de-Terrebonne	QC	45.702	-73.787	45	119944
Evansville	IN	37.975	-87.556	5	119943
Palm Bay	FL	28.034	-80.589	33	119760
Ajax	ON	43.850	-79.033	45	119677
Fargo	ND	46.877	-96.790	5	118523
Saanich	BC	48.550	-123.369	46	117735
Clearwater	FL	27.966	-82.800	33	117292
Independence	MO	39.091	-94.416	5	117255
Billings	MT	45.783	-108.501	9	117116
Ann Arbor	MI	42.278	-83.741	10	117070
El Monte	CA	34.069	-118.028	29	116732
Harlem	NY	40.808	-73.945	33	116345
Westminster	CO	39.837	-105.037	9	116317
Round Rock	TX	30.508	-97.679	5	115997
Wilmington	NC	34.236	-77.946	33	115933
East Harlem	NY	40.795	-73.942	33	115921
Arvada	CO	39.803	-105.087	9	115368
Beaumont	TX	30.086	-94.102	5	115282
Provo	UT	40.234	-111.659	9	115162
Peoria	IL	40.694	-89.589	5	115070
Carlsbad	CA	33.158	-117.351	29	114746
Odessa	TX	31.846	-102.368	5	114428
Springfield	IL	39.802	-89.644	5	114394
Downey	CA	33.940	-118.133	29	114219
Rivière-des-Prairies–Pointe-aux-Trembles	QC	45.641	-73.585	45	113868
Elmhurst	NY	40.736	-73.878	33	113364
Costa Mesa	CA	33.641	-117.919	29	113204
Miami Gardens	FL	25.942	-80.246	33	113187
North Peoria	IL	40.718	-89.584	5	113004
Fairfield	CA	38.249	-122.040	29	112970
Lansing	MI	42.733	-84.556	10	112644
Bushwick	NY	40.694	-73.919	33	112620
Gravesend	NY	40.598	-73.965	33	112229
Rochester	MN	44.022	-92.470	5	112225
Elgin	IL	42.037	-88.281	5	112111
West Jordan	UT	40.610	-111.939	9	111946
Inglewood	CA	33.962	-118.353	29	111666
Terrebonne	QC	45.700	-73.647	45	111575
Tuscaloosa	AL	33.210	-87.569	5	111338
Sainte-Foy	QC	46.781	-71.292	45	111300
Richardson	TX	32.948	-96.730	5	110815
Lowell	MA	42.633	-71.316	33	110699
East Independence	MO	39.096	-94.355	5	110675
Gresham	OR	45.498	-122.431	29	110553
Antioch	CA	38.005	-121.806	29	110542
St. John's	NL	47.565	-52.709	43	110525
Cambridge	MA	42.375	-71.106	33	110402
High Point	NC	35.956	-80.005	33	110268
Manchester	NH	42.996	-71.455	33	110229
Temecula	CA	33.494	-117.148	29	110003
Murrieta	CA	33.554	-117.214	29	109830
Centennial	CO	39.579	-104.877	9	109741
Richmond	CA	37.936	-122.348	29	109708
Corona	NY	40.747	-73.860	33	109698
Pueblo	CO	38.254	-104.609	9	109412
Thunder Bay	ON	48.382	-89.250	45	108843
Pearland	TX	29.564	-95.286	5	108821
Waterbury	CT	41.558	-73.052	33	108802
Greeley	CO	40.423	-104.709	9	108795
West Covina	CA	34.069	-117.939	29	108484
Enterprise	NV	36.025	-115.242	29	108481
La Cité-Limoilou	QC	46.829	-71.226	45	108415
North Charleston	SC	32.855	-79.975	33	108304
Everett	WA	47.979	-122.202	29	108010
College Station	TX	30.628	-96.334	5	107889
Pompano Beach	FL	26.238	-80.125	33	107762
South Fulton	GA	33.593	-84.673	33	107436
Norwalk	CA	33.902	-118.082	29	107140
Boulder	CO	40.015	-105.271	9	106803
Broken Arrow	OK	36.053	-95.791	5	106563
Daly City	CA	37.706	-122.462	29	106562
Sydney	NS	46.135	-60.183	13	105968
Le Plateau-Mont-Royal	QC	45.528	-73.581	45	105813
Sandy Springs	GA	33.924	-84.379	33	105330
Burbank	CA	34.181	-118.309	29	105319
Green Bay	WI	44.519	-88.020	5	105207
Santa Maria	CA	34.953	-120.436	29	105093
Universal City	CA	34.139	-118.353	29	105000
Waterloo	ON	43.467	-80.516	45	104986
Ville-Marie	QC	45.499	-73.570	45	104944
Wichita Falls	TX	33.914	-98.493	5	104710
Brantford	ON	43.133	-80.266	45	104688
Kamloops	BC	50.666	-120.319	46	104460
Lakeland	FL	28.039	-81.950	33	104401
Clovis	CA	36.825	-119.703	29	104180
Lewisville	TX	33.046	-96.994	5	104039
Tyler	TX	32.351	-95.301	5	103700
El Cajon	CA	32.795	-116.963	29	103679
San Mateo	CA	37.563	-122.326	29	103536
Brandon	FL	27.938	-82.286	33	103483
Lethbridge	AB	49.700	-112.819	11	103197
Rialto	CA	34.106	-117.370	29	103132
Davenport	IA	41.524	-90.578	5	102582
Whalley	BC	49.179	-122.867	46	102555
Edison	NJ	40.519	-74.412	33	102548
Hillsboro	OR	45.523	-122.990	29	102347
Delta	BC	49.089	-123.053	46	101668
Las Cruces	NM	32.312	-106.778	9	101643
South Bend	IN	41.683	-86.250	16	101516
Chilliwack	BC	49.166	-121.953	46	101491
Dartmouth	NS	44.671	-63.577	15	101343
Albany	NY	42.653	-73.756	33	101228
New Bedford	MA	41.635	-70.927	33	101079
Vista	CA	33.200	-117.243	29	100890
Davie	FL	26.063	-80.233	33	100882
Red Deer	AB	52.267	-113.802	11	100844
Chinatown	CA	37.797	-122.409	29	100574
Renton	WA	47.483	-122.217	29	100242
Roanoke	VA	37.271	-79.941	33	100011
San Angelo	TX	31.464	-100.437	5	99893
Kenosha	WI	42.585	-87.821	5	99858
Niagara Falls	ON	43.100	-79.066	45	99818
Clinton Township	MI	42.587	-82.920	10	99753
Columbia	MD	39.240	-76.839	33	99615
Erie	PA	42.129	-80.085	33	99475
Portsmouth Heights	VA	36.821	-76.369	33	99049
Richmond Hill	NY	40.700	-73.831	33	98984
Saint-Laurent	QC	45.500	-73.666	45	98828
Alief	TX	29.711	-95.596	5	98725
Spring Hill	FL	28.477	-82.525	33	98621
Compton	CA	33.896	-118.220	29	98462
League City	TX	29.507	-95.095	5	98312
Flint	MI	43.013	-83.687	10	98310
Allen	TX	33.103	-96.671	5	98143
Saint-Jean-sur-Richelieu	QC	45.307	-73.263	45	98036
Dorchester	MA	42.297	-71.075	33	97826
Mission Viejo	CA	33.600	-117.672	29	97156
Vacaville	CA	38.357	-121.988	29	96803
Ventura	CA	34.278	-119.293	29	96769
Highlands Ranch	CO	39.554	-104.969	9	96713
Lawton	OK	34.609	-98.390	5	96655
Beaverton	OR	45.487	-122.804	29	96577
South Gate	CA	33.955	-118.212	29	96401
Portsmouth	VA	36.835	-76.298	33	96201
Sparks	NV	39.535	-119.753	29	96094
Yuma	AZ	32.725	-114.624	38	95548
Brockton	MA	42.083	-71.018	33	95314
Dearborn	MI	42.322	-83.176	10	95171
Federal Way	WA	47.322	-122.313	29	95171
Lee's Summit	MO	38.911	-94.382	5	95094
Asheville	NC	35.601	-82.554	33	95056
Spokane Valley	WA	47.673	-117.239	29	94919
Fordham	NY	40.859	-73.898	33	94678
Livonia	MI	42.368	-83.353	10	94635
Roswell	GA	34.023	-84.362	33	94501
Orem	UT	40.297	-111.695	9	94457
Chomedey	QC	45.533	-73.750	45	94030
Fall River	MA	41.701	-71.155	33	94000
Lawrence	KS	38.972	-95.235	5	93917
The Woodlands	TX	30.158	-95.489	5	93847
West Albany	NY	42.683	-73.778	33	93794
Yakima	WA	46.602	-120.506	29	93701
Quincy	MA	42.253	-71.002	33	93618
Flatbush	NY	40.652	-73.959	33	93361
Hesperia	CA	34.426	-117.301	29	93295
Carson	CA	33.831	-118.282	29	93281
Boca Raton	FL	26.359	-80.083	33	93235
Santa Monica	CA	34.019	-118.491	29	93220
San Marcos	CA	33.143	-117.166	29	92931
Boyle Heights	CA	34.034	-118.205	29	92785
Plantation	FL	26.134	-80.232	33	92560
Lynn	MA	42.467	-70.949	33	92457
Miami Beach	FL	25.791	-80.130	33	92312
Arden-Arcade	CA	38.602	-121.379	29	92186
Westminster	CA	33.759	-118.007	29	92114
Longmont	CO	40.167	-105.102	9	92088
Santa Barbara	CA	34.421	-119.698	29	91842
Pickering	ON	43.900	-79.133	45	91771
Redding	CA	40.587	-122.392	29	91582
Macon	GA	32.841	-83.632	33	91351
Newmarket	ON	44.050	-79.466	45	91034
Meridian	ID	43.612	-116.392	3	90739
San Leandro	CA	37.725	-122.156	29	90712
Greenville	NC	35.613	-77.366	33	90597
Nanaimo	BC	49.166	-123.940	46	90504
Edmond	OK	35.653	-97.478	5	90092
Airdrie	AB	51.300	-114.035	11	90044
Kanata	ON	45.300	-75.916	45	90000
Chinatown	NY	40.716	-73.996	33	90000
Nampa	ID	43.541	-116.563	3	89839
Trenton	NJ	40.217	-74.743	33	89620
Sandy Hills	UT	40.581	-111.851	9	89575
Newton	MA	42.337	-71.209	33	88817
Toms River	NJ	39.954	-74.198	33	88791
Carmel	IN	39.978	-86.118	16	88713
Norwalk	CT	41.118	-73.408	33	88485
Waukegan	IL	42.364	-87.845	5	88475
Deltona	FL	28.901	-81.264	33	88474
La Haute-Saint-Charles	QC	46.890	-71.372	45	88460
Hawthorne	CA	33.916	-118.353	29	88451
Fort Smith	AR	35.386	-94.399	5	88194
North Vancouver	BC	49.316	-123.069	46	88168
Suffolk	VA	36.728	-76.585	33	88161
Sugar Land	TX	29.620	-95.635	5	88156
Livermore	CA	37.682	-121.768	29	88126
Nashua	NH	42.765	-71.468	33	87970
Reading	PA	40.336	-75.927	33	87879
Arecibo	PR	18.472	-66.716	39	87754
Concord	NC	35.409	-80.582	33	87696
Indio	CA	33.721	-116.217	29	87533
Rio Rancho	NM	35.233	-106.664	9	87521
Enchanted Hills	NM	35.337	-106.593	9	87521
Santa Fe	NM	35.687	-105.938	9	87505
Sandy	UT	40.592	-111.884	9	87461
Whittier	CA	33.979	-118.033	29	87438
Canarsie	NY	40.644	-73.901	33	87366
Kirkland	WA	47.681	-122.209	29	87281
Menifee	CA	33.728	-117.146	29	87174
Newport Beach	CA	33.619	-117.929	29	87127
Tracy	CA	37.740	-121.426	29	87075
Citrus Heights	CA	38.707	-121.281	29	87056
Bend	OR	44.058	-121.315	29	87014
Montréal-Nord	QC	45.602	-73.631	45	86857
Canton	MI	42.309	-83.482	10	86825
Caguas	PR	18.234	-66.049	39	86804
Lehigh Acres	FL	26.625	-81.625	33	86784
Greenburgh	NY	41.033	-73.843	33	86764
Bloomington	MN	44.841	-93.298	5	86435
West Town	IL	41.894	-87.675	5	86429
Germantown	MD	39.173	-77.272	33	86395
Le Sud-Ouest	QC	45.472	-73.590	45	86347
Clifton	NJ	40.858	-74.164	33	86334
Duluth	MN	46.783	-92.107	5	86110
Moncton	NB	46.095	-64.796	32	86106
Champaign	IL	40.116	-88.243	5	86096
Peterborough	ON	44.300	-78.316	45	85807
Near North Side	IL	41.900	-87.635	5	85711
Chino	CA	34.012	-117.689	29	85595
Alhambra	CA	34.095	-118.127	29	85551
Ogden	UT	41.223	-111.974	9	85444
Redwood City	CA	37.485	-122.236	29	85288
Bellingham	WA	48.760	-122.488	29	85146
O'Fallon	MO	38.811	-90.700	5	85040
Repentigny	QC	45.742	-73.450	45	84965
Hoover	AL	33.405	-86.811	5	84848
Melbourne	FL	28.084	-80.608	33	84678
Danbury	CT	41.395	-73.454	33	84657
East Norwalk	CT	41.106	-73.398	33	84530
Edinburg	TX	26.302	-98.163	5	84497
Sunrise	FL	26.134	-80.113	33	84439
Bloomington	IN	39.165	-86.526	16	84067
Cicero	IL	41.846	-87.754	5	83886
Hemet	CA	33.748	-116.973	29	83861
San Pedro	CA	33.736	-118.292	29	83556
Ahwatukee Foothills	AZ	33.342	-111.984	38	83464
Johns Creek	GA	34.029	-84.199	33	83335
Mission	TX	26.216	-98.325	5	83298
Troy	MI	42.606	-83.150	10	83280
Buena Park	CA	33.868	-117.998	29	83270
Mid-City	CA	34.041	-118.361	29	83000
Palm Coast	FL	29.585	-81.208	33	82893
Charlesbourg	QC	46.899	-71.305	45	82870
Fayetteville	AR	36.063	-94.157	5	82830
Sioux City	IA	42.500	-96.400	5	82821
Saint-Hubert	QC	45.500	-73.416	45	82548
Lake Forest	CA	33.647	-117.689	29	82492
Merced	CA	37.302	-120.483	29	82436
Longview	TX	32.501	-94.740	5	82287
Maple Ridge	BC	49.219	-122.602	46	82256
Bryan	TX	30.674	-96.370	5	82118
Westland	MI	42.324	-83.400	10	82000
Warwick	RI	41.700	-71.416	33	81699
Lakewood	CA	33.854	-118.134	29	81611
Beauport	QC	46.859	-71.192	45	81425
Guaynabo	PR	18.357	-66.111	39	81360
Farmington Hills	MI	42.485	-83.377	10	81330
San Tan Valley	AZ	33.191	-111.528	38	81321
Mount Pleasant	SC	32.794	-79.863	33	81317
Cranston	RI	41.780	-71.437	33	81073
Largo	FL	27.910	-82.788	33	81000
East Hastings	BC	49.272	-123.062	46	80740
Homestead	FL	25.469	-80.478	33	80737
South Suffolk	VA	36.717	-76.590	33	80690
Avondale	AZ	33.436	-112.350	38	80684
Tustin	CA	33.746	-117.826	29	80583
Mountain View	CA	37.386	-122.084	29	80435
Napa	CA	38.297	-122.286	29	80434
Somerville	MA	42.388	-71.100	33	80318
Kendall	FL	25.679	-80.317	33	80241
Lawrence	MA	42.707	-71.163	33	80231
Parma	OH	41.405	-81.723	33	79937
New Rochelle	NY	40.911	-73.782	33	79846
Lynchburg	VA	37.414	-79.142	33	79812
Medford	OR	42.327	-122.876	29	79805
Deerfield Beach	FL	26.318	-80.100	33	79768
Sylmar	CA	34.308	-118.449	29	79614
Pleasanton	CA	37.662	-121.875	29	79510
Saint-Léonard	QC	45.588	-73.595	45	79495
Willowdale	ON	43.767	-79.399	45	79440
Belmont Cragin	IL	41.932	-87.769	5	79159
Brooklyn Park	MN	45.094	-93.356	5	79149
Goodyear	AZ	33.435	-112.358	38	79003
Prince George	BC	53.917	-122.753	46	78943
New Westminster	BC	49.207	-122.911	46	78916
Kennewick	WA	46.211	-119.137	29	78896
Alameda	CA	37.771	-122.261	29	78630
Town 'n' Country	FL	28.011	-82.577	33	78442
Bellflower	CA	33.882	-118.117	29	78441
Chino Hills	CA	33.994	-117.759	29	78309
Bloomington	IL	40.484	-88.994	5	78292
Alafaya	FL	28.564	-81.211	33	78113
Springdale	AR	36.187	-94.129	5	77859
Racine	WI	42.726	-87.783	5	77742
Hammond	IN	41.583	-87.500	5	77614
Milpitas	CA	37.428	-121.907	29	77604
South Surrey	BC	49.050	-122.792	46	77170
Gary	IN	41.593	-87.346	5	77156
Scranton	PA	41.409	-75.665	33	77118
Baldwin Park	CA	34.085	-117.961	29	77071
Auburn	WA	47.307	-122.228	29	77006
Les Rivières	QC	46.818	-71.272	45	77000
Fishers	IN	39.956	-86.014	16	76794
Saint Joseph	MO	39.769	-94.847	5	76780
Caledon	ON	43.865	-79.993	45	76581
Pharr	TX	26.195	-98.184	5	76538
Upland	CA	34.098	-117.648	29	76443
Stoney Creek	ON	43.217	-79.766	45	76382
Folsom	CA	38.678	-121.176	29	76375
Baytown	TX	29.735	-94.977	5	76335
San Ramon	CA	37.780	-121.978	29	76134
Camden	NJ	39.926	-75.120	33	76119
Lake Charles	LA	30.213	-93.204	5	76070
Kalamazoo	MI	42.292	-85.587	10	76041
Brick	NJ	40.059	-74.137	33	76021
Arlington Heights	IL	42.088	-87.981	5	75926
Plymouth	MN	45.011	-93.456	5	75907
South Ozone Park	NY	40.670	-73.819	33	75878
Doral	FL	25.820	-80.355	33	75874
Waterford	MI	42.693	-83.412	10	75737
Evanston	IL	42.041	-87.690	5	75527
Manteca	CA	37.797	-121.216	29	75448
Wyoming	MI	42.913	-85.705	10	75275
Trujillo Alto	PR	18.355	-66.007	39	75243
Loveland	CO	40.398	-105.075	9	75182
Cheektowaga	NY	42.903	-78.755	33	75178
Kings Bridge	NY	40.879	-73.905	33	75132
Bismarck	ND	46.808	-100.784	5	75092
Perris	CA	33.783	-117.229	29	74971
Bethlehem	PA	40.626	-75.370	33	74892
Albany	GA	31.579	-84.156	33	74843
Schaumburg	IL	42.033	-88.083	5	74693
Gastonia	NC	35.262	-81.187	33	74543
Brownsville	NY	40.661	-73.920	33	74497
Union City	CA	37.596	-122.019	29	74494
Bolingbrook	IL	41.699	-88.068	5	74306
Iowa City	IA	41.661	-91.530	5	74220
Layton	UT	41.060	-111.971	9	74143
Missouri City	TX	29.619	-95.538	5	74139
Appleton	WI	44.262	-88.415	5	74139
Shelby	MI	42.671	-83.033	10	74099
Fort Myers	FL	26.622	-81.841	33	74013
Boynton Beach	FL	26.525	-80.066	33	73966
Jonesboro	AR	35.842	-90.704	5	73907
South Lawndale	IL	41.844	-87.713	5	73826
Logan Square	IL	41.923	-87.699	5	73702
Rapid City	SD	44.081	-103.231	9	73569
Warner Robins	GA	32.616	-83.627	33	73490
Rochester Hills	MI	42.658	-83.150	10	73424
Cloverdale	BC	49.108	-122.728	46	73355
Decatur	IL	39.840	-88.955	5	73254
Pierrefonds-Roxboro	QC	45.502	-73.842	45	73194
Southfield	MI	42.473	-83.222	10	73156
Mayagüez	PR	18.201	-67.140	39	73077
Saint George	UT	37.104	-113.584	9	72897
New Britain	CT	41.661	-72.780	33	72808
Daytona Beach	FL	29.211	-81.023	33	72647
Franklin	TN	35.925	-86.869	5	72639
Nutana Sector	SK	52.100	-106.637	41	72564
Turlock	CA	37.495	-120.847	29	72292
Temple	TX	31.098	-97.343	5	72277
West Ridge	IL	42.000	-87.693	5	72211
Apple Valley	CA	34.501	-117.186	29	72174
Sarnia	ON	42.979	-82.404	45	72125
Sault Ste. Marie	ON	46.517	-84.333	45	72051
Lynwood	CA	33.930	-118.211	29	71989
Waukesha	WI	43.012	-88.231	5	71970
Canton	OH	40.799	-81.378	33	71885
Gulfport	MS	30.367	-89.093	5	71856
Saint John	NB	45.271	-66.056	32	71808
Pawtucket	RI	41.879	-71.383	33	71591
Lauderhill	FL	26.140	-80.213	33	71579
Rock Hill	SC	34.925	-81.025	33	71548
Silver Spring	MD	38.991	-77.026	33	71452
West Gulfport	MS	30.404	-89.094	5	71329
Flower Mound	TX	33.015	-97.097	5	71253
Centreville	VA	38.840	-77.429	33	71135
Lafayette	IN	40.417	-86.875	16	71111
Passaic	NJ	40.857	-74.128	33	71085
Riverview	FL	27.866	-82.326	33	71050
Redlands	CA	34.056	-117.183	29	71035
Missoula	MT	46.872	-113.994	9	71022
Rancho Cordova	CA	38.589	-121.303	29	71017
Wilmington	DE	39.746	-75.547	33	70898
Sherwood Park	AB	53.517	-113.319	11	70618
New Braunfels	TX	29.703	-98.124	5	70543
Cherry Hill	NJ	39.935	-75.031	33	70475
Grande Prairie	AB	55.167	-118.803	11	70385
Flagstaff	AZ	35.198	-111.651	38	70320
Confederation	SK	52.139	-106.704	41	70192
Muncie	IN	40.193	-85.386	16	70087
Mira Mesa	CA	32.916	-117.144	29	70000
Woodland Hills	CA	34.168	-118.606	29	70000
Weston	FL	26.100	-80.400	33	69959
Brossard	QC	45.450	-73.466	45	69575
Frederick	MD	39.414	-77.411	33	69479
Pasco	WA	46.240	-119.101	29	69451
Pittsburg	CA	38.028	-121.885	29	69424
Ridgewood	NY	40.700	-73.906	33	69317
Palatine	IL	42.110	-88.034	5	69308
Verdun	QC	45.460	-73.571	45	69229
North Richland Hills	TX	32.834	-97.229	5	69204
Union City	NJ	40.780	-74.024	33	69156
Kissimmee	FL	28.305	-81.417	33	69152
Chicoutimi	QC	48.420	-71.064	45	69004
Walnut Creek	CA	37.906	-122.065	29	68910
Cordova	TN	35.156	-89.776	5	68779
Mount Vernon	NY	40.913	-73.837	33	68628
Conroe	TX	30.312	-95.456	5	68602
Dothan	AL	31.223	-85.390	5	68567
Northridge	CA	34.228	-118.537	29	68469
Waterloo	IA	42.493	-92.343	5	68460
Maple Grove	MN	45.072	-93.456	5	68385
Framingham	MA	42.279	-71.416	33	68318
Redondo Beach	CA	33.849	-118.388	29	68166
Notre-Dame-de-Grâce	QC	45.477	-73.614	45	68152
Bossier City	LA	32.516	-93.732	5	68094
Yorba Linda	CA	33.889	-117.813	29	67973
Woodbury	MN	44.924	-92.959	5	67855
Eau Claire	WI	44.811	-91.498	5	67778
Waldorf	MD	38.625	-76.939	33	67752
Forest Hills	NY	40.716	-73.850	33	67714
Davis	CA	38.545	-121.741	29	67666
Glen Burnie	MD	39.163	-76.625	33	67639
Camarillo	CA	34.216	-119.038	29	67608
Victoria	TX	28.805	-97.004	5	67574
Gaithersburg	MD	39.143	-77.201	33	67456
Jacksonville	NC	34.754	-77.430	33	67357
South San Francisco	CA	37.655	-122.408	29	67271
Kenner	LA	29.994	-90.242	5	67091
Jackson Heights	NY	40.756	-73.885	33	67067
Rockville	MD	39.084	-77.153	33	66980
Jackson	TN	35.615	-88.814	5	66975
Lincoln Park	IL	41.922	-87.648	5	66959
Yuba City	CA	39.140	-121.617	29	66941
Portland	ME	43.657	-70.259	33	66881
Palo Alto	CA	37.442	-122.143	29	66853
Casas Adobes	AZ	32.323	-110.995	38	66795
Marysville	WA	48.052	-122.177	29	66773
South Jordan	UT	40.562	-111.930	9	66648
Fort McMurray	AB	56.727	-111.381	11	66573
Oshkosh	WI	44.025	-88.543	5	66555
North Little Rock	AR	34.770	-92.267	5	66504
Bayside	NY	40.768	-73.777	33	66455
Bayonne	NJ	40.669	-74.114	33	66311
Eagan	MN	44.804	-93.167	5	66286
Delray Beach	FL	26.461	-80.073	33	66255
Granby	QC	45.400	-72.732	45	66222
Johnson City	TN	36.313	-82.353	33	66027
Dale City	VA	38.637	-77.311	33	65969
Cedar Park	TX	30.505	-97.820	5	65945
Waterfront Communities-The Island	ON	43.634	-79.377	45	65913
Parkchester	NY	40.839	-73.860	33	65876
Atascocita	TX	29.999	-95.177	5	65844
Saint Cloud	MN	45.561	-94.162	5	65842
Ellicott City	MD	39.267	-76.798	33	65834
Laguna Niguel	CA	33.523	-117.708	29	65806
Saint Charles	MO	38.784	-90.481	5	65794
Harlingen	TX	26.191	-97.696	5	65774
Fleetwood	BC	49.167	-122.800	46	65565
San Clemente	CA	33.427	-117.612	29	65526
West Lynchburg	VA	37.403	-79.178	33	65517
Middletown	NJ	40.394	-74.117	33	65490
Fort Garry South	MB	49.792	-97.164	48	65420
Framingham Center	MA	42.297	-71.437	33	65413
Schenectady	NY	42.814	-73.940	33	65305
Cheyenne	WY	41.140	-104.820	9	65132
Broomfield	CO	39.921	-105.087	9	65065
Ames	IA	42.035	-93.620	5	65060
Park Slope	NY	40.670	-73.986	33	65047
Shawnee	KS	39.042	-94.720	5	65046
Reseda	CA	34.201	-118.536	29	65000
Guildford	BC	49.192	-122.800	46	64985
Conway	AR	35.089	-92.442	5	64980
East Orange	NJ	40.767	-74.205	33	64949
Portage Park	IL	41.958	-87.765	5	64841
Skokie	IL	42.033	-87.733	5	64821
West Bloomfield Township	MI	42.569	-83.384	10	64690
Tamarac	FL	26.213	-80.250	33	64681
Youngstown	OH	41.100	-80.650	33	64628
Lodi	CA	38.130	-121.272	29	64596
North Hollywood	CA	34.172	-118.379	29	64587
Greenville	SC	34.853	-82.394	33	64579
Celina	TX	33.325	-96.784	5	64427
Mansfield	TX	32.563	-97.142	5	64274
Santa Cruz	CA	36.974	-122.031	29	64220
Pico Rivera	CA	33.983	-118.097	29	64218
Madera	CA	36.961	-120.061	29	64208
Janesville	WI	42.683	-89.019	5	64123
West Des Moines	IA	41.577	-93.711	5	64113
Montebello	CA	34.009	-118.105	29	63921
Georgetown	TX	30.633	-97.677	5	63716
Hull	QC	45.428	-75.711	45	63702
Alpharetta	GA	34.075	-84.294	33	63693
Lorain	OH	41.453	-82.182	33	63647
Bowling Green	KY	36.990	-86.444	5	63616
Flatlands	NY	40.621	-73.935	33	63601
Dundalk	MD	39.251	-76.521	33	63597
Eden Prairie	MN	44.855	-93.471	5	63496
North Bergen	NJ	40.804	-74.012	33	63484
Florence-Graham	CA	33.968	-118.244	29	63387
Waltham	MA	42.376	-71.236	33	63378
West Hartford	CT	41.762	-72.742	33	63268
Rogers	AR	36.332	-94.119	5	63159
Medicine Hat	AB	50.039	-110.677	11	63138
Fredericton	NB	45.945	-66.666	32	63116
Carol City	FL	25.941	-80.246	33	63031
Halton Hills	ON	43.640	-79.931	45	62951
Encinitas	CA	33.037	-117.292	29	62930
Brighouse-City Centre	BC	49.167	-123.133	46	62855
East Village	NY	40.729	-73.987	33	62832
Haverhill	MA	42.776	-71.077	33	62765
Jupiter	FL	26.934	-80.094	33	62707
Council Bluffs	IA	41.262	-95.861	5	62597
Wellington	FL	26.659	-80.241	33	62560
West Coon Rapids	MN	45.160	-93.350	5	62528
North Miami	FL	25.890	-80.187	33	62435
Hamilton	OH	39.400	-84.561	33	62407
North Port	FL	27.044	-82.236	33	62345
Tulare	CA	36.208	-119.347	29	62315
Coon Rapids	MN	45.120	-93.288	5	62240
Millcreek	UT	40.687	-111.875	9	62139
La Habra	CA	33.932	-117.946	29	62131
Blaine	MN	45.161	-93.235	5	62124
Auburn	AL	32.610	-85.481	5	62059
Downtown Vancouver	BC	49.283	-123.119	46	62030
Lake Elsinore	CA	33.668	-117.327	29	61981
Carmichael	CA	38.617	-121.328	29	61762
Taylor	MI	42.241	-83.270	10	61568
Burnsville	MN	44.768	-93.278	5	61481
Monterey Park	CA	34.063	-118.123	29	61468
Castro Valley	CA	37.694	-122.086	29	61388
Irvington	NJ	40.732	-74.235	33	61323
Rocklin	CA	38.791	-121.236	29	61213
Utica	NY	43.101	-75.233	33	61100
Malden	MA	42.425	-71.066	33	61068
National City	CA	32.678	-117.099	29	61060
Financial District	NY	40.708	-74.009	33	60976
Springfield	OR	44.046	-123.022	29	60870
Bethesda	MD	38.981	-77.100	33	60858
Norfolk County	ON	42.833	-80.383	45	60847
Terre Haute	IN	39.467	-87.414	16	60825
Vineland	NJ	39.486	-75.026	33	60818
West Hollywood	FL	26.021	-80.184	33	60806
North Delta	BC	49.167	-122.917	46	60769
San Marcos	TX	29.883	-97.941	5	60684
Brentwood	NY	40.781	-73.246	33	60664
Lakeville	MN	44.650	-93.243	5	60633
West Allis	WI	43.017	-88.007	5	60620
Redmond	WA	47.674	-122.122	29	60598
Canoga Park	CA	34.201	-118.598	29	60578
Cupertino	CA	37.323	-122.032	29	60572
Taylorsville	UT	40.668	-111.939	9	60514
Bristol	CT	41.672	-72.949	33	60452
Moore	OK	35.340	-97.487	5	60451
Gardena	CA	33.888	-118.309	29	60447
Petaluma	CA	38.232	-122.637	29	60438
Bensalem	PA	40.105	-74.951	33	60427
Grand Junction	CO	39.064	-108.551	9	60358
Casper	WY	42.867	-106.313	9	60285
Rowlett	TX	32.903	-96.564	5	60236
La Mesa	CA	32.768	-117.023	29	60089
Pine Hills	FL	28.558	-81.453	33	60076
Bensonhurst	NY	40.602	-73.994	33	60000
Coney Island	NY	40.578	-73.994	33	60000
Rancho Penasquitos	CA	32.959	-117.115	29	60000
Valley Glen	CA	34.186	-118.420	29	60000
Meriden	CT	41.538	-72.807	33	59988
Pontiac	MI	42.639	-83.291	10	59917
Port Orange	FL	29.138	-80.996	33	59866
Hamden	CT	41.396	-72.897	33	59847
Lakewood	WA	47.172	-122.518	29	59829
Fountainebleau	FL	25.773	-80.348	33	59764
Saint Clair Shores	MI	42.497	-82.889	10	59715
Springfield	OH	39.924	-83.809	33	59680
Great Falls	MT	47.500	-111.301	9	59638
Chapel Hill	NC	35.913	-79.056	33	59568
Canyon Country	CA	34.423	-118.472	29	59530
Drummondville	QC	45.883	-72.482	45	59489
Huntington Park	CA	33.982	-118.225	29	59430
Lancaster	PA	40.038	-76.306	33	59339
Coconut Creek	FL	26.252	-80.179	33	59302
Leander	TX	30.579	-97.853	5	59202
Idaho Falls	ID	43.467	-112.034	3	59184
San Rafael	CA	37.974	-122.531	29	59162
Pierrefonds	QC	45.460	-73.893	45	59093
Noblesville	IN	40.046	-86.009	16	59093
Marietta	GA	33.953	-84.550	33	59067
Fairfield	CT	41.141	-73.264	33	59052
Owensboro	KY	37.774	-87.113	5	59042
Eastvale	CA	33.964	-117.564	29	59039
Royal Oak	MI	42.489	-83.145	10	59008
Brentwood	CA	37.932	-121.696	29	58968
Dubuque	IA	42.501	-90.665	5	58799
Brookline	MA	42.332	-71.121	33	58732
Novi	MI	42.481	-83.475	10	58723
Des Plaines	IL	42.033	-87.883	5	58677
Carson City	NV	39.164	-119.767	29	58639
Orland Park	IL	41.630	-87.854	5	58619
Bartlett	TN	35.205	-89.874	5	58579
Woodland	CA	38.679	-121.773	29	58567
Lehi	UT	40.392	-111.851	9	58486
White Plains	NY	41.034	-73.763	33	58459
Arcadia	CA	34.140	-118.035	29	58408
Reston	VA	38.969	-77.341	33	58404
Ocala	FL	29.187	-82.140	33	58218
Clay	NY	43.186	-76.172	33	58206
Central City	AZ	33.440	-112.058	38	58161
South Vineland	NJ	39.446	-75.029	33	58122
Sanford	FL	28.801	-81.273	33	58111
Bowie	MD	38.943	-76.730	33	58025
Port Coquitlam	BC	49.266	-122.769	46	58000
Kokomo	IN	40.486	-86.134	16	57995
Wayne	NJ	40.925	-74.277	33	57915
Santee	CA	32.838	-116.974	29	57787
Dublin	CA	37.702	-121.936	29	57721
St. Albert	AB	53.633	-113.635	11	57719
Palm Harbor	FL	28.078	-82.764	33	57439
Medford	MA	42.418	-71.106	33	57403
Midwest City	OK	35.450	-97.397	5	57249
Center City	PA	39.951	-75.159	33	57239
Margate	FL	26.245	-80.206	33	57234
South Whittier	CA	33.950	-118.039	29	57156
Tinley Park	IL	41.573	-87.784	5	57143
Pflugerville	TX	30.439	-97.620	5	57122
New Brunswick	NJ	40.486	-74.452	33	57035
Grand Forks	ND	47.925	-97.033	5	57011
Fountain Valley	CA	33.709	-117.954	29	56987
North Hills	CA	34.236	-118.485	29	56946
Diamond Bar	CA	34.029	-117.810	29	56897
Taunton	MA	41.900	-71.090	33	56789
Oak Lawn	IL	41.711	-87.758	5	56781
Union	NJ	40.698	-74.263	33	56771
Ankeny	IA	41.730	-93.606	5	56764
Chicopee	MA	42.149	-72.608	33	56741
Aylmer	QC	45.400	-75.806	45	56542
Irving Park	IL	41.953	-87.736	5	56520
Saint-Michel	QC	45.568	-73.622	45	56420
Berwyn	IL	41.851	-87.794	5	56368
Manhattan	KS	39.184	-96.572	5	56308
Kendale Lakes	FL	25.708	-80.407	33	56148
Smyrna	GA	33.884	-84.514	33	56146
Dearborn Heights	MI	42.337	-83.273	10	56145
Porterville	CA	36.065	-119.017	29	56058
Piscataway	NJ	40.499	-74.399	33	56044
Hendersonville	TN	36.305	-86.620	5	56018
Morningside Heights	NY	40.810	-73.963	33	55929
Rocky Mount	NC	35.938	-77.791	33	55806
Corvallis	OR	44.565	-123.262	29	55780
Olympia	WA	47.045	-122.902	29	55733
Valdosta	GA	30.833	-83.280	33	55724
Hanford	CA	36.327	-119.646	29	55659
Castle Rock	CO	39.372	-104.856	9	55591
Greenwood	IN	39.614	-86.107	16	55586
Chicago Lawn	IL	41.775	-87.696	5	55551
Hempstead	NY	40.706	-73.619	33	55547
Novato	CA	38.107	-122.570	29	55530
Kettering	OH	39.690	-84.169	33	55525
Bellevue	NE	41.137	-95.891	5	55510
Aurora	ON	44.000	-79.466	45	55445
Shoreline	WA	47.756	-122.342	29	55439
Decatur	AL	34.606	-86.983	5	55437
Paramount	CA	33.889	-118.160	29	55412
Port Arthur	TX	29.885	-93.942	5	55340
Abington	PA	40.121	-75.118	33	55310
Anderson	IN	40.105	-85.680	16	55305
Tamiami	FL	25.759	-80.398	33	55271
Towson	MD	39.401	-76.602	33	55197
North Chicopee	MA	42.183	-72.600	33	55179
Uptown	IL	41.966	-87.653	5	55137
Sarasota	FL	27.336	-82.531	33	55118
Saint-Jérôme	QC	45.780	-74.004	45	54948
Cypress Hills	NY	40.677	-73.891	33	54944
West Haven	CT	41.271	-72.947	33	54927
Rosemead	CA	34.081	-118.073	29	54908
Edgewater	IL	41.983	-87.664	5	54873
Jackson	NJ	39.776	-74.862	33	54856
Highland	CA	34.128	-117.209	29	54854
Jonquière	QC	48.416	-71.249	45	54842
Mount Prospect	IL	42.066	-87.937	5	54747
Colton	CA	34.074	-117.314	29	54621
Encanto	AZ	33.479	-112.078	38	54614
Pocatello	ID	42.871	-112.446	3	54441
Bradenton	FL	27.499	-82.575	33	54437
Rogers Park	IL	42.009	-87.667	5	54402
Weymouth	MA	42.221	-70.940	33	54395
Port Charlotte	FL	26.976	-82.091	33	54392
Normal	IL	40.514	-88.991	5	54373
Spring	TX	30.080	-95.417	5	54298
Allapattah	FL	25.815	-80.224	33	54289
Richland	WA	46.286	-119.284	29	54248
Euless	TX	32.837	-97.082	5	54219
Blue Springs	MO	39.017	-94.282	5	54148
East Pensacola Heights	FL	30.429	-87.180	5	54104
Hacienda Heights	CA	33.993	-117.969	29	54038
Ozone Park	NY	40.677	-73.844	33	53985
Briarwood	NY	40.709	-73.815	33	53877
Cathedral City	CA	33.780	-116.465	29	53826
Lakewood	NJ	40.098	-74.218	33	53805
Elyria	OH	41.368	-82.108	33	53775
Pensacola	FL	30.421	-87.217	5	53724
Wheaton	IL	41.866	-88.107	5	53715
Commerce City	CO	39.808	-104.934	9	53696
Hoboken	NJ	40.744	-74.032	33	53635
Watsonville	CA	36.910	-121.757	29	53628
Lake Havasu City	AZ	34.484	-114.322	38	53553
Woburn	ON	43.767	-79.228	45	53485
Little Havana	FL	25.768	-80.233	33	53430
Revere	MA	42.408	-71.012	33	53422
West New York	NJ	40.788	-74.014	33	53366
Yucaipa	CA	34.034	-117.043	29	53328
Gilroy	CA	37.006	-121.568	29	53231
Poinciana	FL	28.140	-81.458	33	53193
University of Texas	TX	30.286	-97.739	5	53082
Kingsport	TN	36.548	-82.562	33	53014
Levittown	PA	40.155	-74.829	33	52983
Palm Beach Gardens	FL	26.823	-80.139	33	52923
Milford	CT	41.222	-73.056	33	52759
Delano	CA	35.769	-119.247	29	52733
West Sacramento	CA	38.580	-121.530	29	52721
Huntersville	NC	35.411	-80.843	33	52704
Perth Amboy	NJ	40.507	-74.265	33	52682
Sherman Oaks	CA	34.151	-118.449	29	52677
Southaven	MS	34.989	-90.013	5	52589
Saint Peters	MO	38.800	-90.627	5	52575
Downtown DC	DC	38.894	-77.020	33	52560
Harrisonburg	VA	38.450	-78.869	33	52538
Peabody	MA	42.528	-70.929	33	52504
Placentia	CA	33.872	-117.870	29	52495
Lenexa	KS	38.954	-94.734	5	52490
DeSoto	TX	32.590	-96.857	5	52486
Burlington	NC	36.096	-79.438	33	52472
South Hill	WA	47.141	-122.270	29	52431
Metrotown	BC	49.225	-123.000	46	52355
Elkhart	IN	41.682	-85.977	16	52348
La Crosse	WI	43.801	-91.240	5	52306
Welland	ON	42.983	-79.250	45	52293
Oak Park	IL	41.885	-87.784	5	52287
Florissant	MO	38.789	-90.323	5	52268
Sammamish	WA	47.642	-122.080	29	52253
Wakefield	NY	40.898	-73.852	33	52201
Albany	OR	44.637	-123.106	29	52175
Hoffman Estates	IL	42.043	-88.080	5	52138
Albany Park	IL	41.968	-87.723	5	52079
Methuen	MA	42.726	-71.191	33	52044
Glendora	CA	34.136	-117.865	29	52009
Wilmington	CA	33.780	-118.263	29	52000
University Heights	SK	52.144	-106.579	41	51957
Queens Village	NY	40.727	-73.742	33	51919
Brookhaven	GA	33.858	-84.340	33	51910
Levittown	NY	40.726	-73.514	33	51881
Palm Desert	CA	33.723	-116.377	29	51869
Joplin	MO	37.084	-94.513	5	51818
Enid	OK	36.396	-97.878	5	51776
Lower Sackville	NS	44.776	-63.679	15	51749
Bonita Springs	FL	26.340	-81.779	33	51704
Irondequoit	NY	43.213	-77.580	33	51692
Caldwell	ID	43.663	-116.687	3	51686
Minnetonka	MN	44.913	-93.503	5	51669
Pinellas Park	FL	27.843	-82.700	33	51617
Battle Creek	MI	42.317	-85.178	10	51589
Renfrew-Collingwood	BC	49.245	-123.038	46	51530
Casa Grande	AZ	32.880	-111.757	38	51460
South Shore	IL	41.762	-87.578	5	51451
Mott Haven	NY	40.809	-73.923	33	51450
The Villages	FL	28.934	-81.960	33	51442
Grand Island	NE	40.925	-98.342	5	51440
Grapevine	TX	32.934	-97.078	5	51404
Stratford	CT	41.185	-73.133	33	51384
Kentwood	MI	42.869	-85.645	10	51357
City of Milford (balance)	CT	41.224	-73.062	33	51271
Tigard	OR	45.431	-122.771	29	51253
East Hartford	CT	41.782	-72.612	33	51252
Lakewood	SK	52.108	-106.590	41	51237
Apple Valley	MN	44.732	-93.218	5	51221
Plainfield	NJ	40.634	-74.407	33	51217
Leesburg	VA	39.116	-77.564	33	51209
Parsippany	NJ	40.858	-74.426	33	51144
Coral Gables	FL	25.721	-80.268	33	51117
The Trails of Frisco	TX	33.161	-96.872	5	51059
The Hammocks	FL	25.671	-80.445	33	51003
Buckeye	AZ	33.370	-112.584	38	50876
Flagami	FL	25.762	-80.316	33	50834
Catalina Foothills	AZ	32.298	-110.919	38	50796
Belleville	ON	44.167	-77.383	45	50716
Lakewood	OH	41.482	-81.798	33	50656
North La Crosse	WI	43.846	-91.248	5	50470
Burien	WA	47.470	-122.347	29	50467
Willowdale East	ON	43.771	-79.401	45	50434
Havertown	PA	39.981	-75.309	33	50430
North Bay	ON	46.317	-79.466	45	50396
Logan	UT	41.735	-111.834	9	50371
Saint-Hyacinthe	QC	45.631	-72.957	45	50326
South Peabody	MA	42.510	-70.949	33	50293
Aliso Viejo	CA	33.565	-117.727	29	50195
Harrisburg	PA	40.274	-76.884	33	50183
Galveston	TX	29.301	-94.798	5	50180
Poway	CA	32.963	-117.036	29	50157
Edina	MN	44.890	-93.350	5	50138
Minnetonka Mills	MN	44.941	-93.442	5	50117
Stonecrest	GA	33.708	-84.135	33	50000
Cerritos	CA	33.858	-118.065	29	49975
Redford	MI	42.383	-83.297	10	49936
East Honolulu	HI	21.289	-157.717	49	49914
Troy	NY	42.728	-73.692	33	49906
Whitchurch-Stouffville	ON	44.000	-79.316	45	49864
Sunnyside	NY	40.740	-73.935	33	49833
Lincoln	CA	38.892	-121.293	29	49757
Wharton	PA	39.927	-75.157	33	49732
Whitman	PA	39.917	-75.155	33	49732
Downers Grove	IL	41.809	-88.011	5	49732
Azusa	CA	34.134	-117.908	29	49690
Wilson	NC	35.721	-77.916	33	49643
Monroe	LA	32.509	-92.119	5	49598
Parker	CO	39.519	-104.761	9	49550
La Mirada	CA	33.917	-118.012	29	49520
Minot	ND	48.233	-101.296	5	49450
Aloha	OR	45.494	-122.867	29	49425
Saginaw	MI	43.419	-83.951	10	49347
Bedford	TX	32.844	-97.143	5	49337
Rancho Santa Margarita	CA	33.641	-117.603	29	49324
Cypress	CA	33.817	-118.037	29	49290
Murray	UT	40.667	-111.888	9	49250
Kensington-Cedar Cottage	BC	49.250	-123.067	46	49235
Cuyahoga Falls	OH	41.134	-81.485	33	49146
Coeur d'Alene	ID	47.678	-116.780	29	49122
Bloomfield	NJ	40.807	-74.185	33	49120
Rowland Heights	CA	33.976	-117.905	29	48993
Covina	CA	34.090	-117.890	29	48984
Stillwater	OK	36.116	-97.058	5	48967
Dollard-Des Ormeaux	QC	45.495	-73.824	45	48930
Niagara Falls	NY	43.094	-79.057	33	48916
Collierville	TN	35.042	-89.665	5	48863
Brandon	MB	49.847	-99.953	48	48859
Oxford Circle	PA	40.050	-75.072	33	48856
Summerville	SC	33.019	-80.176	33	48848
South Bel Air	MD	39.533	-76.337	33	48828
Cornwall	ON	45.018	-74.728	45	48821
Sheboygan	WI	43.751	-87.715	5	48797
Middletown	OH	39.515	-84.398	33	48760
Aspen Hill	MD	39.080	-77.073	33	48759
Dunwoody	GA	33.946	-84.335	33	48733
Huntington	WV	38.419	-82.445	33	48638
Maricopa	AZ	33.058	-112.048	38	48602
Roswell	NM	33.394	-104.525	9	48544
Cedar Hill	TX	32.588	-96.956	5	48507
East Brunswick	NJ	40.428	-74.416	33	48495
East Lansing	MI	42.737	-84.484	10	48471
Apopka	FL	28.676	-81.512	33	48382
Maspeth	NY	40.723	-73.913	33	48325
Wheaton	MD	39.040	-77.055	33	48284
Mishawaka	IN	41.662	-86.159	16	48261
Portage	MI	42.201	-85.580	10	48177
West Orange	NJ	40.799	-74.239	33	48131
McLean	VA	38.934	-77.177	33	48115
Newark	OH	40.058	-82.401	33	47986
Ceres	CA	37.595	-120.958	29	47963
Alexandria	LA	31.311	-92.445	5	47889
Chesterfield	MO	38.663	-90.577	5	47864
Barnstable	MA	41.700	-70.299	33	47821
Salina	KS	38.840	-97.611	5	47813
Lawrence	IN	39.839	-86.025	16	47809
Bel Air South	MD	39.505	-76.320	33	47709
Pearl City	HI	21.397	-157.975	49	47698
Euclid	OH	41.593	-81.527	33	47676
Roseville	MI	42.497	-82.937	10	47637
Texas City	TX	29.384	-94.903	5	47618
Wauwatosa	WI	43.049	-88.008	5	47614
Waiau-Pacific Palisades	HI	21.400	-157.954	49	47591
Vermont Square	CA	34.002	-118.299	29	47555
Florin	CA	38.496	-121.409	29	47513
Twin Falls	ID	42.563	-114.461	3	47468
Glenview	IL	42.070	-87.788	5	47446
East Providence	RI	41.814	-71.370	33	47408
Palm Springs	CA	33.830	-116.545	29	47371
San Luis Obispo	CA	35.283	-120.660	29	47339
Mission District	CA	37.760	-122.419	29	47234
West End	BC	49.283	-123.133	46	47200
Country Club	FL	25.948	-80.317	33	47105
Gwynn Oak	MD	39.333	-76.693	33	47092
Winnetka	CA	34.213	-118.572	29	47000
Madison	AL	34.699	-86.748	5	46962
Jeffersonville	IN	38.278	-85.737	27	46960
San Jacinto	CA	33.784	-116.959	29	46951
Mentor	OH	41.666	-81.340	33	46901
Charleston	WV	38.350	-81.633	33	46838
Mansfield	OH	40.758	-82.515	33	46830
Hattiesburg	MS	31.327	-89.290	5	46805
Draper	UT	40.525	-111.864	9	46774
Middletown	CT	41.562	-72.651	33	46756
Wylie	TX	33.015	-96.539	5	46708
Columbus	IN	39.201	-85.921	16	46690
Laguna	CA	38.421	-121.424	29	46621
Smyrna	TN	35.983	-86.519	5	46607
Charlottesville	VA	38.029	-78.477	33	46597
Langford	BC	48.450	-123.503	46	46584
Rouge	ON	43.804	-79.166	45	46496
Blainville	QC	45.667	-73.882	45	46493
Lacey	WA	47.034	-122.823	29	46409
Makakilo / Kapolei / Honokai Hale	HI	21.337	-158.097	49	46389
Littleton	CO	39.613	-105.017	9	46368
Victoria-Downtown	BC	48.428	-123.361	46	46309
Beavercreek	OH	39.709	-84.063	33	46277
Kannapolis	NC	35.487	-80.622	33	46144
Everett	MA	42.408	-71.054	33	46050
Binghamton	NY	42.099	-75.918	33	46032
Brighton	MA	42.350	-71.156	33	45977
Elmhurst	IL	41.899	-87.940	5	45957
Hell's Kitchen	NY	40.765	-73.991	33	45884
Auburn Gresham	IL	41.742	-87.653	5	45842
City of Sammamish	WA	47.604	-122.038	29	45780
Antelope	CA	38.708	-121.330	29	45770
Keller	TX	32.935	-97.252	5	45758
Biloxi	MS	30.396	-88.885	5	45637
Apex	NC	35.733	-78.850	33	45585
West Lafayette	IN	40.426	-86.908	16	45550
West Vancouver	BC	49.329	-123.160	46	45487
Cutler Bay	FL	25.578	-80.338	33	45425
Titusville	FL	28.612	-80.808	33	45393
Altoona	PA	40.519	-78.395	33	45344
Newark	CA	37.530	-122.040	29	45336
Oro Valley	AZ	32.391	-110.966	38	45303
Saint Louis Park	MN	44.948	-93.348	5	45250
Enfield	CT	41.976	-72.592	33	45212
Dublin	OH	40.099	-83.114	33	45098
Tuckahoe	VA	37.590	-77.556	33	44990
Potomac	MD	39.018	-77.209	33	44965
Cleveland Heights	OH	41.520	-81.556	33	44962
Sayreville	NJ	40.459	-74.361	33	44920
Hackensack	NJ	40.886	-74.043	33	44834
Pine Bluff	AR	34.228	-92.003	5	44772
West Seneca	NY	42.850	-78.800	33	44711
Strongsville	OH	41.315	-81.836	33	44668
Coachella	CA	33.680	-116.174	29	44635
Penn Hills	PA	40.501	-79.839	33	44610
Encino	CA	34.159	-118.501	29	44581
Bentonville	AR	36.373	-94.209	5	44499
Fort Pierce	FL	27.447	-80.326	33	44484
Bridgewater	NJ	40.601	-74.648	33	44464
Danville	CA	37.822	-122.000	29	44400
Oakland Park	FL	26.172	-80.132	33	44319
Attleboro	MA	41.945	-71.286	33	44284
Severn	MD	39.137	-76.698	33	44231
Blacksburg	VA	37.230	-80.414	33	44215
Haltom City	TX	32.800	-97.269	5	44206
Brighton Park	IL	41.819	-87.699	5	44202
Lompoc	CA	34.639	-120.458	29	44164
Wesley Chapel	FL	28.240	-82.328	33	44092
Urbandale	IA	41.627	-93.712	5	44062
Georgetown	ON	43.650	-79.916	45	44058
L'Amoreaux	ON	43.796	-79.314	45	43993
York	PA	39.963	-76.728	33	43992
Concord	NH	43.208	-71.538	33	43976
North Miami Beach	FL	25.933	-80.163	33	43971
Islington-City Centre West	ON	43.633	-79.543	45	43965
El Centro	CA	32.792	-115.563	29	43956
Rego Park	NY	40.726	-73.853	33	43925
North Brunswick	NJ	40.454	-74.482	33	43905
Cleveland	TN	35.160	-84.877	33	43898
Echo Park	CA	34.078	-118.261	29	43832
North Bethesda	MD	39.045	-77.119	33	43828
Beaumont	CA	33.929	-116.977	29	43811
Kalihi-Palama	HI	21.326	-157.876	49	43805
Lombard	IL	41.880	-88.008	5	43797
Malvern	ON	43.809	-79.223	45	43794
Bountiful	UT	40.889	-111.881	9	43784
North Lauderdale	FL	26.217	-80.226	33	43703
Burleson	TX	32.542	-97.321	5	43625
Ocoee	FL	28.569	-81.544	33	43608
Quinte West	ON	44.183	-77.566	45	43577
Chatham	ON	42.412	-82.185	45	43550
Ashburn	VA	39.044	-77.487	33	43511
Southington	CT	41.596	-72.878	33	43501
Augusta	GA	33.471	-81.975	33	43459
Bozeman	MT	45.680	-111.039	9	43405
Sierra Vista	AZ	31.555	-110.304	38	43355
Freeport	NY	40.658	-73.583	33	43334
Innisfil	ON	44.300	-79.650	45	43326
Pittsfield	MA	42.450	-73.245	33	43303
Hilo	HI	19.730	-155.091	49	43263
West Babylon	NY	40.718	-73.354	33	43213
DeKalb	IL	41.929	-88.750	5	43211
San Bruno	CA	37.630	-122.411	29	43185
Altamonte Springs	FL	28.661	-81.366	33	43159
Bell Gardens	CA	33.965	-118.151	29	43106
Schertz	TX	29.552	-98.270	5	43091
East Boston	MA	42.375	-71.039	33	43066
Kitsilano	BC	49.267	-123.167	46	43045
Morgan Hill	CA	37.130	-121.654	29	42948
Bothell	WA	47.762	-122.205	29	42939
Fond du Lac	WI	43.775	-88.439	5	42933
Sicklerville	NJ	39.717	-74.969	33	42891
Sayreville Junction	NJ	40.465	-74.330	33	42890
Farmington	NM	36.728	-108.219	9	42871
Salem	MA	42.520	-70.896	33	42869
Arlington	MA	42.415	-71.156	33	42844
La Jolla	CA	32.847	-117.274	29	42808
Salaberry-de-Valleyfield	QC	45.250	-74.133	45	42787
Châteauguay	QC	45.383	-73.749	45	42786
Altadena	CA	34.190	-118.131	29	42777
Fairfield	OH	39.346	-84.561	33	42767
Ashburn	IL	41.748	-87.711	5	42752
Rancho Palos Verdes	CA	33.744	-118.387	29	42732
North Highlands	CA	38.686	-121.372	29	42694
Moline	IL	41.507	-90.515	5	42681
East Concord	NH	43.242	-71.538	33	42605
Jefferson City	MO	38.577	-92.174	5	42595
Henrietta	NY	43.059	-77.612	33	42581
Rockwall	TX	32.931	-96.460	5	42566
Plainfield	IL	41.627	-88.204	5	42527
Burlington	VT	44.476	-73.212	33	42452
Rohnert Park	CA	38.340	-122.701	29	42407
Urbana	IL	40.111	-88.207	5	42311
Southglenn	CO	39.587	-104.953	9	42268
Rimouski	QC	48.449	-68.524	45	42240
Midland	MI	43.616	-84.247	10	42200
Prescott Valley	AZ	34.610	-112.316	38	42197
Joint Base Pearl Harbor Hickam	HI	21.349	-157.947	49	42184
State College	PA	40.793	-77.860	33	42161
Kearny	NJ	40.768	-74.145	33	42137
El Dorado Hills	CA	38.686	-121.082	29	42108
Danville	VA	36.586	-79.395	33	42082
Saint-Eustache	QC	45.565	-73.906	45	42062
Belleville	IL	38.520	-89.984	5	42034
Linden	NJ	40.622	-74.245	33	42021
Moorhead	MN	46.874	-96.770	5	42005
Woodside	NY	40.745	-73.905	33	41981
Brea	CA	33.917	-117.900	29	41944
Riverton	UT	40.522	-111.939	9	41900
Prescott	AZ	34.540	-112.469	38	41899
Mount Laurel	NJ	39.934	-74.891	33	41864
Timmins	ON	48.467	-81.333	45	41788
The Colony	TX	33.089	-96.886	5	41779
Manassas	VA	38.751	-77.475	33	41764
Brentwood	TN	36.033	-86.783	5	41763
Westfield	MA	42.125	-72.750	33	41690
Sorel-Tracy	QC	46.042	-73.114	45	41629
Hutchinson	KS	38.061	-97.930	5	41569
Leominster	MA	42.525	-71.760	33	41569
Catonsville	MD	39.272	-76.732	33	41567
Hicksville	NY	40.768	-73.525	33	41547
Bartlett	IL	41.995	-88.186	5	41545
Mission	BC	49.133	-122.303	46	41519
Buffalo Grove	IL	42.151	-87.960	5	41496
Woonsocket	RI	42.003	-71.515	33	41475
West Hills	CA	34.197	-118.644	29	41426
Edmonds	WA	47.811	-122.377	29	41375
Marana	AZ	32.437	-111.225	38	41315
Shelton	CT	41.316	-73.093	33	41296
Cedar Falls	IA	42.528	-92.445	5	41255
Chatsworth	CA	34.257	-118.601	29	41255
Gage Park	IL	41.795	-87.696	5	41202
Beverly	MA	42.558	-70.880	33	41186
University	FL	28.074	-82.439	33	41163
Coppell	TX	32.955	-97.015	5	41159
Findlay	OH	41.044	-83.650	33	41149
Campbell	CA	37.287	-121.950	29	41117
Lake Ridge	VA	38.688	-77.298	33	41058
Burke	VA	38.793	-77.272	33	41055
Mankato	MN	44.159	-94.009	5	41044
Annandale	VA	38.830	-77.196	33	41008
Strawberry Hill	BC	49.133	-122.883	46	41000
Covington	KY	39.084	-84.509	33	40997
New City	IL	41.808	-87.656	5	40997
Morris Heights	NY	40.850	-73.920	33	40982
Peachtree Corners	GA	33.970	-84.222	33	40978
South Valley	NM	35.010	-106.678	9	40976
Val-des-Arbres	QC	45.598	-73.675	45	40974
Ormond Beach	FL	29.286	-81.056	33	40970
Carrollwood Village	FL	28.068	-82.521	33	40949
Huntsville	TX	30.724	-95.551	5	40938
Stittsville	ON	45.250	-75.916	45	40889
Venice	CA	33.991	-118.460	29	40885
Sumter	SC	33.920	-80.341	33	40816
Annapolis	MD	38.979	-76.492	33	40812
Quincy	IL	39.936	-91.410	5	40780
Wilkes-Barre	PA	41.246	-75.881	33	40780
Lincoln Square	IL	41.976	-87.689	5	40761
La Puente	CA	34.020	-117.950	29	40745
Holyoke	MA	42.204	-72.616	33	40684
Sherman	TX	33.636	-96.609	5	40667
Goose Creek	SC	32.981	-80.033	33	40633
Maplewood	MN	44.953	-92.995	5	40567
Ancaster	ON	43.218	-79.987	45	40557
Streamwood	IL	42.026	-88.178	5	40554
Fitchburg	MA	42.583	-71.802	33	40545
Hilton Head Island	SC	32.194	-80.738	33	40512
La Quinta	CA	33.663	-116.310	29	40476
Crystal Lake	IL	42.241	-88.316	5	40448
Hagerstown	MD	39.642	-77.720	33	40432
San Gabriel	CA	34.096	-118.106	29	40424
Woodstock	ON	43.133	-80.750	45	40404
Hickory	NC	35.733	-81.341	33	40374
Beverly Cove	MA	42.553	-70.854	33	40365
Winter Garden	FL	28.565	-81.586	33	40356
Carol Stream	IL	41.913	-88.135	5	40356
Warren	OH	41.238	-80.818	33	40245
Marlboro	NJ	40.315	-74.246	33	40191
Vernon	BC	50.267	-119.273	46	40116
Teaneck	NJ	40.898	-74.016	33	40078
Calexico	CA	32.679	-115.499	29	40053
Florence	AL	34.800	-87.677	5	40026
St. Johns	FL	30.081	-81.548	33	40000
Shakopee	MN	44.798	-93.527	5	39981
Billerica	MA	42.558	-71.269	33	39904
Norwich	CT	41.524	-72.076	33	39899
Amherst	MA	42.367	-72.519	33	39833
Duncanville	TX	32.652	-96.908	5	39826
New Berlin	WI	42.976	-88.108	5	39825
Marlborough	MA	42.346	-71.552	33	39818
Oakley	CA	37.997	-121.712	29	39813
Lancaster	OH	39.714	-82.599	33	39766
Sawtelle	CA	34.036	-118.449	29	39757
Avondale	IL	41.939	-87.711	5	39721
Romeoville	IL	41.648	-88.090	5	39719
Culver City	CA	34.021	-118.396	29	39717
Montclair	NJ	40.826	-74.209	33	39701
Meridian	MS	32.364	-88.704	5	39661
Puyallup	WA	47.185	-122.293	29	39659
Woburn	MA	42.479	-71.152	33	39555
Bremerton	WA	47.567	-122.633	29	39520
Hallandale Beach	FL	25.981	-80.148	33	39488
Clovis	NM	34.405	-103.205	9	39480
Weslaco	TX	26.160	-97.991	5	39474
Cape Girardeau	MO	37.306	-89.518	5	39462
Bullhead City	AZ	35.148	-114.568	38	39445
North Fort Myers	FL	26.667	-81.880	33	39407
Dover	DE	39.158	-75.524	33	39403
Chelsea	MA	42.392	-71.033	33	39398
Grove City	OH	39.881	-83.093	33	39388
Bowmanville	ON	43.917	-78.683	45	39371
Princeton	FL	25.538	-80.409	33	39308
Essex	MD	39.309	-76.475	33	39262
Atlantic City	NJ	39.364	-74.423	33	39260
Pacifica	CA	37.614	-122.487	29	39260
Germantown	TN	35.087	-89.810	5	39240
Northglenn	CO	39.886	-104.987	9	39197
Far Rockaway	NY	40.605	-73.755	33	39189
Olney	PA	40.041	-75.124	33	39154
Kensington	NY	40.646	-73.971	33	39120
Coram	NY	40.869	-73.001	33	39113
Wausau	WI	44.959	-89.630	5	39094
Boucherville	QC	45.591	-73.436	45	39062
Hurst	TX	32.823	-97.171	5	39016
Spruce Grove	AB	53.533	-113.919	11	38985
St. Thomas	ON	42.774	-81.180	45	38909
Stanton	CA	33.803	-117.993	29	38872
Aliamanu / Salt Lakes / Foster Village	HI	21.360	-157.918	49	38833
Charlottetown	PE	46.235	-63.126	15	38809
Lancaster	TX	32.592	-96.756	5	38801
Friendswood	TX	29.529	-95.201	5	38800
Gainesville	GA	34.298	-83.824	33	38712
The Acreage	FL	26.794	-80.267	33	38704
West Oak Lane	PA	40.069	-75.166	33	38699
Montclair	CA	34.078	-117.690	29	38690
Kailua	HI	21.402	-157.741	49	38635
Rock Island	IL	41.509	-90.579	5	38620
Whitney	NV	36.098	-115.036	29	38585
Oviedo	FL	28.670	-81.208	33	38551
Carpentersville	IL	42.121	-88.258	5	38512
Manhattan Valley	NY	40.794	-73.965	33	38500
Lake Oswego	OR	45.421	-122.671	29	38496
Muskogee	OK	35.748	-95.370	5	38456
Hobbs	NM	32.703	-103.136	9	38416
Muskegon	MI	43.234	-86.248	10	38401
Westerville	OH	40.126	-82.929	33	38384
Okanagan Mission	BC	49.817	-119.483	46	38374
Little Elm	TX	33.163	-96.938	5	38341
Hanover Park	IL	41.999	-88.145	5	38333
Hillsborough	NJ	40.478	-74.627	33	38303
Channelview	TX	29.776	-95.115	5	38289
Panama City	FL	30.159	-85.660	5	38286
Florence	SC	34.195	-79.763	33	38228
Waipahu	HI	21.387	-158.009	49	38216
Shawinigan	QC	46.567	-72.749	45	38211
Wake Forest	NC	35.980	-78.510	33	38199
Huber Heights	OH	39.844	-84.125	33	38176
Martinez	CA	38.019	-122.134	29	38137
East Meadow	NY	40.714	-73.559	33	38132
Hanover	MD	39.193	-76.724	33	38088
Wheeling	IL	42.139	-87.929	5	38079
Apache Junction	AZ	33.415	-111.550	38	38074
Pleasant Grove	UT	40.364	-111.739	9	38052
Brookfield	WI	43.061	-88.106	5	38025
Columbia Heights	DC	38.926	-77.029	33	38000
Delaware	OH	40.299	-83.068	33	37995
Roy	UT	41.162	-112.026	9	37964
Valley Stream	NY	40.664	-73.708	33	37962
Spanish Fork	UT	40.115	-111.655	9	37935
Keizer	OR	44.990	-123.026	29	37895
Woodlawn	MD	39.323	-76.728	33	37879
Lima	OH	40.743	-84.105	33	37873
Spartanburg	SC	34.950	-81.932	33	37867
Hermitage	TN	36.196	-86.623	5	37814
Park Ridge	IL	42.011	-87.841	5	37757
Fenway/Kenmore	MA	42.345	-71.100	33	37733
Winter Haven	FL	28.022	-81.733	33	37689
Aventura	FL	25.956	-80.139	33	37649
Severna Park	MD	39.070	-76.545	33	37634
Royal Palm Beach	FL	26.708	-80.231	33	37633
Brighton	CO	39.985	-104.821	9	37585
Phenix City	AL	32.471	-85.001	33	37570
Milton	GA	34.132	-84.301	33	37547
Neufchâtel-Est–Lebourgneuf	QC	46.854	-71.342	45	37540
Sun City	AZ	33.598	-112.272	38	37499
Lake Worth Beach	FL	26.617	-80.072	33	37498
Kew Gardens Hills	NY	40.730	-73.823	33	37479
Jamaica Plain	MA	42.310	-71.120	33	37468
Monrovia	CA	34.148	-117.999	29	37463
Hollister	CA	36.852	-121.402	29	37462
Duvernay	QC	45.583	-73.667	45	37460
Los Banos	CA	37.058	-120.850	29	37457
Sewell	NJ	39.767	-75.144	33	37433
Plant City	FL	28.019	-82.115	33	37406
Greenfield	WI	42.961	-88.013	5	37349
Marion	IA	42.034	-91.598	5	37330
Braintree	MA	42.204	-71.002	33	37297
Newnan	GA	33.381	-84.800	33	37291
Texarkana	TX	33.425	-94.048	5	37280
Addison	IL	41.932	-87.989	5	37208
Reynoldsburg	OH	39.955	-82.812	33	37158
South Jordan Heights	UT	40.564	-111.949	9	37141
Odenton	MD	39.084	-76.700	33	37132
Mableton	GA	33.819	-84.582	33	37115
Hilton Head	SC	32.216	-80.753	33	37099
Grants Pass	OR	42.439	-123.331	29	37088
Indian Trail	NC	35.077	-80.669	33	37073
Calumet City	IL	41.616	-87.529	5	37031
Lincoln Park	MI	42.251	-83.179	10	37012
Lynnwood	WA	47.821	-122.315	29	36997
Whitestone	NY	40.795	-73.818	33	36984
Laval-des-Rapides	QC	45.556	-73.700	45	36933
Beloit	WI	42.508	-89.032	5	36891
Belleville	NJ	40.794	-74.150	33	36878
Longview	WA	46.138	-122.938	29	36848
Columbia	TN	35.615	-87.035	5	36800
South Miami Heights	FL	25.598	-80.381	33	36770
Stouffville	ON	43.967	-79.250	45	36753
Portage	IN	41.576	-87.176	5	36738
Westfield	IN	40.043	-86.127	16	36738
New Albany	IN	38.286	-85.824	27	36732
Clifton Park	NY	42.866	-73.771	33	36705
Fort Lee	NJ	40.851	-73.970	33	36672
Dovercourt-Wallace Emerson-Junction	ON	43.666	-79.439	45	36625
Brighton	NY	43.148	-77.551	33	36609
Bartlesville	OK	36.747	-95.981	5	36595
Ewing	NJ	40.270	-74.800	33	36559
San Juan	TX	26.189	-98.155	5	36556
Woodhaven	NY	40.689	-73.858	33	36555
Mission Bend	TX	29.694	-95.665	5	36501
Sunset	BC	49.221	-123.095	46	36500
San Juan Capistrano	CA	33.502	-117.663	29	36454
Pahrump	NV	36.208	-115.984	29	36441
Saint Charles	MD	38.603	-76.939	33	36376
Temple City	CA	34.107	-118.058	29	36365
Marion	OH	40.589	-83.129	33	36363
Mechanicsville	VA	37.609	-77.373	33	36348
Lufkin	TX	31.338	-94.729	5	36333
Pennsauken	NJ	39.956	-75.058	33	36332
Rome	GA	34.257	-85.165	33	36323
Mattapan	MA	42.272	-71.087	33	36299
Claremont	CA	34.097	-117.720	29	36283
Franklin	WI	42.889	-88.038	5	36222
West Hollywood	CA	34.090	-118.362	29	36222
Richfield	MN	44.883	-93.283	5	36216
Bell	CA	33.978	-118.187	29	36205
Lewiston	ME	44.100	-70.215	33	36202
Dunedin	FL	28.020	-82.773	33	36164
Kendall West	FL	25.706	-80.439	33	36154
Del Rio	TX	29.363	-100.897	5	36153
Oakville	MO	38.470	-90.305	5	36143
Commack	NY	40.843	-73.293	33	36124
Menomonee Falls	WI	43.179	-88.117	5	36119
Moorpark	CA	34.286	-118.882	29	36104
Core Neighbourhoods	SK	52.130	-106.672	41	36088
Gadsden	AL	34.014	-86.006	5	36084
Issaquah	WA	47.530	-122.033	29	36081
Spring Hill	TN	35.751	-86.930	5	36055
Trumbull	CT	41.243	-73.201	33	36018
Olive Branch	MS	34.962	-89.830	5	36010
Mooresville	NC	35.585	-80.810	33	36009
West Torrington	CT	41.818	-73.144	33	36000
Willowbrook	CA	33.917	-118.255	29	35983
Leavenworth	KS	39.311	-94.922	5	35980
Clinton	MD	38.765	-76.898	33	35970
Cottage Grove	MN	44.828	-92.944	5	35918
Wildwood	MO	38.583	-90.663	5	35899
Richmond West	FL	25.610	-80.430	33	35884
Richmond	IN	39.829	-84.890	16	35854
Mount Pleasant	DC	38.931	-77.041	33	35842
Oregon City	OR	45.357	-122.607	29	35831
ʻEwa Gentry-West Loch	HI	21.353	-158.028	49	35828
Goldsboro	NC	35.385	-77.993	33	35826
Manhattan Beach	CA	33.885	-118.411	29	35818
Parkland	WA	47.155	-122.434	29	35803
Martinez	GA	33.517	-82.076	33	35795
East Florence	AL	34.810	-87.649	5	35733
Kyle	TX	29.989	-97.877	5	35733
Kearns	UT	40.660	-111.996	9	35731
Leamington	ON	42.050	-82.600	45	35730
Linton Hall	VA	38.760	-77.575	33	35725
Tupelo	MS	34.258	-88.705	5	35680
Hot Springs	AR	34.504	-93.055	5	35635
Wildomar	CA	33.599	-117.280	29	35632
Wentzville	MO	38.811	-90.853	5	35603
Roseville	MN	45.006	-93.157	5	35580
Valrico	FL	27.938	-82.236	33	35545
Coventry	RI	41.700	-71.683	33	35525
Rosenberg	TX	29.557	-95.809	5	35510
Bettendorf	IA	41.524	-90.516	5	35505
Rock Forest	QC	45.357	-71.997	45	35500
East Point	GA	33.680	-84.439	33	35467
Prattville	AL	32.464	-86.460	5	35420
Ponte Vedra Beach	FL	30.240	-81.386	33	35400
Boardman	OH	41.024	-80.663	33	35376
Cooper City	FL	26.057	-80.272	33	35364
Oxon Hill-Glassmanor	MD	38.796	-76.975	33	35355
Egypt Lake-Leto	FL	28.018	-82.506	33	35282
North Lawndale	IL	41.860	-87.718	5	35276
Oak Creek	WI	42.886	-87.863	5	35243
Peachtree City	GA	33.397	-84.596	33	35240
Merrillville	IN	41.483	-87.333	5	35224
Saint Cloud	FL	28.249	-81.281	33	35183
La Porte	TX	29.666	-95.019	5	35148
Prince Albert	SK	53.200	-105.768	41	35102
University City	MO	38.656	-90.309	5	35058
Downsview-Roding-CFB	ON	43.733	-79.490	45	35052
Upper Arlington	OH	39.995	-83.062	33	34907
Torrington	CT	41.801	-73.121	33	34906
Beverly Hills	CA	34.074	-118.400	29	34869
Inver Grove Heights	MN	44.848	-93.043	5	34857
Cumberland	RI	41.967	-71.433	33	34843
Bayview-Hunters Point	CA	37.729	-122.381	29	34835
Pleasant Hill	CA	37.948	-122.061	29	34810
Parkwoods-Donalda	ON	43.755	-79.330	45	34805
Rutland	BC	49.900	-119.386	46	34800
Stow	OH	41.160	-81.440	33	34797
Lauderdale Lakes	FL	26.166	-80.208	33	34796
La Vergne	TN	36.016	-86.582	5	34794
Winter Springs	FL	28.699	-81.308	33	34789
Joliette	QC	46.016	-73.424	45	34772
Merritt Island	FL	28.359	-80.690	33	34743
Greenpoint	NY	40.724	-73.951	33	34719
West Little River	FL	25.857	-80.237	33	34699
Brunswick	OH	41.238	-81.842	33	34689
Cartierville	QC	45.531	-73.704	45	34667
San Dimas	CA	34.107	-117.807	29	34630
Mascouche	QC	45.750	-73.600	45	34626
Mirabel	QC	45.650	-74.083	45	34626
Monroe	NC	34.985	-80.550	33	34623
North Center	IL	41.954	-87.679	5	34623
Lawson	SK	52.164	-106.639	41	34620
Queen Creek	AZ	33.249	-111.634	38	34614
Kaneohe	HI	21.400	-157.799	49	34597
Gahanna	OH	40.019	-82.879	33	34590
Leawood	KS	38.967	-94.617	5	34579
Hastings-Sunrise	BC	49.283	-123.033	46	34575
Owasso	OK	36.270	-95.855	5	34542
Derry Village	NH	42.892	-71.312	33	34539
Orange	NJ	40.771	-74.233	33	34457
Central Islip	NY	40.791	-73.202	33	34450
Victoriaville	QC	46.050	-71.966	45	34426
Brant	ON	43.133	-80.350	45	34415
Norristown	PA	40.121	-75.340	33	34412
Lower West Side	IL	41.854	-87.666	5	34410
Dyker Heights	NY	40.621	-74.010	33	34399
Glendale	NY	40.701	-73.887	33	34389
Cottonwood Heights	UT	40.620	-111.810	9	34343
Gallatin	TN	36.388	-86.447	5	34334
Houma	LA	29.596	-90.720	5	34287
Rubidoux	CA	33.996	-117.406	29	34280
Collinwood	OH	41.558	-81.569	33	34220
Glendale Heights	IL	41.915	-88.065	5	34208
Butte	MT	46.004	-112.535	9	34190
Dana Point	CA	33.467	-117.698	29	34181
Benton	AR	34.565	-92.587	5	34177
Vestavia Hills	AL	33.449	-86.788	5	34174
La Presa	CA	32.708	-116.997	29	34169
Oakton	VA	38.881	-77.301	33	34166
Chester	PA	39.848	-75.358	33	34092
Mount Vernon	WA	48.421	-122.334	29	34053
Studio City	CA	34.149	-118.396	29	34034
Salisbury	NC	35.671	-80.474	33	34017
Riviera Beach	FL	26.775	-80.058	33	34005
Mimico	ON	43.616	-79.513	45	33964
Orangevale	CA	38.679	-121.226	29	33960
Oswego	IL	41.683	-88.351	5	33955
El Mirage	AZ	33.613	-112.325	38	33935
West Lake Sammamish	WA	47.578	-122.101	29	33929
North Bel Air	MD	39.540	-76.355	33	33925
Chelmsford	MA	42.600	-71.367	33	33925
Bay City	MI	43.594	-83.889	10	33917
Nacogdoches	TX	31.604	-94.655	5	33894
Shrewsbury	MA	42.296	-71.713	33	33893
McMinnville	OR	45.210	-123.199	29	33892
Dakota Ridge	CO	39.616	-105.139	9	33892
Moose Jaw	SK	50.400	-105.534	41	33890
Bridgeport	IL	41.838	-87.651	5	33878
Dalton	GA	34.770	-84.970	33	33853
Olney	MD	39.153	-77.067	33	33844
North Providence	RI	41.850	-71.466	33	33835
Newark	DE	39.684	-75.750	33	33817
Oak Hill	VA	38.926	-77.402	33	33811
Deer Park	TX	29.705	-95.124	5	33806
Parc-Extension	QC	45.530	-73.632	45	33800
Penticton	BC	49.481	-119.586	46	33761
Holland	MI	42.788	-86.109	10	33742
Arcola East	SK	50.433	-104.536	41	33725
Throgs Neck	NY	40.823	-73.820	33	33683
Northbrook	IL	42.128	-87.829	5	33663
Hilliard	OH	40.033	-83.158	33	33649
Wenatchee	WA	47.423	-120.310	29	33636
Fairview	BC	49.263	-123.132	46	33620
West Fargo	ND	46.875	-96.900	5	33597
Fair Lawn	NJ	40.940	-74.132	33	33597
Kennesaw	GA	34.023	-84.615	33	33584
New City	NY	41.148	-73.989	33	33559
Long Beach	NY	40.588	-73.658	33	33550
Richmond	KY	37.748	-84.295	33	33533
Surrey City Centre	BC	49.185	-122.847	46	33520
Suitland-Silver Hill	MD	38.847	-76.926	33	33515
Chillum	MD	38.964	-76.991	33	33513
Foster City	CA	37.559	-122.271	29	33477
Fairborn	OH	39.821	-84.019	33	33452
Menlo Park	CA	37.454	-122.182	29	33449
Chicago Loop	IL	41.884	-87.633	5	33442
Cibolo	TX	29.562	-98.227	5	33433
Campbell River	BC	50.016	-125.245	46	33430
Lawndale	CA	33.887	-118.353	29	33430
Hinesville	GA	31.847	-81.596	33	33398
Waxahachie	TX	32.387	-96.848	5	33384
St. Charles	MD	38.607	-76.925	33	33379
Cobbs Creek	PA	39.948	-75.240	33	33373
Woodridge	IL	41.747	-88.050	5	33370
Carrollwood	FL	28.050	-82.493	33	33365
West Humber-Clairville	ON	43.716	-79.596	45	33312
Somerton	PA	40.123	-75.015	33	33247
Elk Grove Village	IL	42.004	-87.970	5	33238
Pekin	IL	40.568	-89.641	5	33223
Socorro	TX	31.655	-106.303	9	33222
Elmont	NY	40.701	-73.713	33	33198
Adelanto	CA	34.583	-117.409	29	33166
Tooele	UT	40.531	-112.298	9	33157
Golden Glades	FL	25.912	-80.200	33	33145
Marrero	LA	29.899	-90.100	5	33141
Jackson	MI	42.246	-84.401	10	33133
Foothill Farms	CA	38.679	-121.351	29	33121
Englewood	CO	39.648	-104.988	9	33082
Copperas Cove	TX	31.124	-97.903	5	33081
Bath Beach	NY	40.605	-74.004	33	33080
Huntington Station	NY	40.853	-73.412	33	33029
Seaside	CA	36.611	-121.852	29	33025
Kearney	NE	40.699	-99.081	5	33021
Redan	GA	33.745	-84.132	33	33015
Manitowoc	WI	44.089	-87.658	5	33010
Mount Pleasant	BC	49.267	-123.100	46	33000
Williamsburg	NY	40.714	-73.953	33	33000
Goshen	IN	41.582	-85.834	16	32983
St. Charles	IL	41.914	-88.309	5	32974
Greenacres City	FL	26.624	-80.125	33	32963
Mt Pleasant	BC	49.262	-123.100	46	32955
Mount Olive-Silverstone-Jamestown	ON	43.747	-79.587	45	32954
Kiryas Joel	NY	41.342	-74.168	33	32954
Salisbury	MD	38.361	-75.599	33	32899
Douglasville	GA	33.752	-84.748	33	32897
Silver Lake	CA	34.087	-118.270	29	32890
Security-Widefield	CO	38.747	-104.714	9	32882
University Place	WA	47.236	-122.550	29	32842
Pullman	WA	46.731	-117.180	29	32816
West Lawn	IL	41.773	-87.722	5	32749
Mount Lebanon	PA	40.355	-80.049	33	32730
LaSalle	ON	42.245	-83.061	45	32721
Windsor	CO	40.477	-104.901	9	32716
Alabaster	AL	33.244	-86.816	5	32707
Farmers Branch	TX	32.927	-96.896	5	32689
Oildale	CA	35.420	-119.020	29	32684
La Verne	CA	34.101	-117.768	29	32681
Mason	OH	39.360	-84.310	33	32662
Eastpointe	MI	42.468	-82.955	10	32657
Bustleton	PA	40.083	-75.032	33	32655
Gillette	WY	44.291	-105.502	9	32649
Valparaiso	IN	41.473	-87.061	5	32626
Midvale	UT	40.611	-111.900	9	32613
Spring Valley	NY	41.113	-74.044	33	32598
Rome	NY	43.213	-75.456	33	32573
Lewiston	ID	46.417	-117.018	29	32544
West Village	NY	40.734	-74.009	33	32518
North Ridgeville	OH	41.389	-82.019	33	32483
Petersburg	VA	37.228	-77.402	33	32477
Santa Rosa Beach	FL	30.396	-86.229	5	32459
Ken Caryl	CO	39.576	-105.112	9	32438
Randallstown	MD	39.367	-76.795	33	32430
Westlake	OH	41.455	-81.918	33	32428
Bangor	ME	44.799	-68.773	33	32391
Clermont	FL	28.549	-81.773	33	32390
Sun Prairie	WI	43.184	-89.214	5	32365
Georgetown	KY	38.210	-84.559	33	32356
Greater Grand Crossing	IL	41.761	-87.615	5	32346
Fairbanks	AK	64.838	-147.716	0	32325
College Park	MD	38.981	-76.937	33	32301
Springville	UT	40.165	-111.611	9	32286
Natick	MA	42.283	-71.350	33	32276
Chestermere	AB	51.033	-113.819	11	32255
Massillon	OH	40.797	-81.522	33	32252
Walla Walla	WA	46.065	-118.343	29	32237
Florence	KY	38.999	-84.627	33	32227
Andover	MN	45.233	-93.291	5	32213
Hopkinsville	KY	36.866	-87.491	5	32205
Cochrane	AB	51.183	-114.469	11	32199
Overbrook	PA	39.989	-75.243	33	32181
Snowdon	QC	45.486	-73.631	45	32160
Laramie	WY	41.311	-105.591	9	32158
Greenville	MS	33.409	-91.060	5	32156
West Englewood	IL	41.778	-87.667	5	32156
Fajardo	PR	18.326	-65.652	39	32124
Bethel Park	PA	40.328	-80.040	33	32118
Cookeville	TN	36.163	-85.502	5	32113
Randolph	MA	42.163	-71.041	33	32112
Oceanside	NY	40.639	-73.640	33	32109
Danville	IL	40.124	-87.630	5	32108
Helena	MT	46.593	-112.036	9	32091
Montgomery Village	MD	39.177	-77.195	33	32032
North Olmsted	OH	41.416	-81.923	33	32004
Land O' Lakes	FL	28.219	-82.458	33	31996
Watertown	MA	42.371	-71.183	33	31915
Glastonbury	CT	41.712	-72.608	33	31876
Westmont	CA	33.941	-118.302	29	31853
Hyde Park	MA	42.256	-71.124	33	31845
Garfield	NJ	40.881	-74.113	33	31802
Laguna Hills	CA	33.613	-117.713	29	31748
West Bend	WI	43.425	-88.183	5	31695
Willingboro	NJ	40.028	-74.869	33	31668
Cicero	NY	43.176	-76.119	33	31632
Lloydminster	AB	53.272	-110.023	11	31582
Mundelein	IL	42.263	-88.004	5	31582
Centereach	NY	40.858	-73.100	33	31578
Juneau	AK	58.302	-134.420	26	31555
Mount Juliet	TN	36.200	-86.519	5	31540
Naugatuck	CT	41.486	-73.051	33	31538
San Luis	AZ	32.487	-114.782	38	31520
Stratford	ON	43.367	-80.950	45	31465
Brighton Beach	NY	40.578	-73.960	33	31462
Michigan City	IN	41.708	-86.895	5	31459
Dania Beach	FL	26.052	-80.144	33	31446
Makiki / Lower Punchbowl / Tantalus	HI	21.318	-157.831	49	31434
Lewiston Orchards	ID	46.380	-116.975	29	31422
Chilliwack-Downtown	BC	49.164	-121.959	46	31410
Côte-Saint-Luc	QC	45.465	-73.666	45	31395
Lexington	MA	42.447	-71.225	33	31394
Chatham	IL	41.741	-87.613	5	31392
Navarre	FL	30.402	-86.864	5	31378
Holly Springs	NC	35.651	-78.834	33	31377
Church-Yonge Corridor	ON	43.660	-79.379	45	31340
Willoughby	BC	49.126	-122.680	46	31305
Shawnee	OK	35.327	-96.925	5	31286
Brentwood Estates	TN	36.025	-86.779	5	31279
Galesburg	IL	40.948	-90.371	5	31273
Bowling Green	OH	41.375	-83.651	33	31246
Des Moines	WA	47.402	-122.324	29	31221
Wheat Ridge	CO	39.766	-105.077	9	31192
Niagara	ON	43.645	-79.407	45	31180
Saint-Georges	QC	46.114	-70.665	45	31173
Orillia	ON	44.609	-79.421	45	31166
Florence	AZ	33.031	-111.387	38	31110
Victoria-Fraserview	BC	49.217	-123.067	46	31065
Gurnee	IL	42.370	-87.902	5	31056
Myrtle Beach	SC	33.689	-78.887	33	31035
Parkersburg	WV	39.267	-81.562	33	30991
Miami Lakes	FL	25.909	-80.309	33	30972
Saratoga	CA	37.264	-122.023	29	30968
East Lake	FL	28.111	-82.695	33	30962
Banning	CA	33.926	-116.876	29	30945
Goleta	CA	34.436	-119.828	29	30944
Lakeside	FL	30.130	-81.768	33	30943
Long Branch	NJ	40.304	-73.992	33	30941
Fair Oaks	CA	38.645	-121.272	29	30912
Wayne	PA	40.044	-75.388	33	30892
Lake Stevens	WA	48.015	-122.064	29	30886
Dover	NH	43.198	-70.874	33	30880
Radnor	PA	40.046	-75.360	33	30878
Holladay	UT	40.669	-111.825	9	30864
Herriman	UT	40.514	-112.033	9	30835
South Kingstown	RI	41.447	-71.525	33	30826
Estero	FL	26.438	-81.807	33	30799
Ithaca	NY	42.441	-76.497	33	30788
North Tonawanda	NY	43.039	-78.864	33	30785
Brooklyn Center	MN	45.076	-93.333	5	30770
Pikesville	MD	39.374	-76.722	33	30764
New Iberia	LA	30.004	-91.819	5	30754
Alamogordo	NM	32.900	-105.960	9	30753
Orangeville	ON	43.917	-80.100	45	30734
Parkville	MD	39.377	-76.540	33	30734
Statesboro	GA	32.449	-81.783	33	30721
Fort Erie	ON	42.900	-78.933	45	30710
Morgantown	WV	39.630	-79.956	33	30708
Los Gatos	CA	37.227	-121.975	29	30705
Matthews	NC	35.117	-80.724	33	30678
Los Altos	CA	37.385	-122.114	29	30671
Clearfield	UT	41.111	-112.026	9	30653
Franklin	MA	42.083	-71.397	33	30636
Owings Mills	MD	39.420	-76.780	33	30622
Hawai‘i Kai	HI	21.296	-157.702	49	30620
Aiken	SC	33.560	-81.720	33	30604
Plainfield	IN	39.704	-86.399	16	30590
Ballwin	MO	38.595	-90.546	5	30577
Manchester	CT	41.776	-72.521	33	30577
Algonquin	IL	42.166	-88.294	5	30571
Bel Air North	MD	39.554	-76.373	33	30568
Newington	CT	41.698	-72.724	33	30562
Westfield	NJ	40.659	-74.347	33	30548
Santa Paula	CA	34.354	-119.059	29	30546
Fallbrook	CA	33.376	-117.251	29	30534
Eldersburg	MD	39.404	-76.950	33	30531
Annex	ON	43.672	-79.404	45	30526
Sherwood	AR	34.815	-92.224	5	30517
Springfield Gardens	NY	40.663	-73.762	33	30515
Lawrenceville	GA	33.956	-83.988	33	30493
Glenfield-Jane Heights	ON	43.746	-79.513	45	30491
Springfield	VA	38.789	-77.187	33	30484
Kaysville	UT	41.035	-111.939	9	30472
Granger	IN	41.753	-86.111	16	30465
Burlingame	CA	37.584	-122.366	29	30459
Post Falls	ID	47.718	-116.952	29	30453
Liberty	MO	39.246	-94.419	5	30450
West Roxbury	MA	42.279	-71.150	33	30442
Ville-Émard	QC	45.450	-73.602	45	30440
San Pablo	CA	37.962	-122.346	29	30407
Savage	MN	44.779	-93.336	5	30391
Poughkeepsie	NY	41.700	-73.921	33	30371
Texarkana	AR	33.442	-94.038	5	30353
North Royalton	OH	41.314	-81.725	33	30311
Chicago Heights	IL	41.506	-87.636	5	30284
Lebanon	TN	36.208	-86.291	5	30262
Walnut	CA	34.020	-117.865	29	30237
Okotoks	AB	50.729	-113.983	11	30214
Madison Heights	MI	42.486	-83.105	10	30198
DeLand	FL	29.028	-81.303	33	30195
Cedar City	UT	37.677	-113.062	9	30184
Parkland	FL	26.310	-80.237	33	30177
Pointe-Claire	QC	45.449	-73.817	45	30161
West Warwick	RI	41.697	-71.522	33	30146
Jamestown	NY	42.097	-79.235	33	30075
New Bern	NC	35.108	-77.044	33	30070
Rochester	NH	43.305	-70.976	33	30038
Cleburne	TX	32.348	-97.387	5	30020
Ashmont	MA	42.283	-71.069	33	30000
Bendale	ON	43.767	-79.253	45	29960
Winter Park	FL	28.600	-81.339	33	29943
Carney	MD	39.394	-76.524	33	29941
Southlake	TX	32.941	-97.134	5	29941
San Carlos	CA	37.507	-122.261	29	29931
Woodstock	GA	34.101	-84.519	33	29898
East Hill-Meridian	WA	47.411	-122.174	29	29878
Niles	IL	42.019	-87.803	5	29876
Laplace	LA	30.067	-90.481	5	29872
Westchester	FL	25.755	-80.327	33	29862
Atascadero	CA	35.489	-120.671	29	29819
Kent	OH	41.154	-81.358	33	29810
Levittown	PR	18.450	-66.182	39	29785
Gloucester	MA	42.614	-70.663	33	29781
Nicholasville	KY	37.881	-84.573	33	29754
Oak Park	MI	42.459	-83.183	10	29752
Highland Park	IL	42.182	-87.800	5	29743
Desmarchais-Crawford	QC	45.446	-73.582	45	29688
Elizabethtown	KY	37.694	-85.859	33	29678
Austintown	OH	41.102	-80.765	33	29677
North Cowichan	BC	48.841	-123.686	46	29676
East Palo Alto	CA	37.469	-122.141	29	29662
Mount Pleasant West	ON	43.704	-79.393	45	29658
South Gate	MD	39.129	-76.626	33	29658
Pueblo West	CO	38.350	-104.723	9	29637
Port Chester	NY	41.002	-73.666	33	29620
Princeton	NJ	40.349	-74.659	33	29603
Fort Cavazos	TX	31.135	-97.776	5	29589
LaGrange	GA	33.039	-85.031	33	29588
Salem	NH	42.788	-71.201	33	29549
Opelika	AL	32.645	-85.378	5	29527
Alma	QC	48.550	-71.649	45	29526
Rahway	NJ	40.608	-74.278	33	29508
North Chicago	IL	42.326	-87.841	5	29491
Middle Village	NY	40.716	-73.881	33	29491
Morristown	TN	36.214	-83.295	33	29478
Cheshire	CT	41.499	-72.901	33	29443
Branford	CT	41.280	-72.815	33	29438
Raytown	MO	39.009	-94.464	5	29401
Fruit Cove	FL	30.111	-81.642	33	29362
Port Huron	MI	42.971	-82.425	10	29330
Tewksbury	MA	42.611	-71.234	33	29326
Glenville	NY	42.929	-74.052	33	29326
Killarney	BC	49.226	-123.043	46	29325
Vega Baja	PR	18.444	-66.388	39	29325
Franklin Square	NY	40.707	-73.676	33	29320
Oak Ridge	TN	36.010	-84.270	33	29302
Longfellow Community	MN	44.943	-93.226	5	29295
Southgate	MI	42.214	-83.194	10	29293
East Haven	CT	41.276	-72.868	33	29257
Upper Alton	IL	38.911	-90.151	5	29251
Johnston	RI	41.822	-71.507	33	29247
Atwater	CA	37.348	-120.609	29	29237
West Falls Church	VA	38.865	-77.188	33	29207
Williamsport	PA	41.241	-77.001	33	29201
Duluth	GA	34.003	-84.145	33	29193
Fort Bragg	NC	35.139	-79.006	33	29183
Grandview-Woodlands	BC	49.277	-123.071	46	29175
Russellville	AR	35.278	-93.134	5	29166
Sanford	NC	35.480	-79.180	33	29144
Harker Heights	TX	31.084	-97.660	5	29142
Burbank	IL	41.734	-87.779	5	29128
Agincourt North	ON	43.804	-79.275	45	29113
Marion	IN	40.558	-85.659	16	29081
Granite City	IL	38.701	-90.149	5	29054
Milford Mill	MD	39.348	-76.770	33	29042
Lake in the Hills	IL	42.182	-88.330	5	29024
Sainte-Julie	QC	45.583	-73.332	45	29019
Evans	GA	33.534	-82.131	33	29011
O'Fallon	IL	38.592	-89.911	5	29002
Fort Hamilton	NY	40.619	-74.033	33	28966
Carlsbad	NM	32.421	-104.229	9	28957
Ferry Pass	FL	30.510	-87.212	5	28921
Airport	HI	21.340	-157.928	49	28916
Kingman	AZ	35.189	-114.053	38	28912
Orcutt	CA	34.865	-120.436	29	28905
Henderson	KY	37.836	-87.590	5	28890
Needham	MA	42.283	-71.233	33	28886
Crown Point	IN	41.417	-87.365	5	28879
Big Spring	TX	32.250	-101.479	5	28862
Dracut	MA	42.670	-71.302	33	28831
Allston	MA	42.358	-71.126	33	28821
West Kelowna	BC	49.862	-119.583	46	28793
Schererville	IN	41.479	-87.455	5	28791
Burton	MI	42.999	-83.616	10	28788
Ridgecrest	CA	35.622	-117.671	29	28780
Windsor	CT	41.853	-72.644	33	28778
Eagle Pass	TX	28.709	-100.500	5	28765
Agawam	MA	42.070	-72.615	33	28761
Weatherford	TX	32.759	-97.797	5	28742
West Elkridge	MD	39.207	-76.727	33	28734
East Chicago	IN	41.639	-87.455	5	28699
Redmond	OR	44.273	-121.174	29	28654
Jacksonville	AR	34.866	-92.110	5	28643
Socorro Mission Number 1 Colonia	TX	31.636	-106.291	9	28637
Norwood	MA	42.195	-71.200	33	28602
Northampton	MA	42.325	-72.641	33	28540
Englewood	NJ	40.893	-73.973	33	28539
Sept-Îles	QC	50.200	-66.382	45	28534
Lake Magdalene	FL	28.074	-82.472	33	28509
Perry Hall	MD	39.413	-76.464	33	28474
Maryville	TN	35.756	-83.970	33	28464
Courtenay	BC	49.687	-124.994	46	28420
Hobart	IN	41.532	-87.255	5	28404
Fresh Meadows	NY	40.735	-73.793	33	28397
Frankfort	KY	38.201	-84.873	33	28391
Mehlville	MO	38.508	-90.323	5	28380
Greer	SC	34.939	-82.227	33	28365
Lansing	IL	41.565	-87.539	5	28349
Harrison	NY	40.969	-73.713	33	28348
Monterey	CA	36.600	-121.895	29	28338
West Islip	NY	40.706	-73.306	33	28335
Desert Hot Springs	CA	33.962	-116.504	29	28335
American Fork	UT	40.377	-111.796	9	28326
Central	LA	30.554	-91.037	5	28295
Newburgh	NY	41.503	-74.010	33	28290
McCully - Moiliili	HI	21.295	-157.831	49	28249
Chamblee	GA	33.892	-84.299	33	28244
Millville	NJ	39.402	-75.039	33	28230
North Andover	MA	42.699	-71.135	33	28222
SeaTac	WA	47.448	-122.292	29	28215
Elmira	NY	42.090	-76.808	33	28213
Spring Valley	CA	32.745	-116.999	29	28205
Stockbridge	GA	33.544	-84.234	33	28202
Whitehorse	YT	60.716	-135.054	47	28201
Glen Ellyn	IL	41.878	-88.067	5	28201
Monroeville	PA	40.421	-79.788	33	28176
Fredericton Northside	NB	45.976	-66.641	32	28167
Benicia	CA	38.049	-122.159	29	28167
Fredericksburg	VA	38.303	-77.461	33	28118
Suisun	CA	38.238	-122.040	29	28111
Aberdeen	SD	45.465	-98.486	5	28102
Cranberry Township	PA	40.685	-80.107	33	28098
Garfield Heights	OH	41.417	-81.606	33	28097
South Chicago	IL	41.740	-87.554	5	28095
Cataño	PR	18.441	-66.118	39	28093
Cornelius	NC	35.487	-80.860	33	28092
Oakdale	MN	44.963	-92.965	5	28080
Oak Forest	IL	41.603	-87.744	5	28074
Garner	NC	35.711	-78.614	33	28053
Holmesburg	PA	40.041	-75.028	33	28046
Drexel Hill	PA	39.947	-75.292	33	28043
Vestal	NY	42.085	-76.054	33	28043
North Kingstown	RI	41.550	-71.466	33	28042
Bella Vista	AR	36.481	-94.271	5	27999
Melrose	MA	42.458	-71.066	33	27997
Fitchburg	WI	42.961	-89.470	5	27996
Gramercy Park	NY	40.737	-73.986	33	27988
Wellesley	MA	42.296	-71.293	33	27982
Enterprise	AL	31.315	-85.855	5	27978
Winchester	NV	36.130	-115.119	29	27978
Slidell	LA	30.275	-89.781	5	27942
University Heights	NY	40.860	-73.909	33	27935
Wexford/Maryvale	ON	43.749	-79.299	45	27917
West Springfield	MA	42.107	-72.620	33	27912
Dodge City	KS	37.753	-100.017	5	27912
Paragould	AR	36.058	-90.497	5	27900
Maywood	CA	33.987	-118.185	29	27888
South Riverdale	ON	43.649	-79.336	45	27876
Seguin	TX	29.569	-97.965	5	27864
Shirley	NY	40.801	-72.868	33	27854
Livingston	NJ	40.796	-74.315	33	27853
Round Lake Beach	IL	42.372	-88.090	5	27852
Marpole	BC	49.214	-123.130	46	27843
Sterling	VA	39.006	-77.429	33	27822
Middletown	NY	41.446	-74.423	33	27812
Fountain	CO	38.682	-104.701	9	27767
Saratoga Springs	NY	43.083	-73.785	33	27765
St. James-Assiniboia East	MB	49.890	-97.227	48	27755
Kirkwood	MO	38.583	-90.407	5	27750
Drexel Heights	AZ	32.141	-111.028	38	27749
Deer Park	NY	40.762	-73.329	33	27745
Lafayette	CO	39.994	-105.090	9	27729
Fridley	MN	45.086	-93.263	5	27713
West Scarborough	ME	43.570	-70.388	33	27706
Queensbury	NY	43.377	-73.613	33	27703
Banbury-Don Mills	ON	43.738	-79.350	45	27695
Roslindale	MA	42.291	-71.124	33	27683
Rexburg	ID	43.826	-111.790	3	27663
Wheeling	WV	40.064	-80.721	33	27648
Shaker Heights	OH	41.474	-81.537	33	27646
Mililani Town	HI	21.450	-158.015	49	27629
Bergenfield	NJ	40.928	-73.997	33	27621
Marshalltown	IA	42.049	-92.908	5	27620
York University Heights	ON	43.766	-79.489	45	27593
Tucker	GA	33.855	-84.217	33	27581
Nutley	NJ	40.822	-74.160	33	27572
Port Richmond	PA	39.993	-75.100	33	27554
Lake Jackson	TX	29.034	-95.434	5	27533
Port Moody	BC	49.281	-122.825	46	27512
Plum	PA	40.500	-79.749	33	27505
Windsor	CA	38.547	-122.816	29	27464
West Chicago	IL	41.885	-88.204	5	27447
Tam O'Shanter-Sullivan	ON	43.780	-79.295	45	27446
Allen Park	MI	42.258	-83.211	10	27425
Wilmette	IL	42.072	-87.723	5	27413
Imperial Beach	CA	32.584	-117.113	29	27408
Glen Cove	NY	40.862	-73.634	33	27400
Syracuse	UT	41.089	-112.065	9	27395
West Hill	ON	43.767	-79.180	45	27392
Maryland Heights	MO	38.713	-90.430	5	27389
Mason City	IA	43.154	-93.201	5	27366
Saint-Constant	QC	45.367	-73.566	45	27359
Crofton	MD	39.002	-76.687	33	27348
Anderson	SC	34.503	-82.650	33	27335
Eagle Mountain	UT	40.314	-112.007	9	27332
Grimsby	ON	43.200	-79.566	45	27314
College Point	NY	40.788	-73.846	33	27307
Dieppe	NB	46.078	-64.687	32	27304
Winchester	VA	39.186	-78.163	33	27284
Lindenhurst	NY	40.687	-73.373	33	27277
Spanaway	WA	47.104	-122.435	29	27227
Belmont	CA	37.520	-122.276	29	27218
Hunts Point	NY	40.813	-73.884	33	27204
Holbrook	NY	40.812	-73.078	33	27195
New London	CT	41.356	-72.100	33	27179
Conception Bay South	NL	47.500	-52.998	43	27168
Paso Robles	CA	35.627	-120.691	29	27157
Tualatin	OR	45.384	-122.764	29	27154
Fleming Island	FL	30.093	-81.719	33	27126
Winona	MN	44.050	-91.639	5	27094
Agua Caliente	CA	38.324	-122.488	29	27090
Thomasville	NC	35.883	-80.082	33	27061
Casselberry	FL	28.678	-81.328	33	27056
Don Valley Village	ON	43.783	-79.354	45	27051
Eureka	CA	40.802	-124.164	29	27017
East Saint Louis	IL	38.624	-90.151	5	27006
Garden City	KS	37.972	-100.873	5	27005
Alton	IL	38.891	-90.184	5	27003
Milton	MA	42.250	-71.066	33	27003
University Park	FL	25.746	-80.368	33	26995
Auburn	NY	42.932	-76.566	33	26985
Clairlea-Birchmount	ON	43.714	-79.281	45	26984
Williston	ND	48.147	-103.618	5	26977
Paramus	NJ	40.945	-74.075	33	26974
Back Mountain	PA	41.336	-75.996	33	26973
West Milford	NJ	41.131	-74.367	33	26968
Jeffersontown	KY	38.194	-85.564	27	26946
Garden City	MI	42.326	-83.331	10	26920
Horn Lake	MS	34.955	-90.035	5	26915
Stoughton	MA	42.125	-71.102	33	26915
Easton	PA	40.688	-75.221	33	26915
Prairieville	LA	30.303	-90.972	5	26895
Hyde Park	IL	41.794	-87.594	5	26893
Dix Hills	NY	40.805	-73.336	33	26892
Gladstone	MO	39.204	-94.555	5	26861
Cutler Ridge	FL	25.581	-80.347	33	26831
Independence	KY	38.943	-84.544	33	26819
Bolton	ON	43.880	-79.738	45	26795
Watertown	NY	43.975	-75.911	33	26780
Wooster	OH	40.805	-81.936	33	26749
Bessemer	AL	33.402	-86.954	5	26730
Merrimack	NH	42.865	-71.493	33	26726
Lemon Grove	CA	32.743	-117.031	29	26709
Kankakee	IL	41.120	-87.861	5	26676
Wethersfield	CT	41.714	-72.653	33	26668
Bristol	TN	36.595	-82.189	33	26666
McHenry	IL	42.333	-88.267	5	26657
Saugus	MA	42.465	-71.010	33	26628
Stevens Point	WI	44.524	-89.575	5	26604
West Linn	OR	45.366	-122.612	29	26593
Superior	WI	46.721	-92.104	5	26579
Milliken	ON	43.825	-79.299	45	26572
Tujunga	CA	34.252	-118.288	29	26527
Greenville	TX	33.138	-96.111	5	26515
Magna	UT	40.709	-112.102	9	26505
Batavia	IL	41.850	-88.313	5	26495
Cantonment	FL	30.609	-87.340	5	26493
Danvers	MA	42.575	-70.930	33	26493
Boisbriand	QC	45.617	-73.832	45	26483
Shoreview	MN	45.079	-93.147	5	26477
Paradise	CA	39.760	-121.622	29	26476
Fremont	NE	41.433	-96.498	5	26474
Smithtown	NY	40.856	-73.201	33	26470
Pearl	MS	32.275	-90.132	5	26462
Mansfield City	CT	41.766	-72.234	33	26439
Mercerville-Hamilton Square	NJ	40.231	-74.672	33	26419
North Creek	WA	47.820	-122.176	29	26410
Carbondale	IL	37.727	-89.217	5	26399
Westport	CT	41.141	-73.358	33	26391
Medina	OH	41.138	-81.864	33	26339
Bay Shore	NY	40.725	-73.245	33	26337
Kahului	HI	20.889	-156.473	49	26337
Leisure City	FL	25.495	-80.429	33	26324
Vernon Hills	IL	42.219	-87.980	5	26314
Zionsville	IN	39.951	-86.262	16	26296
Norco	CA	33.931	-117.549	29	26289
Wasco	CA	35.594	-119.341	29	26279
Westminster-Branson	ON	43.779	-79.452	45	26274
Mount Pleasant	WI	42.697	-87.856	5	26272
Fortuna Foothills	AZ	32.658	-114.412	38	26265
Barberton	OH	41.013	-81.605	33	26234
Kingsville	TX	27.516	-97.856	5	26225
Statesville	NC	35.783	-80.887	33	26221
Plainview	NY	40.776	-73.467	33	26217
Laurel	MD	39.099	-76.848	33	26215
Carrollton	GA	33.580	-85.077	33	26203
South Pasadena	CA	34.116	-118.150	29	26151
Howard Beach	NY	40.658	-73.836	33	26148
Englewood	IL	41.780	-87.646	5	26121
Four Corners	FL	28.333	-81.647	33	26116
South Laurel	MD	39.070	-76.850	33	26112
Asheboro	NC	35.708	-79.814	33	26103
Buenaventura Lakes	FL	28.336	-81.353	33	26079
Clinton	IA	41.844	-90.189	5	26064
Mount Pleasant	MI	43.598	-84.768	10	26060
Twentynine Palms	CA	34.136	-116.054	29	26025
Huntley	IL	42.168	-88.428	5	26005
Pennsport	PA	39.928	-75.150	33	26000
Xenia	OH	39.685	-83.930	33	25976
Reisterstown	MD	39.470	-76.832	33	25968
Central 14th Street / Spring Road	DC	38.937	-77.033	33	25899
Green	OH	40.946	-81.483	33	25898
Brawley	CA	32.979	-115.530	29	25897
Yukon	OK	35.507	-97.763	5	25892
Ellendale	TN	35.231	-89.826	5	25882
Beltline	AB	51.040	-114.071	11	25880
Opportunity	WA	47.650	-117.240	29	25877
Forest Hills	MI	42.959	-85.490	10	25867
Lafayette	CA	37.886	-122.118	29	25843
Ramsey	MN	45.261	-93.450	5	25828
Suitland	MD	38.849	-76.924	33	25825
Pleasure Ridge Park	KY	38.145	-85.858	27	25813
Rosedale	NY	40.662	-73.735	33	25812
New Lenox	IL	41.512	-87.966	5	25800
Madison	MS	32.462	-90.115	5	25799
Bay Street Corridor	ON	43.658	-79.386	45	25797
Neenah	WI	44.186	-88.463	5	25792
Alvin	TX	29.424	-95.244	5	25791
Vaudreuil-Dorion	QC	45.400	-74.033	45	25789
Key West	FL	24.555	-81.782	33	25755
Randolph	NJ	40.848	-74.581	33	25734
Temple Terrace	FL	28.035	-82.389	33	25731
Owatonna	MN	44.084	-93.226	5	25725
Homewood	AL	33.472	-86.801	5	25708
Sahuarita	AZ	31.958	-110.956	38	25707
Thetford-Mines	QC	46.094	-71.305	45	25704
Centretown	ON	45.415	-75.696	45	25687
Maple Valley	WA	47.393	-122.046	29	25686
Walnut Grove	BC	49.165	-122.640	46	25683
Hazelwood	MO	38.771	-90.371	5	25661
Troy	OH	40.039	-84.203	33	25659
Coquitlam West	BC	49.257	-122.879	46	25656
Lemoore	CA	36.301	-119.783	29	25647
Mint Hill	NC	35.180	-80.647	33	25627
Ridgewood	NJ	40.979	-74.117	33	25621
Long Island City	NY	40.745	-73.949	33	25595
Cabot	AR	34.975	-92.017	5	25587
Rhawnhurst	PA	40.062	-75.056	33	25581
Reedley	CA	36.596	-119.450	29	25569
Edgewood	MD	39.419	-76.294	33	25562
Meadow Woods	FL	28.386	-81.366	33	25558
South Portland	ME	43.641	-70.241	33	25556
Downtown Halifax	NS	44.648	-63.578	15	25555
Val-d'Or	QC	48.097	-77.797	45	25541
West Whittier-Los Nietos	CA	33.976	-118.069	29	25540
Panorama Hills	AB	51.153	-114.081	11	25535
Lebanon	PA	40.341	-76.411	33	25534
Zanesville	OH	39.940	-82.013	33	25498
Prince Edward	ON	44.000	-77.249	45	25496
Colleyville	TX	32.881	-97.155	5	25487
Canton	GA	34.237	-84.491	33	25469
Ossining	NY	41.163	-73.862	33	25441
Salem	VA	37.293	-80.055	33	25432
Burlington	IA	40.808	-91.113	5	25410
Saratoga Springs	UT	40.349	-111.905	9	25407
Melrose Park	IL	41.901	-87.857	5	25379
Starkville	MS	33.450	-88.820	5	25366
Lochearn	MD	39.341	-76.722	33	25333
Chanhassen	MN	44.862	-93.531	5	25332
Hercules	CA	38.017	-122.289	29	25314
Galt	CA	38.255	-121.300	29	25303
Prior Lake	MN	44.713	-93.423	5	25282
Castlewood	CO	39.585	-104.901	9	25271
Grandview	MO	38.886	-94.533	5	25256
Clinton	MS	32.342	-90.322	5	25254
Yarmouth	MA	41.706	-70.229	33	25243
Sainte-Thérèse	QC	45.639	-73.828	45	25224
Steveston	BC	49.127	-123.181	46	25220
Sandusky	OH	41.449	-82.708	33	25212
Balch Springs	TX	32.729	-96.623	5	25210
White Bear Lake	MN	45.085	-93.010	5	25205
Chaska	MN	44.789	-93.602	5	25199
Harvey	IL	41.610	-87.647	5	25194
Middle River	MD	39.334	-76.439	33	25191
Woodstock	IL	42.315	-88.449	5	25189
Ardmore	OK	34.174	-97.144	5	25176
Lockport	IL	41.589	-88.058	5	25175
Woodburn	OR	45.144	-122.855	29	25173
Wyandotte	MI	42.214	-83.150	10	25156
Mauldin	SC	34.779	-82.310	33	25135
Belvidere	IL	42.264	-88.844	5	25132
Moscow	ID	46.732	-117.000	29	25060
Milford	MA	42.140	-71.516	33	25055
West Memphis	AR	35.146	-90.185	5	25052
Stonegate-Queensway	ON	43.636	-79.501	45	25051
Athens	OH	39.329	-82.101	33	25044
Mercer Island	WA	47.571	-122.222	29	25042
Bridgeton	NJ	39.427	-75.234	33	25031
Maplewood	NJ	40.731	-74.273	33	25008
Dorset Park	ON	43.754	-79.282	45	25003
Soledad	CA	36.425	-121.326	29	25003
Brooklin	ON	43.958	-78.960	45	25000
Fraser Heights	BC	49.200	-122.783	46	25000
Fallingbrook	ON	45.476	-75.484	45	25000
Farmington	CT	41.720	-72.832	33	25000
Brownsburg	IN	39.843	-86.398	16	24996
Saginaw Township North	MI	43.460	-84.007	10	24994
Edwardsville	IL	38.811	-89.953	5	24992
Riverside	OH	39.780	-84.124	33	24972
Athens	AL	34.802	-86.972	5	24966
Woodbridge	CA	33.677	-117.794	29	24966
Liliha - Kapalama	HI	21.337	-157.854	49	24953
Sanger	CA	36.708	-119.556	29	24950
Westmont	IL	41.796	-87.976	5	24941
Wakefield	MA	42.506	-71.073	33	24932
San Fernando	CA	34.282	-118.439	29	24931
Rockledge	FL	28.351	-80.725	33	24926
Hastings	NE	40.586	-98.388	5	24924
Cave Spring	VA	37.228	-80.013	33	24922
North Tustin	CA	33.764	-117.794	29	24917
East Amherst	NY	43.018	-78.697	33	24914
Daphne	AL	30.604	-87.904	5	24896
Whitehall Township	PA	40.667	-75.500	33	24896
Paducah	KY	37.083	-88.600	5	24864
Cliffside Park	NJ	40.821	-73.988	33	24857
Elmwood Park	IL	41.921	-87.809	5	24840
Vineyard	CA	38.464	-121.347	29	24836
Lodi	NJ	40.882	-74.083	33	24835
Hazleton	PA	40.958	-75.975	33	24825
South Granville	BC	49.260	-123.139	46	24820
Coronado	CA	32.686	-117.183	29	24812
Hillside	NY	40.708	-73.787	33	24808
Eagle River	AK	61.321	-149.568	0	24793
South Salt Lake	UT	40.719	-111.888	9	24788
Paris	TX	33.661	-95.556	5	24782
Mō‘ili‘ili	HI	21.295	-157.830	49	24778
Northport	AL	33.229	-87.577	5	24772
University Park	TX	32.850	-96.800	5	24759
Uniondale	NY	40.700	-73.593	33	24759
Ponca City	OK	36.707	-97.086	5	24758
Muskego	WI	42.906	-88.139	5	24755
Collinsville	IL	38.670	-89.985	5	24754
Reading	MA	42.526	-71.095	33	24747
Short Pump	VA	37.650	-77.612	33	24729
Belmont	MA	42.396	-71.179	33	24729
Dedham	MA	42.242	-71.166	33	24729
Alta Vista	ON	45.386	-75.658	45	24726
De Pere	WI	44.449	-88.060	5	24724
Caledonia	WI	42.808	-87.924	5	24684
Inkster	MI	42.294	-83.310	10	24672
Vincentown	NJ	39.934	-74.748	33	24664
Bixby	OK	35.942	-95.883	5	24657
Emporia	KS	38.404	-96.182	5	24649
Fort Dodge	IA	42.497	-94.168	5	24649
Walker	MI	43.001	-85.768	10	24647
Ottumwa	IA	41.020	-92.411	5	24624
Steeles	ON	43.812	-79.331	45	24623
Junction City	KS	39.029	-96.831	5	24621
Seal Beach	CA	33.741	-118.105	29	24619
Tarpon Springs	FL	28.146	-82.757	33	24605
Franklin	IN	39.481	-86.055	16	24598
Herndon	VA	38.970	-77.386	33	24568
Austin	MN	43.667	-92.975	5	24563
Sachse	TX	32.976	-96.595	5	24554
Sun City West	AZ	33.662	-112.341	38	24535
Watauga	TX	32.858	-97.255	5	24525
Burlington	MA	42.505	-71.196	33	24498
San Benito	TX	26.133	-97.631	5	24496
Freeport	IL	42.297	-89.621	5	24476
Forest Grove	OR	45.520	-123.111	29	24457
Palmetto Bay	FL	25.622	-80.325	33	24439
Staunton	VA	38.150	-79.073	33	24416
Selma	CA	36.571	-119.612	29	24414
South Windsor	CT	41.824	-72.621	33	24412
North Potomac	MD	39.083	-77.265	33	24410
Bridlewood	ON	45.285	-75.857	45	24400
Waterdown	ON	43.333	-79.883	45	24400
Homer Glen	IL	41.600	-87.938	5	24395
Saint-Bruno-de-Montarville	QC	45.533	-73.349	45	24388
Coral Terrace	FL	25.746	-80.305	33	24376
Norfolk	NE	42.028	-97.417	5	24366
Saddle Ridge	AB	51.133	-113.947	11	24365
Midland	ON	44.750	-79.883	45	24353
Ridgeland	MS	32.428	-90.132	5	24351
Scaggsville	MD	39.145	-76.900	33	24333
Cudahy	CA	33.961	-118.185	29	24311
Washington	UT	37.131	-113.508	9	24299
New Smyrna Beach	FL	29.026	-80.927	33	24298
South Plainfield	NJ	40.579	-74.412	33	24290
Pasadena	MD	39.119	-76.571	33	24287
Coquitlam Town Centre	BC	49.277	-122.797	46	24282
Columbine	CO	39.588	-105.069	9	24280
Greenbelt	MD	39.005	-76.876	33	24272
South Riding	VA	38.921	-77.504	33	24256
Citrus Park	FL	28.078	-82.570	33	24252
Boca Del Mar	FL	26.345	-80.147	33	24244
Newport	RI	41.490	-71.313	33	24232
Norton Shores	MI	43.169	-86.264	10	24208
Barstow Heights	CA	34.870	-117.056	29	24202
Rockville Centre	NY	40.659	-73.641	33	24201
Searcy	AR	35.251	-91.736	5	24196
North Platte	NE	41.124	-100.765	5	24194
Rolling Meadows	IL	42.084	-88.013	5	24190
Carteret	NJ	40.577	-74.228	33	24170
Immokalee	FL	26.419	-81.417	33	24154
Woodlawn	IL	41.779	-87.599	5	24150
Medford	NY	40.818	-73.000	33	24142
Lawndale	PA	40.050	-75.092	33	24134
Riverbank	CA	37.736	-120.935	29	24122
Zion	IL	42.446	-87.833	5	24117
Trotwood	OH	39.797	-84.311	33	24096
North Haven	CT	41.391	-72.860	33	24093
Summerlin South	NV	36.117	-115.330	29	24085
Mahwah	NJ	41.089	-74.144	33	24062
Loma Linda	CA	34.048	-117.261	29	24045
Peekskill	NY	41.290	-73.920	33	24043
Keystone	FL	28.156	-82.621	33	24039
Baldwin	NY	40.656	-73.609	33	24033
Fairfax	VA	38.846	-77.306	33	24013
Maywood	IL	41.879	-87.843	5	24012
Sebastian	FL	27.816	-80.471	33	24007
Chinatown	BC	49.280	-123.106	46	24000
East Gwillimbury	ON	44.101	-79.438	45	23991
Mile End	QC	45.524	-73.596	45	23977
Holt	MI	42.641	-84.515	10	23973
Muscatine	IA	41.424	-91.043	5	23968
Elk River	MN	45.304	-93.567	5	23963
Rock Springs	WY	41.587	-109.203	9	23962
Golden Gate	FL	26.188	-81.695	33	23961
Outremont	QC	45.516	-73.609	45	23954
Corsicana	TX	32.095	-96.469	5	23952
Hialeah Gardens	FL	25.865	-80.325	33	23926
High Park-Swansea	ON	43.645	-79.468	45	23925
Waverly	MI	42.739	-84.621	10	23925
Hunt Valley	MD	39.500	-76.641	33	23915
Fuquay-Varina	NC	35.584	-78.800	33	23907
Fountain Hills	AZ	33.612	-111.717	38	23899
Unionport	NY	40.827	-73.850	33	23895
Champlin	MN	45.189	-93.397	5	23894
South Portland Gardens	ME	43.639	-70.315	33	23893
Brockville	ON	44.591	-75.687	45	23886
Centerville	OH	39.628	-84.159	33	23882
Strathroy	ON	42.955	-81.622	45	23871
Bloomington	CA	34.070	-117.396	29	23851
Bainbridge Island	WA	47.626	-122.521	29	23840
Newtonbrook West	ON	43.786	-79.431	45	23831
Morrisville	NC	35.823	-78.826	33	23820
Marshall	TX	32.545	-94.367	5	23820
Squamish	BC	49.699	-123.156	46	23819
Watertown	WI	43.195	-88.729	5	23819
Kernersville	NC	36.120	-80.074	33	23811
Dickinson	ND	46.879	-102.790	9	23765
Agincourt South-Malvern West	ON	43.789	-79.266	45	23757
Old Bridge	NJ	40.415	-74.365	33	23753
Fort Washington	MD	38.707	-77.023	33	23717
Dinuba	CA	36.543	-119.387	29	23702
Van Nest	NY	40.848	-73.864	33	23700
Barstow	CA	34.899	-117.023	29	23692
Fairland	MD	39.076	-76.958	33	23681
White Rock	BC	49.020	-122.795	46	23670
Brookings	SD	44.311	-96.798	5	23657
Blue Island	IL	41.657	-87.680	5	23652
Faribault	MN	44.295	-93.269	5	23650
Chestnut Hill	MA	42.331	-71.166	33	23649
Baileys Crossroads	VA	38.850	-77.130	33	23643
Eagle	ID	43.695	-116.354	3	23612
Norland	FL	25.949	-80.212	33	23604
Scotch Plains	NJ	40.655	-74.390	33	23584
Glenville	OH	41.533	-81.617	33	23559
El Cerrito	CA	37.916	-122.312	29	23549
Brandon	MS	32.273	-89.986	5	23529
Derby	KS	37.546	-97.269	5	23509
Rouyn-Noranda	QC	48.237	-79.023	45	23504
Frankford	PA	40.014	-75.079	33	23503
Graham	WA	47.053	-122.294	29	23491
Ilchester	MD	39.251	-76.765	33	23476
Bayonet Point	FL	28.327	-82.683	33	23467
Easton	MA	42.025	-71.129	33	23459
Loves Park	IL	42.320	-89.058	5	23455
Avon Lake	OH	41.505	-82.028	33	23453
San Lorenzo	CA	37.674	-122.133	29	23452
Morton Grove	IL	42.041	-87.783	5	23448
Kingston	NY	41.927	-73.997	33	23436
McDonough	GA	33.447	-84.147	33	23417
Romulus	MI	42.222	-83.397	10	23417
Rosemount	MN	44.739	-93.126	5	23413
Northwest One	DC	38.904	-77.012	33	23386
Mansfield	MA	42.033	-71.219	33	23380
Eloise	FL	27.995	-81.738	33	23366
Laguna Beach	CA	33.542	-117.783	29	23365
Springfield	PA	39.931	-75.320	33	23363
La Prairie	QC	45.417	-73.499	45	23357
Bellview	FL	30.462	-87.315	5	23355
Manoa	HI	21.316	-157.804	49	23343
Terrytown	LA	29.910	-90.033	5	23319
Crestview	FL	30.762	-86.571	5	23270
Keene	NH	42.934	-72.278	33	23265
Greenwood	SC	34.195	-82.162	33	23260
Gallup	NM	35.528	-108.743	9	23240
Bedford Park-Nortown	ON	43.731	-79.420	45	23236
South Old Bridge	NJ	40.408	-74.354	33	23233
Duncan	OK	34.502	-97.958	5	23231
Tecumseh	ON	42.316	-82.884	45	23229
Dupont Circle	DC	38.908	-77.044	33	23226
Griffin	GA	33.247	-84.264	33	23211
Dolton	IL	41.639	-87.607	5	23197
Webster Groves	MO	38.593	-90.357	5	23177
Belton	MO	38.812	-94.532	5	23168
Columbus	MS	33.496	-88.427	5	23168
Denison	TX	33.756	-96.537	5	23150
East Elmhurst	NY	40.761	-73.865	33	23150
Kerrville	TX	30.047	-99.140	5	23136
Pooler	GA	32.115	-81.247	33	23133
Mequon	WI	43.216	-88.030	5	23132
Vicksburg	MS	32.353	-90.878	5	23131
Wright	FL	30.456	-86.638	5	23127
Morrisania	NY	40.829	-73.907	33	23127
Pacific Palisades	CA	34.048	-118.526	29	23121
Palm City	FL	27.168	-80.266	33	23120
Middleborough	MA	41.893	-70.911	33	23116
Arnold	MD	39.032	-76.503	33	23106
Isla Vista	CA	34.413	-119.861	29	23096
Vero Beach South	FL	27.616	-80.413	33	23092
Van Buren	AR	35.437	-94.348	5	23081
East Peoria	IL	40.666	-89.580	5	23080
Landover	MD	38.934	-76.897	33	23078
Windham	CT	41.700	-72.157	33	23072
Jacksonville Beach	FL	30.295	-81.393	33	23064
Calabasas	CA	34.158	-118.638	29	23058
Broadmoor	BC	49.150	-123.133	46	23050
Solon	OH	41.390	-81.441	33	23043
Chantilly	VA	38.894	-77.431	33	23039
Candler-McAfee	GA	33.727	-84.272	33	23025
Ladner	BC	49.089	-123.082	46	23016
Roselle	IL	41.985	-88.080	5	22994
Copiague	NY	40.681	-73.400	33	22993
Westpark	CA	33.685	-117.814	29	22993
Munster	IN	41.564	-87.513	5	22984
Ladera Ranch	CA	33.571	-117.636	29	22980
Lisle	IL	41.801	-88.075	5	22964
Paradise	NL	47.529	-52.881	43	22957
Picnic Point-North Lynnwood	WA	47.863	-122.295	29	22953
East Naples	FL	26.138	-81.766	33	22951
Crystal	MN	45.033	-93.360	5	22943
Cloverleaf	TX	29.778	-95.172	5	22942
Dixiana	AL	33.740	-86.649	5	22940
Highland	IN	41.554	-87.452	5	22936
Machesney Park	IL	42.347	-89.039	5	22927
Morgan Park	IL	41.690	-87.667	5	22924
Noe Valley	CA	37.750	-122.434	29	22893
East Tremont	NY	40.845	-73.891	33	22886
Pelham	AL	33.286	-86.810	5	22885
Auburn	ME	44.098	-70.231	33	22871
Tremont	NY	40.850	-73.906	33	22870
Lincolnia	VA	38.818	-77.143	33	22855
Valinda	CA	34.045	-117.944	29	22822
Marysville	OH	40.236	-83.367	33	22817
Haines City	FL	28.114	-81.620	33	22807
Columbus	NE	41.430	-97.368	5	22797
Bristol	RI	41.677	-71.266	33	22795
Millbrae	CA	37.599	-122.387	29	22795
Cariboo	BC	49.250	-122.883	46	22780
Newberg	OR	45.300	-122.973	29	22780
Eglinton East	ON	43.739	-79.246	45	22776
The Crossings	FL	25.671	-80.401	33	22758
Valley Station	KY	38.111	-85.870	27	22756
Lennox	CA	33.938	-118.353	29	22753
East Lake-Orient Park	FL	27.983	-82.379	33	22753
Farmington	MN	44.640	-93.144	5	22731
Wilsonville	OR	45.300	-122.774	29	22729
Hutto	TX	30.543	-97.547	5	22722
Bloomingdale	FL	27.894	-82.240	33	22711
West Odessa	TX	31.842	-102.499	5	22707
Inglewood-Finn Hill	WA	47.720	-122.232	29	22707
Oak Harbor	WA	48.293	-122.643	29	22693
‘Ewa Gentry	HI	21.340	-158.030	49	22690
Oak Ridge	FL	28.471	-81.425	33	22685
Rosemont	CA	38.552	-121.365	29	22681
Auburn Hills	MI	42.688	-83.234	10	22672
Halifax West End	NS	44.649	-63.619	15	22664
Pottstown	PA	40.245	-75.650	33	22664
West Puente Valley	CA	34.052	-117.968	29	22636
Maple Heights	OH	41.415	-81.566	33	22631
Willoughby	OH	41.640	-81.406	33	22631
Benbrook	TX	32.673	-97.461	5	22629
Cranford	NJ	40.658	-74.300	33	22627
Vedder Crossing	BC	49.100	-121.967	46	22620
Garden City	NY	40.727	-73.634	33	22612
Chambly	QC	45.450	-73.282	45	22608
Farmington	UT	40.980	-111.887	9	22566
Wasco	IL	41.938	-88.405	5	22560
Riley Park	BC	49.243	-123.093	46	22555
Hastings	MN	44.743	-92.852	5	22554
Avon	OH	41.452	-82.035	33	22544
Visitacion Valley	CA	37.717	-122.404	29	22534
North Augusta	SC	33.502	-81.965	33	22522
Guilford	CT	41.289	-72.682	33	22498
Cottage Lake	WA	47.744	-122.077	29	22494
Mount Pearl	NL	47.517	-52.781	43	22477
Corcoran	CA	36.098	-119.560	29	22477
Melrose	NY	40.825	-73.910	33	22470
East Patchogue	NY	40.767	-72.996	33	22469
West Springfield	VA	38.773	-77.221	33	22460
Wahiawā-Whitmore	HI	21.506	-158.034	49	22448
Hudson	OH	41.240	-81.441	33	22437
Port Hueneme	CA	34.148	-119.195	29	22423
Holiday	FL	28.188	-82.740	33	22403
Near South Side	IL	41.857	-87.625	5	22401
Radcliff	KY	37.840	-85.949	33	22387
Hopewell	VA	37.304	-77.287	33	22378
New Castle	PA	41.004	-80.347	33	22375
Grand Boulevard	IL	41.814	-87.617	5	22373
Englemount-Lawrence	ON	43.720	-79.437	45	22372
South Elgin	IL	41.994	-88.292	5	22365
Prichard	AL	30.739	-88.079	5	22351
New Brighton	MN	45.066	-93.202	5	22351
Anniston	AL	33.660	-85.832	5	22347
Palm Springs	FL	26.636	-80.096	33	22341
Ruston	LA	32.523	-92.638	5	22340
Wilmington	MA	42.546	-71.174	33	22325
Barceloneta	PR	18.451	-66.539	39	22322
Edmonds	BC	49.214	-122.940	46	22318
Midlothian	TX	32.482	-96.994	5	22318
Oxford	MS	34.367	-89.519	5	22314
Birchcliffe-Cliffside	ON	43.695	-79.265	45	22291
Oakdale	CA	37.767	-120.847	29	22259
Darien	IL	41.752	-87.974	5	22256
Bloomingdale	IL	41.958	-88.081	5	22254
Rockcliffe-Smythe	ON	43.675	-79.494	45	22246
Northwood	CA	33.714	-117.761	29	22218
Venice	FL	27.100	-82.454	33	22211
Ludlow	MA	42.160	-72.476	33	22201
Duncan	BC	48.783	-123.703	46	22199
South Bradenton	FL	27.463	-82.582	33	22178
High Park North	ON	43.656	-79.475	45	22162
Willowridge-Martingrove-Richview	ON	43.684	-79.554	45	22156
Hillside	NJ	40.701	-74.230	33	22155
Foggy Bottom	DC	38.901	-77.062	33	22146
North Plainfield	NJ	40.630	-74.427	33	22140
Acworth	GA	34.066	-84.678	33	22131
Pascagoula	MS	30.366	-88.556	5	22126
Sunny Isles Beach	FL	25.951	-80.123	33	22123
Kingsville	ON	42.100	-82.733	45	22119
Roseburg	OR	43.217	-123.342	29	22114
Oxford	OH	39.507	-84.745	33	22104
Merrick	NY	40.663	-73.552	33	22097
Somerset	NJ	40.498	-74.488	33	22083
Moses Lake	WA	47.130	-119.278	29	22082
Saginaw	TX	32.860	-97.364	5	22079
Greater Northdale	FL	28.105	-82.526	33	22079
Northdale	FL	28.094	-82.506	33	22079
Summit	NJ	40.716	-74.365	33	22074
Watertown	SD	44.899	-97.115	5	22073
Alliance	OH	40.915	-81.106	33	22055
Kalispell	MT	48.196	-114.313	9	22052
South Holland	IL	41.601	-87.607	5	22043
Kenmore	WA	47.757	-122.244	29	22030
Del City	OK	35.442	-97.441	5	22022
Derry	NH	42.881	-71.327	33	22015
Hamtramck	MI	42.393	-83.050	10	22002
Kingsview Village-The Westway	ON	43.699	-79.548	45	22000
Great Kills	NY	40.554	-74.152	33	22000
Wekiwa Springs	FL	28.699	-81.426	33	21998
Leesburg	FL	28.811	-81.878	33	21993
Duarte	CA	34.139	-117.977	29	21990
Converse	TX	29.518	-98.316	5	21987
Villa Park	IL	41.890	-87.989	5	21969
Decatur	GA	33.775	-84.296	33	21957
Park Forest	IL	41.491	-87.674	5	21954
Christiansburg	VA	37.130	-80.409	33	21943
Flemingdon Park	ON	43.718	-79.332	45	21933
Jurupa Valley	CA	33.993	-117.516	29	21930
Logan	PA	40.028	-75.152	33	21926
Ashland	CA	37.695	-122.114	29	21925
West and East Lealman	FL	27.820	-82.689	33	21924
Farragut	TN	35.885	-84.154	33	21919
La Porte	IN	41.608	-86.714	5	21916
Mount Vernon Triangle	DC	38.902	-77.017	33	21897
Prairie Village	KS	38.992	-94.634	5	21877
Smithfield	RI	41.922	-71.550	33	21872
Clarksville	IN	38.297	-85.760	27	21866
Wadsworth	OH	41.026	-81.730	33	21860
South Parkdale	ON	43.637	-79.439	45	21849
Camas	WA	45.587	-122.400	29	21846
Fort Walton Beach	FL	30.421	-86.617	5	21817
Geneva	IL	41.888	-88.305	5	21806
Brent	FL	30.469	-87.236	5	21804
South Euclid	OH	41.523	-81.518	33	21794
Collingwood	ON	44.483	-80.216	45	21793
Brushy Creek	TX	30.514	-97.740	5	21764
Westchase	FL	28.055	-82.610	33	21747
Sugar Hill	GA	34.106	-84.034	33	21747
Black Creek	ON	43.765	-79.522	45	21737
Chillicothe	OH	39.333	-82.982	33	21727
South Lake Tahoe	CA	38.933	-119.984	29	21706
Anthem	AZ	33.867	-112.147	38	21700
West Carson	CA	33.822	-118.293	29	21699
Massapequa	NY	40.681	-73.474	33	21685
Canton	MA	42.158	-71.145	33	21679
Roselle	NJ	40.652	-74.259	33	21670
Lincoln	RI	41.921	-71.435	33	21670
Lumberton	NC	34.618	-79.010	33	21667
Taylors	SC	34.920	-82.296	33	21617
Yucca Valley	CA	34.114	-116.432	29	21600
Tsawwassen	BC	49.017	-123.083	46	21588
Westford	MA	42.579	-71.438	33	21587
Rittenhouse	PA	39.948	-75.172	33	21582
Guayama	PR	17.984	-66.114	39	21575
The Beaches	ON	43.674	-79.295	45	21567
Edgewater	FL	28.989	-80.902	33	21566
Allison Park	PA	40.560	-79.959	33	21552
Baie-Comeau	QC	49.217	-68.149	45	21536
Bloomfield	CT	41.826	-72.730	33	21535
Bay Point	CA	38.029	-121.962	29	21534
Portsmouth	NH	43.077	-70.758	33	21530
Sedalia	MO	38.704	-93.228	5	21516
Naples	FL	26.142	-81.796	33	21512
Patterson	CA	37.472	-121.130	29	21498
Greenfield	IN	39.785	-85.769	16	21497
Waynesboro	VA	38.068	-78.889	33	21491
H Street NE	DC	38.900	-76.996	33	21480
Bedford	NS	44.726	-63.667	15	21474
Fort St. John	BC	56.250	-120.853	8	21465
Albertville	AL	34.268	-86.209	5	21462
Wissinoming	PA	40.022	-75.063	33	21445
Stoneham	MA	42.480	-71.100	33	21437
Tustin Legacy	CA	33.700	-117.826	29	21428
Basking Ridge	NJ	40.706	-74.549	33	21424
Perrysburg	OH	41.557	-83.627	33	21423
Erie	CO	40.050	-105.050	9	21420
Klamath Falls	OR	42.225	-121.782	29	21399
Clinton	UT	41.140	-112.050	9	21399
Bayview Village	ON	43.776	-79.380	45	21396
Green Valley	AZ	31.854	-110.994	38	21391
Evans	CO	40.376	-104.692	9	21383
Mandan	ND	46.827	-100.890	37	21382
East End-Danforth	ON	43.684	-79.299	45	21381
Winchester	MA	42.452	-71.137	33	21374
Okemos	MI	42.722	-84.427	10	21369
Arnold	MO	38.433	-90.378	5	21357
East Moline	IL	41.501	-90.444	5	21350
Owen Sound	ON	44.567	-80.943	45	21341
West Pensacola	FL	30.427	-87.280	5	21339
Kinston	NC	35.263	-77.582	33	21337
Shelbyville	TN	35.483	-86.460	5	21317
Marquette	MI	46.544	-87.395	10	21297
Fairfield Heights	IN	39.829	-86.382	16	21285
Biddeford	ME	43.493	-70.453	33	21282
Gordon Head	BC	48.483	-123.317	46	21270
Golden Valley	MN	45.010	-93.349	5	21270
Canyon Lake	TX	29.875	-98.263	5	21262
Conda	ID	42.728	-111.532	3	21260
Oxford	AL	33.614	-85.835	5	21249
Dunbar-Southlands	BC	49.242	-123.188	46	21245
South Milwaukee	WI	42.911	-87.861	5	21233
Marina	CA	36.684	-121.802	29	21229
Mukilteo	WA	47.945	-122.305	29	21226
Oakwood Village	ON	43.683	-79.438	45	21210
Rancho San Diego	CA	32.747	-116.935	29	21208
Charleston	IL	39.496	-88.176	5	21196
Bedford	NH	42.946	-71.516	33	21188
Uxbridge	ON	44.100	-79.116	45	21176
Pleasant Plains	DC	38.931	-77.030	33	21174
Carrboro	NC	35.910	-79.075	33	21156
Crest Hill	IL	41.555	-88.099	5	21153
Saint Andrews	SC	34.043	-81.101	33	21151
Thorncliffe Park	ON	43.708	-79.350	45	21108
Ashland	KY	38.478	-82.638	33	21108
Townline	BC	49.062	-122.360	46	21095
Hays	KS	38.879	-99.327	5	21092
ʻEwa Beach-Iroquois Point	HI	21.315	-157.991	49	21088
Mililani Mauka	HI	21.478	-157.995	49	21075
Ferguson	MO	38.744	-90.305	5	21059
Conway	SC	33.836	-79.048	33	21053
Laurelton	NY	40.670	-73.747	33	21053
Lino Lakes	MN	45.160	-93.089	5	21050
West Lake Stevens	WA	47.993	-122.102	29	21047
Haney	BC	49.217	-122.600	46	21041
New Hope	MN	45.038	-93.387	5	21032
Palm River-Clair Mel	FL	27.924	-82.379	33	21024
Trussville	AL	33.620	-86.609	5	21023
Woodrow	NY	40.541	-74.191	33	21005
Keswick	ON	44.250	-79.466	45	21000
Corinth	TX	33.154	-97.065	5	20998
Varennes	QC	45.683	-73.432	45	20994
Mountlake Terrace	WA	47.788	-122.309	29	20989
Chester	VA	37.357	-77.442	33	20987
Nixa	MO	37.043	-93.294	5	20984
East Ridge	TN	35.014	-85.252	33	20979
Makakilo-Makaīwa Hills-Kunia	HI	21.367	-158.073	49	20967
Rosedale-Moore Park	ON	43.683	-79.380	45	20923
Plainview	TX	34.185	-101.707	5	20919
Grayslake	IL	42.344	-88.042	5	20915
Agoura Hills	CA	34.136	-118.775	29	20915
Acton	MA	42.485	-71.433	33	20897
Sanford	ME	43.439	-70.774	33	20893
Silver Firs	WA	47.866	-122.155	29	20891
Hauppauge	NY	40.826	-73.203	33	20882
Kīhei	HI	20.765	-156.446	49	20881
South El Monte	CA	34.052	-118.047	29	20878
Kaimukī	HI	21.279	-157.801	49	20878
Arvin	CA	35.209	-118.828	29	20876
Johnston	IA	41.673	-93.698	5	20871
Gardner	KS	38.811	-94.927	5	20868
Lathrop	CA	37.823	-121.277	29	20866
Ashland	OR	42.195	-122.709	29	20861
Sidney	OH	40.284	-84.156	33	20858
Birmingham	MI	42.547	-83.211	10	20857
Cranston	AB	50.889	-113.981	11	20850
Sweetwater	FL	25.763	-80.373	33	20840
Milwaukie	OR	45.446	-122.639	29	20830
East Millcreek	UT	40.700	-111.810	9	20816
Grand Island	NY	43.033	-78.963	33	20813
Union City	GA	33.587	-84.542	33	20805
Woodlawn	VA	38.717	-77.133	33	20804
Clarence-Rockland	ON	45.550	-75.291	45	20790
Piqua	OH	40.145	-84.242	33	20790
Lomita	CA	33.792	-118.315	29	20785
Evergreen	AB	50.929	-114.100	11	20780
Cockeysville	MD	39.481	-76.644	33	20776
Fergus	ON	43.706	-80.378	45	20767
Easley	SC	34.830	-82.602	33	20765
New Springville	NY	40.593	-74.163	33	20756
Pleasantville	NJ	39.390	-74.524	33	20755
Liberal	KS	37.043	-100.921	5	20746
Palisades Park	NJ	40.848	-73.998	33	20743
Jenks	OK	36.023	-95.968	5	20740
Simpsonville	SC	34.737	-82.254	33	20736
Latham	NY	42.747	-73.759	33	20736
Darien	CT	41.079	-73.469	33	20732
Pleasant Prairie	WI	42.553	-87.933	5	20726
Port Alberni	BC	49.241	-124.803	46	20712
NoMa	DC	38.904	-77.006	33	20700
Mountain Brook	AL	33.501	-86.752	5	20691
Chambersburg	PA	39.938	-77.661	33	20691
Adrian	MI	41.898	-84.037	10	20691
West Melbourne	FL	28.072	-80.653	33	20679
Wasaga Beach	ON	44.517	-80.016	45	20675
East Garfield Park	IL	41.881	-87.703	5	20656
Rotterdam	NY	42.787	-73.971	33	20652
Lakeside	CA	32.857	-116.922	29	20648
Kalihi Valley	HI	21.364	-157.843	49	20647
Bethany	OR	45.558	-122.868	29	20646
Lake Worth Corridor	FL	26.616	-80.101	33	20635
Winter Gardens	CA	32.831	-116.933	29	20631
Lockport	NY	43.171	-78.690	33	20624
Lebanon	OH	39.435	-84.203	33	20623
Wade Hampton	SC	34.904	-82.333	33	20622
Murphy	TX	33.015	-96.613	5	20610
Coralville	IA	41.676	-91.580	5	20608
Ensley	FL	30.519	-87.273	5	20602
Riverview	NB	46.055	-64.816	32	20584
Sapulpa	OK	35.999	-96.114	5	20579
Renfrew Heights	BC	49.254	-123.032	46	20570
American Canyon	CA	38.175	-122.261	29	20554
South San Jose Hills	CA	34.013	-117.905	29	20551
Belton	TX	31.056	-97.464	5	20547
Agoura	CA	34.143	-118.738	29	20537
Bayville	NJ	39.909	-74.155	33	20512
Moss Park	ON	43.655	-79.372	45	20506
Westmount	QC	45.483	-73.599	45	20494
Kirkland	QC	45.450	-73.866	45	20491
Arbutus	MD	39.255	-76.700	33	20483
Hammond	LA	30.505	-90.463	5	20480
Ile-des-Soeurs	QC	45.460	-73.548	45	20461
Schofield-Wheeler	HI	21.484	-158.047	49	20452
Libertyville	IL	42.283	-87.953	5	20436
Pittsburg	KS	37.411	-94.705	5	20409
Portsmouth	OH	38.732	-82.998	33	20409
Camrose	AB	53.017	-112.835	11	20405
Granite Bay	CA	38.763	-121.164	29	20402
Charlestown	MA	42.378	-71.062	33	20397
Louisville	CO	39.978	-105.132	9	20396
Humacao	PR	18.150	-65.827	39	20387
Northfield	MN	44.458	-93.162	5	20380
Rocky River	OH	41.476	-81.839	33	20376
Raymore	MO	38.802	-94.453	5	20374
Middletown	DE	39.450	-75.716	33	20372
Havelock	NC	34.879	-76.901	33	20364
Lindsay	ON	44.350	-78.733	45	20354
Harvey	LA	29.904	-90.077	5	20348
Yellowknife	NT	62.454	-114.372	11	20340
Gardner	MA	42.575	-71.998	33	20333
Golden	CO	39.756	-105.221	9	20330
Douglas	IL	41.835	-87.618	5	20323
Cartersville	GA	34.165	-84.802	33	20319
Ashland	OH	40.869	-82.318	33	20317
Oakleaf Plantation	FL	30.171	-81.835	33	20315
Affton	MO	38.551	-90.333	5	20307
Yauco	PR	18.035	-66.850	39	20295
Ramona	CA	33.042	-116.868	29	20292
Cambria Heights	NY	40.695	-73.738	33	20287
Elmwood Park	NJ	40.904	-74.118	33	20279
Elko	NV	40.832	-115.763	29	20279
Hollis	NY	40.713	-73.767	33	20269
Brooklyn Heights	NY	40.695	-73.994	33	20256
Nogales	AZ	31.340	-110.934	38	20252
Parma Heights	OH	41.390	-81.760	33	20246
La Cañada Flintridge	CA	34.199	-118.188	29	20246
Mustang	OK	35.384	-97.724	5	20226
Rose Hill	VA	38.789	-77.113	33	20226
East Northport	NY	40.877	-73.325	33	20217
Glen Avon	CA	34.012	-117.485	29	20199
Sulphur	LA	30.237	-93.377	5	20189
Shelby	NC	35.292	-81.536	33	20189
Montville Center	CT	41.479	-72.151	33	20180
Ferndale	MI	42.461	-83.135	10	20177
South Saint Paul	MN	44.893	-93.035	5	20160
Lynn Haven	FL	30.245	-85.648	5	20156
Lents	OR	45.480	-122.567	29	20156
Lake Ronkonkoma	NY	40.835	-73.131	33	20155
Millburn	NJ	40.725	-74.304	33	20149
Lexington	SC	33.982	-81.236	33	20138
Murrysville	PA	40.428	-79.698	33	20134
Cumberland	MD	39.653	-78.763	33	20130
Stephenville	TX	32.221	-98.202	5	20120
Oregon	OH	41.644	-83.487	33	20102
Eastmont	WA	47.897	-122.182	29	20101
Monroe	MI	41.916	-83.398	10	20092
Coconut Grove	FL	25.713	-80.257	33	20076
West Mifflin	PA	40.363	-79.866	33	20075
Haddington	PA	39.966	-75.238	33	20073
Cranbrook	BC	49.500	-115.769	11	20047
Mill Creek	WA	47.860	-122.204	29	20043
Pace	FL	30.599	-87.161	5	20039
Miamisburg	OH	39.643	-84.287	33	20034
Palm Valley	FL	30.177	-81.388	33	20019
Rolla	MO	37.951	-91.771	5	20019
Tukwila	WA	47.474	-122.261	29	20018
Templeton-Est	QC	45.494	-75.588	45	20000
Woodlawn	NS	44.677	-63.527	15	20000
New Caney	TX	30.155	-95.211	5	20000
DeBary	FL	28.883	-81.309	33	19998
Lyndhurst	NJ	40.812	-74.124	33	19996
Lake Zurich	IL	42.197	-88.093	5	19993
Germantown	WI	43.229	-88.110	5	19993
Bryant	AR	34.596	-92.489	5	19986
Eustis	FL	28.853	-81.685	33	19986
Universal City	TX	29.548	-98.291	5	19986
Newburg	KY	38.160	-85.660	27	19967
Johnstown	PA	40.327	-78.922	33	19966
Socastee	SC	33.684	-78.998	33	19952
Ypsilanti	MI	42.241	-83.613	10	19945
North Bellmore	NY	40.691	-73.533	33	19941
King of Prussia	PA	40.089	-75.396	33	19936
Hayesville	OR	44.986	-122.983	29	19936
Cortlandt Manor	NY	41.280	-73.872	33	19929
Warrensburg	MO	38.763	-93.736	5	19927
Mokena	IL	41.526	-87.889	5	19923
Halifax South End	NS	44.629	-63.577	15	19922
Norwood	OH	39.156	-84.460	33	19915
Mariners Harbor	NY	40.637	-74.159	33	19905
Bonney Lake	WA	47.177	-122.187	29	19903
Dickinson	TX	29.461	-95.051	5	19895
Saint-Lazare	QC	45.400	-74.133	45	19889
Clifton	CO	39.092	-108.449	9	19889
Lealman	FL	27.821	-82.679	33	19879
Waikīkī	HI	21.285	-157.836	49	19862
Hermosa Beach	CA	33.862	-118.400	29	19860
L'Île-Bizard–Sainte-Geneviève	QC	45.494	-73.896	45	19857
Selden	NY	40.866	-73.036	33	19851
Clemmons	NC	36.022	-80.382	33	19844
West Chester	PA	39.961	-75.608	33	19842
Evergreen Park	IL	41.721	-87.702	5	19841
Southbury	CT	41.481	-73.213	33	19836
Baldwin	PA	40.338	-79.979	33	19819
Huntsville	ON	45.333	-79.216	45	19816
Marblehead	MA	42.500	-70.858	33	19808
Norton	MA	41.967	-71.187	33	19808
Plattsburgh	NY	44.699	-73.453	33	19806
North Salt Lake	UT	40.849	-111.907	9	19796
Sand Springs	OK	36.140	-96.109	5	19783
Westwood Plateau	BC	49.305	-122.793	46	19776
Painesville	OH	41.724	-81.246	33	19776
Diamond Head / Kapahulu / Saint Louis Heights	HI	21.277	-157.811	49	19769
Greenfield	MA	42.588	-72.600	33	19753
Hartranft	PA	39.985	-75.147	33	19748
Pickerington	OH	39.884	-82.754	33	19745
New Canaan	CT	41.147	-73.495	33	19738
Albany	CA	37.887	-122.298	29	19735
Snellville	GA	33.857	-84.020	33	19733
Fox Chase	PA	40.081	-75.080	33	19730
Sparta	NJ	41.033	-74.638	33	19722
Lower Lonsdale	BC	49.314	-123.073	46	19718
Columbia Heights	MN	45.041	-93.263	5	19715
Holtsville	NY	40.815	-73.045	33	19714
Tuscany	AB	51.124	-114.245	11	19700
Salmon Creek	WA	45.711	-122.649	29	19686
Kingsessing	PA	39.937	-75.230	33	19668
La Crescenta-Montrose	CA	34.232	-118.235	29	19653
Maywood	BC	49.222	-123.006	46	19650
Spanish Lake	MO	38.788	-90.216	5	19650
Willmar	MN	45.122	-95.043	5	19638
Tysons	VA	38.919	-77.231	33	19627
Forest Lake	MN	45.279	-92.985	5	19618
Bethany	OK	35.519	-97.632	5	19589
Sun City	CA	33.709	-117.197	29	19579
Montclair	VA	38.611	-77.340	33	19570
Lynbrook	NY	40.655	-73.672	33	19558
Orchards	WA	45.667	-122.561	29	19556
Eastchester	NY	40.958	-73.809	33	19554
Payson	UT	40.044	-111.732	9	19548
West Saint Paul	MN	44.916	-93.102	5	19540
Madisonville	KY	37.328	-87.499	5	19539
Ives Estates	FL	25.962	-80.177	33	19525
Selma	AL	32.407	-87.021	5	19519
Papillion	NE	41.154	-96.042	5	19510
Montgomery	IL	41.731	-88.346	5	19489
Badger	AK	64.800	-147.533	0	19482
Seymour	IN	38.959	-85.890	16	19478
Lake Shore	MD	39.107	-76.485	33	19477
McKeesport	PA	40.348	-79.864	33	19453
Pinecrest	FL	25.667	-80.308	33	19452
Weirton Heights	WV	40.408	-80.539	33	19450
Port Angeles	WA	48.118	-123.431	29	19448
Terrace	BC	54.516	-128.603	46	19443
North Battleford	SK	52.780	-108.297	41	19440
Hazel Dell	WA	45.672	-122.663	29	19435
Salmon Arm	BC	50.700	-119.269	46	19432
Angleton	TX	29.169	-95.432	5	19429
Fernley	NV	39.608	-119.252	29	19418
Alice	TX	27.752	-98.070	5	19408
Lake Forest	IL	42.259	-87.841	5	19408
Battle Ground	WA	45.781	-122.533	29	19407
Dixon	CA	38.445	-121.823	29	19390
Forest Park	GA	33.622	-84.369	33	19383
Mamaroneck	NY	40.949	-73.733	33	19375
Homewood	IL	41.557	-87.666	5	19373
Bear	DE	39.629	-75.658	33	19371
Bayou Cane	LA	29.624	-90.751	5	19355
Orange	TX	30.093	-93.737	5	19347
Alsip	IL	41.669	-87.739	5	19346
Lutz	FL	28.151	-82.461	33	19344
Green Haven	MD	39.140	-76.548	33	19326
Lexington	NC	35.824	-80.253	33	19326
Corner Brook	NL	48.950	-57.952	43	19316
Bellwood	IL	41.881	-87.883	5	19308
Clayton	NC	35.651	-78.456	33	19304
Central Falls	RI	41.891	-71.392	33	19303
Sun Valley	NV	39.596	-119.776	29	19299
Horizon City	TX	31.693	-106.207	9	19288
Sherwood	OR	45.357	-122.840	29	19283
Waterford	CT	41.342	-72.136	33	19281
Orinda	CA	37.877	-122.180	29	19279
Pinole	CA	38.004	-122.299	29	19269
Woodbridge	NJ	40.558	-74.285	33	19265
Sun City Center	FL	27.718	-82.352	33	19258
Rosedale	MD	39.320	-76.516	33	19257
Altamont	OR	42.207	-121.737	29	19257
Howard	WI	44.544	-88.088	5	19250
Niu Valley	HI	21.284	-157.737	49	19250
Alamo	TX	26.184	-98.123	5	19246
Broadview Heights	OH	41.314	-81.685	33	19229
Upper Saint Clair	PA	40.336	-80.083	33	19229
Haslett	MI	42.747	-84.401	10	19220
West Elsdon	IL	41.794	-87.725	5	19219
Newton	KS	38.047	-97.345	5	19216
Glassboro	NJ	39.703	-75.112	33	19216
Altus	OK	34.638	-99.334	5	19214
Blythe	CA	33.610	-114.596	29	19208
Silverdale	WA	47.645	-122.695	29	19204
Covington	WA	47.358	-122.122	29	19197
Matteson	IL	41.504	-87.713	5	19195
Beaconsfield	QC	45.433	-73.866	45	19194
Tumwater	WA	47.007	-122.909	29	19190
Old Jamestown	MO	38.835	-90.285	5	19184
Weirton	WV	40.419	-80.590	33	19175
White Oak	OH	39.213	-84.599	33	19167
Carlisle	PA	40.201	-77.189	33	19143
Mineola	NY	40.749	-73.641	33	19139
Shelbyville	IN	39.521	-85.777	16	19133
Tullahoma	TN	35.362	-86.209	5	19128
Ozark	MO	37.021	-93.206	5	19120
Secaucus	NJ	40.790	-74.057	33	19104
Jacksonville	IL	39.734	-90.229	5	19103
Fairwood	WA	47.448	-122.157	29	19102
Madison	CT	41.280	-72.598	33	19100
Cole Harbour	NS	44.672	-63.475	15	19096
Camp Springs	MD	38.804	-76.907	33	19096
Ronkonkoma	NY	40.821	-73.143	33	19082
Saco	ME	43.501	-70.443	33	19078
Maple Shade	NJ	39.953	-74.992	33	19077
Hawthorne	NJ	40.949	-74.154	33	19074
Fresno	TX	29.539	-95.447	5	19069
East Massapequa	NY	40.673	-73.437	33	19069
Amherst Center	MA	42.375	-72.519	33	19065
Montrose	CO	38.478	-107.876	9	19062
Marion Oaks	FL	29.009	-82.183	33	19034
Brownwood	TX	31.709	-98.991	5	19031
Southbridge	MA	42.075	-72.033	33	19030
Deerfield	IL	42.171	-87.845	5	19019
Castaic	CA	34.489	-118.623	29	19015
Ennis	TX	32.329	-96.625	5	19007
Ellensburg	WA	46.997	-120.548	29	19001
Columbia City	WA	47.564	-122.275	29	19000
Claremore	OK	36.313	-95.616	5	18997
Waukee	IA	41.612	-93.885	5	18990
Jasmine Estates	FL	28.293	-82.690	33	18989
Melville	NY	40.793	-73.415	33	18985
Petworth	DC	38.946	-77.025	33	18983
Kew Gardens	NY	40.714	-73.831	33	18983
Dorval	QC	45.447	-73.753	45	18980
Middleton	WI	43.097	-89.504	5	18979
Bartow	FL	27.896	-81.843	33	18972
Sylvania	OH	41.719	-83.713	33	18965
Rio Rico	AZ	31.471	-110.976	38	18962
Ala Moana - Kakaʻako	HI	21.296	-157.857	49	18957
Murray	KY	36.610	-88.315	5	18954
Arlington	WA	48.199	-122.125	29	18949
North Druid Hills	GA	33.817	-84.313	33	18947
Brookfield	IL	41.824	-87.852	5	18944
North Bay Shore	NY	40.753	-73.260	33	18944
Stonegate	CA	33.705	-117.740	29	18938
Mont-Royal	QC	45.517	-73.649	45	18933
Avon	CT	41.810	-72.831	33	18932
Milledgeville	GA	33.080	-83.232	33	18931
Beloeil	QC	45.568	-73.206	45	18927
Stillwater	MN	45.056	-92.806	5	18924
Cortland	NY	42.601	-76.180	33	18907
Augusta	ME	44.311	-69.779	33	18899
Berea	OH	41.366	-81.854	33	18874
Capitol Riverfront	DC	38.878	-77.003	33	18874
Twinsburg	OH	41.313	-81.440	33	18872
Wantagh	NY	40.684	-73.510	33	18871
West Hempstead	NY	40.705	-73.650	33	18862
Ansonia	CT	41.346	-73.079	33	18854
Troy	AL	31.809	-85.970	5	18853
Mayfield Heights	OH	41.519	-81.458	33	18840
Laurel	MS	31.694	-89.131	5	18837
Syosset	NY	40.826	-73.502	33	18829
Alliston	ON	44.150	-79.866	45	18809
Brook Park	OH	41.398	-81.805	33	18809
Union Hill-Novelty Hill	WA	47.679	-122.028	29	18805
Thorold	ON	43.117	-79.200	45	18801
Erlanger	KY	39.017	-84.601	33	18797
Park View	DC	38.932	-77.024	33	18796
Rossville	NY	40.549	-74.210	33	18792
South Burlington	VT	44.467	-73.171	33	18791
Mount Greenwood	IL	41.698	-87.709	5	18783
Quispamsis	NB	45.421	-65.951	32	18768
Casa de Oro-Mount Helix	CA	32.764	-116.969	29	18762
Langley Park	MD	38.989	-76.981	33	18755
Brigham City	UT	41.510	-112.016	9	18752
Thomasville	GA	30.837	-83.979	33	18742
Fairmont	WV	39.485	-80.143	33	18733
Fairhope	AL	30.523	-87.903	5	18730
Mission Hill	MA	42.334	-71.108	33	18722
Greater Upper Marlboro	MD	38.831	-76.748	33	18720
Frederickson	WA	47.096	-122.359	29	18719
Dewdney East	SK	50.454	-104.547	41	18715
Evanston	AB	51.164	-114.123	11	18710
Iselin	NJ	40.575	-74.322	33	18695
Suwanee	GA	34.051	-84.071	33	18694
Whitehall	OH	39.967	-82.885	33	18694
Rutherford	NJ	40.826	-74.107	33	18690
Islip	NY	40.730	-73.210	33	18689
Forest Park	OH	39.290	-84.504	33	18676
O'Connor-Parkview	ON	43.707	-79.312	45	18675
Westminster	MD	39.575	-76.996	33	18670
New Glasgow	NS	45.583	-62.649	15	18665
Frankfort	IL	41.496	-87.849	5	18653
Niles	OH	41.183	-80.765	33	18651
Marshfield	WI	44.669	-90.172	5	18620
Tillsonburg	ON	42.860	-80.726	45	18615
North St.James Town	ON	43.670	-79.375	45	18615
Lorton	VA	38.704	-77.228	33	18610
Morristown	NJ	40.797	-74.482	33	18594
Eringate-Centennial-West Deane	ON	43.658	-79.580	45	18588
Rivière-du-Loup	QC	47.827	-69.542	45	18586
Pitt Meadows	BC	49.221	-122.690	46	18573
Gautier	MS	30.386	-88.612	5	18570
Bourbonnais	IL	41.154	-87.888	5	18569
Goodings Grove	IL	41.629	-87.931	5	18569
Macomb	IL	40.459	-90.672	5	18547
Point Pleasant	NJ	40.083	-74.068	33	18523
Bellaire	TX	29.706	-95.459	5	18518
El Reno	OK	35.532	-97.955	5	18516
East Mount Airy	PA	40.065	-75.188	33	18516
Chowchilla	CA	37.123	-120.260	29	18510
Mead Valley	CA	33.833	-117.296	29	18510
Hyattsville	MD	38.956	-76.946	33	18501
Cayey	PR	18.112	-66.166	39	18494
Happy Valley	OR	45.447	-122.530	29	18493
Central Lonsdale	BC	49.326	-123.072	46	18485
Downtown Eastside	BC	49.282	-123.094	46	18477
Onalaska	WI	43.884	-91.235	5	18468
Round Lake	IL	42.353	-88.093	5	18461
Stafford	TX	29.616	-95.558	5	18459
Yorkville	IL	41.641	-88.447	5	18451
Winchester	KY	37.990	-84.180	33	18446
North Ogden	UT	41.307	-111.960	9	18446
Hespeler	ON	43.433	-80.316	45	18445
Bensenville	IL	41.955	-87.940	5	18440
Forney	TX	32.748	-96.472	5	18418
Monsey	NY	41.111	-74.068	33	18412
Fern Creek	KY	38.160	-85.588	27	18409
Carey	BC	48.472	-123.395	46	18405
Shenandoah	LA	30.401	-91.001	5	18399
El Dorado	AR	33.208	-92.666	5	18386
Trenton	MI	42.139	-83.178	10	18380
Ashtabula	OH	41.865	-80.790	33	18371
Natchitoches	LA	31.761	-93.086	5	18365
Cudahy	WI	42.960	-87.861	5	18353
Dover	NJ	40.884	-74.562	33	18346
Ottawa	IL	41.346	-88.843	5	18342
Shafter	CA	35.501	-119.272	29	18336
Midlothian	VA	37.506	-77.649	33	18320
Amesbury	MA	42.858	-70.930	33	18313
Franklin Park	IL	41.935	-87.866	5	18312
Meadowbrook	VA	37.449	-77.474	33	18312
McAlester	OK	34.933	-95.770	5	18310
Port Colborne	ON	42.900	-79.233	45	18306
Punta Gorda Isles	FL	26.918	-82.078	33	18306
Palestine	TX	31.762	-95.631	5	18288
Sherrelwood	CO	39.838	-105.001	9	18287
Creve Coeur	MO	38.661	-90.423	5	18276
Ballenger Creek	MD	39.373	-77.435	33	18274
Cinco Ranch	TX	29.739	-95.758	5	18274
Helena	AL	33.296	-86.844	5	18264
Palmer	MA	42.158	-72.329	33	18261
Belle Glade	FL	26.685	-80.668	33	18251
Makakilo	HI	21.352	-158.087	49	18248
Franconia	VA	38.782	-77.146	33	18245
Eastlake	OH	41.654	-81.450	33	18232
Manchester	MO	38.597	-90.509	5	18229
Cameron Park	CA	38.669	-120.987	29	18228
Steubenville	OH	40.370	-80.634	33	18219
Springboro	OH	39.552	-84.233	33	18213
Wallingford Center	CT	41.450	-72.819	33	18209
Lanham-Seabrook	MD	38.968	-76.851	33	18190
Clark-Fulton	OH	41.464	-81.710	33	18185
Farmington	MO	37.781	-90.422	5	18181
Wîhkwêntôwin	AB	53.543	-113.522	11	18180
Pampa	TX	35.536	-100.960	5	18177
Somerset	MA	41.770	-71.129	33	18165
Florida Ridge	FL	27.580	-80.387	33	18164
Five Corners	WA	45.685	-122.575	29	18159
Boone	NC	36.217	-81.675	33	18156
Seminole	FL	27.840	-82.791	33	18153
Punta Gorda	FL	26.930	-82.045	33	18150
Rosamond	CA	34.864	-118.163	29	18150
Cutler	FL	25.615	-80.311	33	18117
Mattoon	IL	39.483	-88.373	5	18113
Arroyo Grande	CA	35.119	-120.591	29	18108
Anacortes	WA	48.513	-122.613	29	18103
Cobourg	ON	43.960	-78.165	45	18099
Auburn Bay	AB	50.888	-113.959	11	18090
Monroe	WA	47.855	-121.971	29	18090
Rancho Mirage	CA	33.740	-116.413	29	18083
Limerick	PA	40.231	-75.522	33	18074
Mililani Mauka / Launani Valley	HI	21.479	-157.988	49	18072
Blundell	BC	49.155	-123.157	46	18065
Wilton	CT	41.195	-73.438	33	18062
Huntington	NY	40.868	-73.426	33	18046
Ojus	FL	25.948	-80.151	33	18036
Santa Fe Springs	CA	33.947	-118.085	29	18026
Oak Bay	BC	48.450	-123.303	46	18015
Vincennes	IN	38.677	-87.529	5	18012
Amsterdam	NY	42.939	-74.188	33	18008
Durango	CO	37.275	-107.880	9	18006
Dumont	NJ	40.941	-73.997	33	18001
Hanahan	SC	32.919	-80.022	33	17997
Central Point	OR	42.376	-122.916	29	17995
Stony Plain	AB	53.533	-114.002	11	17993
Weston	ON	43.704	-79.515	45	17992
Highland	UT	40.425	-111.794	9	17989
Elizabeth City	NC	36.295	-76.251	33	17988
Newburyport	MA	42.813	-70.877	33	17982
Rockland	MA	42.131	-70.916	33	17982
Westbrook	ME	43.677	-70.371	33	17978
St. Marys	GA	30.731	-81.546	33	17968
Cary	IL	42.212	-88.238	5	17965
Lackawanna	NY	42.826	-78.823	33	17965
Kensington-Chinatown	ON	43.654	-79.397	45	17945
Westerly	RI	41.378	-71.827	33	17936
Maumelle	AR	34.867	-92.404	5	17931
Leland	NC	34.256	-78.045	33	17924
Amos	QC	48.567	-78.116	45	17918
Wisconsin Rapids	WI	44.384	-89.817	5	17897
Lenoir	NC	35.914	-81.539	33	17888
North Massapequa	NY	40.701	-73.462	33	17886
Scarsdale	NY	41.005	-73.785	33	17885
Nanuet	NY	41.089	-74.013	33	17882
Gretna	LA	29.915	-90.054	5	17880
Sheridan	WY	44.797	-106.956	9	17873
North Amityville	NY	40.698	-73.425	33	17862
Tacony	PA	40.031	-75.044	33	17846
Arcata	CA	40.867	-124.083	29	17843
Hannibal	MO	39.708	-91.358	5	17839
Wahiawā	HI	21.503	-158.025	49	17821
Colonial Heights	VA	37.268	-77.407	33	17820
St. Andrew-Windfields	ON	43.756	-79.379	45	17812
Marion	IL	37.731	-88.933	5	17803
Colonia	NJ	40.575	-74.302	33	17795
Logansport	IN	40.754	-86.357	16	17793
Oswego	NY	43.455	-76.510	33	17787
Linda	CA	39.128	-121.551	29	17773
Tinton Falls	NJ	40.304	-74.100	33	17772
Godfrey	IL	38.956	-90.187	5	17759
Brookhaven-Amesbury	ON	43.701	-79.486	45	17757
Portsmouth	RI	41.602	-71.250	33	17756
Times Square	NY	40.756	-73.986	33	17749
West Garfield Park	IL	41.881	-87.729	5	17742
Willimantic	CT	41.711	-72.208	33	17737
Calverton	MD	39.058	-76.936	33	17724
Oxon Hill	MD	38.803	-76.990	33	17722
Takoma Park	MD	38.978	-77.007	33	17713
Wallingford	CT	41.457	-72.823	33	17712
Sycamore	IL	41.989	-88.687	5	17712
Cocoa	FL	28.386	-80.742	33	17711
Martinsburg	WV	39.456	-77.964	33	17700
Marco Island	FL	25.941	-81.718	33	17690
Tiffin	OH	41.114	-83.178	33	17687
Hunting Park	PA	40.017	-75.144	33	17682
Albert Lea	MN	43.648	-93.368	5	17674
Golden Triangle	DC	38.905	-77.044	33	17674
Esquimalt	BC	48.436	-123.412	46	17655
South Hadley	MA	42.258	-72.575	33	17652
Juniata Park	PA	40.008	-75.109	33	17643
Shaw	DC	38.912	-77.021	33	17639
Ocean Springs	MS	30.411	-88.828	5	17636
Candelaria	PR	18.404	-66.209	39	17631
Taradale	AB	51.118	-113.937	11	17630
Hinsdale	IL	41.801	-87.937	5	17628
Brightwood	DC	38.961	-77.027	33	17624
New Castle	IN	39.929	-85.370	16	17621
Winthrop	MA	42.375	-70.983	33	17618
Lindenwold	NJ	39.824	-74.998	33	17613
Kenwood	IL	41.809	-87.598	5	17601
Bay City	TX	28.983	-95.969	5	17598
Hopkins	MN	44.925	-93.463	5	17591
Allendale	MI	42.972	-85.954	10	17579
University City	PA	39.951	-75.195	33	17578
Back Bay	MA	42.350	-71.087	33	17577
Fiddlesticks	ON	43.395	-80.287	45	17576
Menasha	WI	44.202	-88.447	5	17572
Palos Hills	IL	41.697	-87.817	5	17565
Prunedale	CA	36.776	-121.670	29	17560
Culpeper	VA	38.473	-77.997	33	17557
Stevenson Ranch	CA	34.390	-118.574	29	17557
South Houston	TX	29.663	-95.235	5	17544
Miramichi	NB	47.029	-65.502	32	17537
Kirksville	MO	40.195	-92.583	5	17520
Tallmadge	OH	41.101	-81.442	33	17512
Niagara-on-the-Lake	ON	43.257	-79.085	45	17511
Victoria Village	ON	43.728	-79.315	45	17510
North Babylon	NY	40.716	-73.322	33	17509
McKenzie Towne	AB	50.913	-113.967	11	17505
Laflèche	QC	45.500	-73.466	45	17499
Mesquite	NV	36.806	-114.067	29	17496
New Philadelphia	OH	40.490	-81.446	33	17484
Sylvan Lake	AB	52.311	-114.084	11	17477
Saint Matthews	KY	38.253	-85.656	27	17472
Saint-Lin-Laurentides	QC	45.850	-73.766	45	17463
Maitland	FL	28.628	-81.363	33	17463
North Aurora	IL	41.806	-88.327	5	17456
Morningside	ON	43.787	-79.206	45	17455
Safety Harbor	FL	27.991	-82.693	33	17454
Valley East	ON	46.645	-80.997	45	17451
North Canton	OH	40.876	-81.402	33	17441
East Hemet	CA	33.740	-116.939	29	17418
White Oak	MD	39.040	-76.993	33	17403
Radford	VA	37.132	-80.576	33	17403
Deux-Montagnes	QC	45.535	-73.902	45	17402
Tillmans Corner	AL	30.590	-88.171	5	17398
Les Coteaux	QC	45.283	-74.233	45	17396
Central Saanich	BC	48.566	-123.419	46	17385
Nicetown-Tioga	PA	40.010	-75.164	33	17382
Detroit-Shoreway	OH	41.478	-81.730	33	17382
Wilton	NY	43.180	-73.744	33	17361
Coventry Hills	AB	51.169	-114.059	11	17350
Anoka	MN	45.198	-93.387	5	17350
East Cleveland	OH	41.533	-81.579	33	17344
Sudbury	MA	42.383	-71.416	33	17343
Plainville	CT	41.675	-72.858	33	17328
Ada	OK	34.775	-96.678	5	17303
Middletown	RI	41.546	-71.291	33	17303
Glassmanor	MD	38.819	-76.999	33	17295
South Orange	NJ	40.749	-74.261	33	17295
Idylwood	VA	38.895	-77.212	33	17288
Seabrook	MD	38.974	-76.849	33	17287
Durant	OK	33.994	-96.371	5	17286
Killingly Center	CT	41.839	-71.869	33	17282
Kings Park	NY	40.886	-73.257	33	17282
Saint-Augustin-de-Desmaures	QC	46.741	-71.451	45	17281
Canby	OR	45.263	-122.693	29	17271
Poplar Bluff	MO	36.757	-90.393	5	17266
Moraga	CA	37.835	-122.130	29	17256
Redland	MD	39.145	-77.144	33	17242
Massapequa Park	NY	40.680	-73.455	33	17232
Kuna	ID	43.492	-116.420	3	17226
Foley	AL	30.407	-87.684	5	17218
Ruskin	FL	27.721	-82.433	33	17208
Hermiston	OR	45.840	-119.289	29	17201
Nederland	TX	29.974	-93.992	5	17196
Petawawa	ON	45.895	-77.280	45	17187
Greenfield	CA	36.321	-121.244	29	17184
Danforth East York	ON	43.689	-79.331	45	17180
Ashwaubenon	WI	44.482	-88.070	5	17176
Live Oak	CA	36.984	-121.981	29	17158
Bristol	VA	36.596	-82.188	33	17141
Frankford	MD	39.329	-76.545	33	17135
Okolona	KY	38.141	-85.688	27	17134
Bayside	CA	40.842	-124.064	29	17132
Wyckoff	NJ	41.010	-74.173	33	17124
Kennedy Park	ON	43.723	-79.261	45	17123
Woodmere	NY	40.632	-73.713	33	17121
Huntington	IN	40.883	-85.497	16	17095
Imperial	CA	32.848	-115.569	29	17095
Wayne	MI	42.281	-83.386	10	17081
White Settlement	TX	32.760	-97.458	5	17077
Eloy	AZ	32.756	-111.555	38	17059
Beckley	WV	37.778	-81.188	33	17056
Broad Ripple	IN	39.867	-86.142	16	17041
El Segundo	CA	33.919	-118.416	29	17037
Holden	MA	42.352	-71.863	33	17016
Avenel	NJ	40.580	-74.285	33	17011
East Setauket	NY	40.941	-73.106	33	17006
Vanier	ON	45.440	-75.665	45	17000
Goodlettsville	TN	36.323	-86.713	5	16994
Fayetteville	GA	33.449	-84.455	33	16990
Elmwood	PA	39.918	-75.228	33	16988
Colchester	VT	44.544	-73.148	33	16986
Altoona	IA	41.644	-93.465	5	16984
Terrell	TX	32.736	-96.275	5	16981
Point Breeze	PA	39.933	-75.178	33	16977
Artesia	CA	33.866	-118.083	29	16961
South Ogden	UT	41.192	-111.971	9	16955
Willowdale West	ON	43.771	-79.428	45	16936
Hillcrest Village	ON	43.805	-79.354	45	16934
La Vista	NE	41.184	-96.031	5	16921
University Endowment Lands	BC	49.264	-123.239	46	16920
Glace Bay	NS	46.197	-59.957	13	16915
Hanover	MA	42.113	-70.812	33	16906
Tanque Verde	AZ	32.252	-110.737	38	16901
Glenvar Heights	FL	25.708	-80.326	33	16898
Pendleton	OR	45.672	-118.789	29	16881
Centerville	UT	40.918	-111.872	9	16877
Parkside	CA	37.742	-122.486	29	16874
Colwood	BC	48.433	-123.486	46	16859
Sayville	NY	40.736	-73.082	33	16853
Clarksdale	MS	34.200	-90.571	5	16847
Leaside-Bennington	ON	43.704	-79.366	45	16828
Fairview Heights	IL	38.589	-89.990	5	16827
Norwalk	OH	41.243	-82.616	33	16827
San Carlos Park	FL	26.467	-81.801	33	16824
Concord	MA	42.460	-71.349	33	16810
Springfield	TN	36.509	-86.885	5	16808
New Milford	NJ	40.935	-74.019	33	16801
North Attleborough Center	MA	41.973	-71.325	33	16796
Country Club Hills	IL	41.568	-87.720	5	16795
Lemont	IL	41.674	-88.002	5	16788
Sartell	MN	45.622	-94.207	5	16788
Parkwood Manor	PA	40.093	-74.968	33	16787
Dyersburg	TN	36.035	-89.386	5	16781
Defiance	OH	41.284	-84.356	33	16776
Mount Pleasant East	ON	43.705	-79.385	45	16775
Beltsville	MD	39.035	-76.907	33	16772
Sainte-Catherine	QC	45.400	-73.582	45	16762
Centralia	WA	46.716	-122.954	29	16753
Chalmette	LA	29.943	-89.965	5	16751
Shorewood	IL	41.520	-88.202	5	16747
Ferndale	MD	39.183	-76.640	33	16746
Mount Vernon	OH	40.393	-82.486	33	16742
Greenfield Park	QC	45.486	-73.462	45	16733
Westchester	IL	41.851	-87.882	5	16729
Bluffton	SC	32.237	-80.860	33	16728
Tifton	GA	31.450	-83.508	33	16725
Scarborough Village	ON	43.739	-79.221	45	16724
Auburn	MA	42.195	-71.836	33	16724
Nipomo	CA	35.043	-120.476	29	16714
Brocklehurst	BC	50.708	-120.413	46	16713
Laurel	VA	37.643	-77.509	33	16713
Taylor	TX	30.571	-97.409	5	16702
North Decatur	GA	33.790	-84.306	33	16698
Morganton	NC	35.745	-81.685	33	16692
Danville	KY	37.646	-84.772	33	16690
Buckingham	QC	45.586	-75.421	45	16685
Denville	NJ	40.892	-74.477	33	16669
Barrington	RI	41.741	-71.309	33	16669
Washington	IL	40.704	-89.407	5	16664
Phoenixville	PA	40.130	-75.515	33	16658
Mercedes	TX	26.150	-97.914	5	16657
Center Point	AL	33.646	-86.684	5	16655
Lemay	MO	38.533	-90.279	5	16645
Wolcott	CT	41.602	-72.987	33	16639
Norcross	GA	33.941	-84.214	33	16634
Troutdale	OR	45.539	-122.387	29	16631
Oak Grove	OR	45.417	-122.640	29	16629
North Valley Stream	NY	40.685	-73.702	33	16628
Easton	MD	38.774	-76.076	33	16617
Easthampton	MA	42.267	-72.669	33	16611
Bothell West	WA	47.805	-122.241	29	16607
Swift Current	SK	50.283	-107.801	44	16604
Tahlequah	OK	35.915	-94.970	5	16598
Hazel Park	MI	42.463	-83.104	10	16597
Douglas	AZ	31.345	-109.545	38	16592
Opelousas	LA	30.534	-92.082	5	16591
Grafton	MA	42.207	-71.686	33	16583
Sandalfoot Cove	FL	26.339	-80.187	33	16582
Edmundston	NB	47.374	-68.325	32	16580
Brenham	TX	30.167	-96.398	5	16579
Opa-locka	FL	25.902	-80.250	33	16565
Beaver Dam	WI	43.458	-88.837	5	16564
Coalinga	CA	36.140	-120.360	29	16564
Seymour	CT	41.397	-73.076	33	16562
Trinity-Bellwoods	ON	43.648	-79.408	45	16556
Clayton Park West	NS	44.658	-63.669	15	16550
Jenison	MI	42.907	-85.792	10	16538
Cohoes	NY	42.774	-73.700	33	16538
Swansea	MA	41.748	-71.190	33	16525
Donna	TX	26.170	-98.052	5	16523
Vienna	VA	38.901	-77.265	33	16522
Pinewood	FL	25.869	-80.217	33	16520
L'Ancienne-Lorette	QC	46.794	-71.352	45	16516
Lansdale	PA	40.242	-75.284	33	16512
Armdale	NS	44.636	-63.626	15	16502
Sevierville	TN	35.868	-83.562	33	16490
Chickasha	OK	35.053	-97.936	5	16488
Kingsland	GA	30.800	-81.690	33	16487
Lower Moyamensing	PA	39.920	-75.165	33	16481
Uvalde	TX	29.210	-99.786	5	16476
Clanton Park	ON	43.742	-79.446	45	16472
Hillcrest Heights	MD	38.833	-76.959	33	16469
Stuart	FL	27.198	-80.253	33	16462
Fairhaven	MA	41.638	-70.904	33	16453
Avon	IN	39.763	-86.400	16	16451
Zachary	LA	30.649	-91.156	5	16448
Red Wing	MN	44.562	-92.534	5	16445
Sikeston	MO	36.877	-89.588	5	16436
Bethpage	NY	40.744	-73.482	33	16429
Concord	MO	38.525	-90.357	5	16421
Flowing Wells	AZ	32.294	-111.010	38	16419
‘Ewa Beach	HI	21.316	-158.007	49	16415
Bridgeview	IL	41.750	-87.804	5	16407
Fairview Park	OH	41.441	-81.864	33	16407
Laguna Woods	CA	33.610	-117.725	29	16406
Mount Clemens	MI	42.597	-82.878	10	16400
Cañon City	CO	38.441	-105.242	9	16400
Saint Michael	MN	45.210	-93.665	5	16399
South River	NJ	40.446	-74.386	33	16399
Fort Thomas	KY	39.075	-84.447	33	16398
Stonebridge	SK	52.085	-106.623	41	16392
Sunset	FL	25.706	-80.352	33	16389
Prospect Heights	IL	42.095	-87.938	5	16386
Griffith	IN	41.528	-87.424	5	16378
Estelle	LA	29.846	-90.107	5	16377
Schofield Barracks	HI	21.498	-158.065	49	16370
Bon Air	VA	37.525	-77.558	33	16366
Oconomowoc	WI	43.112	-88.499	5	16360
Hough	OH	41.512	-81.637	33	16359
Vero Beach	FL	27.639	-80.397	33	16358
Yorkton	SK	51.217	-102.468	41	16343
Sunnyside	WA	46.324	-120.009	29	16325
Lebanon	OR	44.537	-122.907	29	16324
Bayshore Gardens	FL	27.425	-82.590	33	16323
Streetsboro	OH	41.239	-81.346	33	16312
Lutes Mountain	NB	46.135	-64.905	32	16311
Calhoun	GA	34.503	-84.951	33	16309
Fishtown	PA	39.965	-75.135	33	16307
Morton	IL	40.613	-89.459	5	16306
Menomonie	WI	44.876	-91.919	5	16305
Truckee	CA	39.328	-120.183	29	16299
Fremont	OH	41.350	-83.122	33	16297
Buckhall	VA	38.732	-77.431	33	16293
Gainesville	TX	33.626	-97.133	5	16292
Aberdeen	WA	46.975	-123.816	29	16276
Baychester	NY	40.869	-73.836	33	16274
Hopatcong Hills	NJ	40.944	-74.671	33	16267
Waterville	ME	44.552	-69.632	33	16261
Oroville	CA	39.514	-121.558	29	16260
Roosevelt	NY	40.679	-73.589	33	16258
Laconia	NH	43.528	-71.470	33	16227
Bellmore	NY	40.669	-73.527	33	16218
Nuuanu - Punchbowl	HI	21.342	-157.829	49	16205
Hibbing	MN	47.427	-92.938	5	16204
Sudley	VA	38.793	-77.497	33	16203
Dublin	GA	32.540	-82.904	33	16197
Kuliouou - Kalani Iki	HI	21.297	-157.745	49	16195
Coos Bay	OR	43.367	-124.218	29	16182
Lansing-Westgate	ON	43.754	-79.425	45	16164
Hope Mills	NC	34.970	-78.945	33	16163
Cimarron Hills	CO	38.859	-104.699	9	16161
Katy	TX	29.786	-95.824	5	16158
Brunswick	GA	31.150	-81.491	33	16157
Clarksburg	WV	39.281	-80.345	33	16152
Jollyville	TX	30.443	-97.775	5	16151
Highland Village	TX	33.092	-97.047	5	16149
Ocean Acres	NJ	39.743	-74.281	33	16142
Wolf Trap	VA	38.940	-77.286	33	16131
Madison	NJ	40.760	-74.417	33	16126
Portland	TX	27.877	-97.324	5	16116
Midway	FL	30.406	-87.006	5	16115
Sulphur Springs	TX	33.138	-95.601	5	16098
Newtonbrook East	ON	43.792	-79.406	45	16097
Maryland City	MD	39.092	-76.818	33	16093
Manatí	PR	18.427	-66.492	39	16092
Siloam Springs	AR	36.188	-94.540	5	16081
Aguadilla	PR	18.427	-67.154	39	16073
Seafair	BC	49.150	-123.183	46	16070
Ham Lake	MN	45.250	-93.250	5	16062
West Columbia	SC	33.993	-81.074	33	16060
Frankfort	IN	40.279	-86.511	16	16060
Mount Pleasant	TX	33.157	-94.968	5	16051
Dyer	IN	41.494	-87.522	5	16051
Rye	NY	40.981	-73.684	33	16046
Fort Hunt	VA	38.733	-77.058	33	16045
Americus	GA	32.072	-84.233	33	16028
Hermitage	PA	41.233	-80.449	33	16028
Buffalo	MN	45.172	-93.875	5	16026
Crawfordsville	IN	40.041	-86.874	16	16024
Lake Mary	FL	28.759	-81.318	33	16021
Bracebridge	ON	45.033	-79.316	45	16010
Republic	MO	37.120	-93.480	5	16005
Albemarle	NC	35.350	-80.200	33	16003
Cherry Hill	VA	38.570	-77.267	33	16000
El Camino Real	CA	33.697	-117.777	29	15999
Country Walk	FL	25.634	-80.432	33	15997
Riverdale	GA	33.573	-84.413	33	15989
Abington	MA	42.105	-70.945	33	15985
Floral Park	NY	40.724	-73.705	33	15969
Prosper	TX	33.236	-96.801	5	15967
Walnut Park	CA	33.968	-118.225	29	15966
Pecan Grove	TX	29.626	-95.732	5	15963
Overland	MO	38.701	-90.362	5	15959
Grandville	MI	42.910	-85.763	10	15953
Candiac	QC	45.383	-73.516	45	15947
Four Corners	OR	44.928	-122.984	29	15947
Sunland Park	NM	31.797	-106.580	9	15940
Cliffcrest	ON	43.722	-79.231	45	15935
North Liberty	IA	41.749	-91.598	5	15931
Burlington	KY	39.028	-84.724	33	15926
Parole	MD	38.981	-76.545	33	15922
Vincent	CA	34.501	-118.116	29	15922
Southchase	FL	28.393	-81.383	33	15921
Ukiah	CA	39.150	-123.208	29	15917
La Marque	TX	29.369	-94.971	5	15908
L'Assomption	QC	45.823	-73.429	45	15906
North Arlington	NJ	40.788	-74.133	33	15904
La Palma	CA	33.846	-118.047	29	15904
Seagoville	TX	32.640	-96.538	5	15894
Greater Napanee	ON	44.250	-76.949	45	15892
Lebanon	IN	40.048	-86.469	16	15892
Clayton	MO	38.643	-90.324	5	15884
Pearl River	NY	41.059	-74.022	33	15876
Conyers	GA	33.668	-84.018	33	15875
Bathurst Manor	ON	43.765	-79.456	45	15873
Myrtle Grove	FL	30.421	-87.307	5	15870
Aldine	TX	29.932	-95.380	5	15869
Narragansett	RI	41.450	-71.450	33	15868
Kaukauna	WI	44.278	-88.272	5	15854
Port Washington	NY	40.826	-73.698	33	15846
New Port Richey	FL	28.244	-82.719	33	15842
Aurora	OH	41.318	-81.345	33	15838
Maillardville	BC	49.238	-122.867	46	15837
Adams Morgan	DC	38.922	-77.042	33	15830
Steinbach	MB	49.526	-96.685	48	15829
Rutland	VT	43.611	-72.973	33	15824
Pleasant View	ON	43.786	-79.335	45	15818
Asbury Park	NJ	40.220	-74.012	33	15818
Lake Country	BC	50.009	-119.397	46	15817
Lutherville-Timonium	MD	39.440	-76.611	33	15814
UC Irvine	CA	33.640	-117.842	29	15807
Ashland	MA	42.261	-71.463	33	15802
Hybla Valley	VA	38.748	-77.083	33	15801
Saint-Henri	QC	45.468	-73.601	45	15800
Longmeadow	MA	42.050	-72.583	33	15784
Elkton	MD	39.607	-75.833	33	15782
Strawberry Mansion	PA	39.983	-75.183	33	15778
Grosse Pointe Woods	MI	42.444	-82.907	10	15762
Alton	TX	26.287	-98.313	5	15760
Pinehurst	NC	35.195	-79.469	33	15752
Groves	TX	29.948	-93.917	5	15750
West University Place	TX	29.718	-95.434	5	15741
Orient Heights	MA	42.388	-71.004	33	15741
Wilkinsburg	PA	40.442	-79.882	33	15731
Manassas Park	VA	38.784	-77.470	33	15726
Willow Grove	PA	40.144	-75.116	33	15726
Gatesville	TX	31.435	-97.744	5	15724
Avon Center	OH	41.460	-82.020	33	15724
Henry Farm	ON	43.770	-79.352	45	15723
La Grange	IL	41.805	-87.869	5	15723
Mont-Saint-Hilaire	QC	45.565	-73.187	45	15720
Great Bend	KS	38.364	-98.765	5	15717
Shively	KY	38.200	-85.823	27	15713
Highland Springs	VA	37.546	-77.328	33	15711
Hueytown	AL	33.451	-86.997	5	15710
Talladega	AL	33.436	-86.106	5	15709
New Haven	IN	41.071	-85.014	16	15709
Mill Creek East	WA	47.836	-122.188	29	15709
Koolauloa	HI	21.606	-157.927	49	15697
Middleburg Heights	OH	41.361	-81.813	33	15696
Taylor-Massey	ON	43.695	-79.296	45	15683
Pacific Grove	CA	36.618	-121.917	29	15674
Mitchell	SD	43.709	-98.030	5	15669
Humble	TX	29.999	-95.262	5	15665
Greenwood Village	CO	39.617	-104.951	9	15663
Bryn Mawr-Skyway	WA	47.494	-122.241	29	15645
Bradley	IL	41.142	-87.861	5	15617
McKinley Park	IL	41.832	-87.674	5	15612
Saint-Basile-le-Grand	QC	45.533	-73.282	45	15605
Elkridge	MD	39.213	-76.714	33	15593
Forest Heights	ON	43.419	-80.523	45	15581
Aberdeen	MD	39.510	-76.164	33	15580
North Myrtle Beach	SC	33.816	-78.680	33	15579
Williamstown	NJ	39.686	-74.995	33	15567
Leduc	AB	53.267	-113.552	11	15561
Little Portugal	ON	43.647	-79.430	45	15559
Long Beach	MS	30.350	-89.153	5	15555
Otsego	MN	45.274	-93.591	5	15551
Boulder City	NV	35.979	-114.832	29	15551
Magog	QC	45.267	-72.149	45	15550
Fillmore	CA	34.399	-118.918	29	15548
Humbermede	ON	43.752	-79.544	45	15545
Lake Wales	FL	27.901	-81.586	33	15541
Alum Rock	CA	37.366	-121.827	29	15536
Edenbridge-Humber Valley	ON	43.671	-79.522	45	15535
Addison	TX	32.962	-96.829	5	15518
East Riverdale	MD	38.958	-76.911	33	15509
Laurinburg	NC	34.774	-79.463	33	15507
Hernando	MS	34.824	-89.994	5	15503
Hurricane	UT	37.175	-113.290	9	15501
Plainfield	CT	41.676	-71.915	33	15498
Hanover	PA	39.801	-76.983	33	15496
Lithia Springs	GA	33.794	-84.660	33	15491
Farmingville	NY	40.831	-73.030	33	15481
Mastic	NY	40.802	-72.841	33	15481
Central Coquitlam	BC	49.260	-122.838	46	15480
Setauket-East Setauket	NY	40.931	-73.102	33	15477
Harrison	NJ	40.746	-74.156	33	15474
Martha Lake	WA	47.851	-122.239	29	15473
Port Richmond	NY	40.633	-74.137	33	15470
Indianola	IA	41.358	-93.557	5	15467
Perry	GA	32.458	-83.732	33	15457
Atwater Village	CA	34.116	-118.256	29	15455
Jasper	IN	38.391	-86.931	22	15451
Winder	GA	33.993	-83.720	33	15447
Clive	IA	41.603	-93.724	5	15447
Clemson	SC	34.683	-82.837	33	15446
Greenwood	MS	33.516	-90.180	5	15431
Tavares	FL	28.804	-81.726	33	15430
Great Falls	VA	38.998	-77.288	33	15427
Jamestown	ND	46.911	-98.708	5	15422
Terrace Heights	NY	40.721	-73.769	33	15421
Emerson Hill	NY	40.609	-74.096	33	15412
Avocado Heights	CA	34.036	-117.991	29	15411
Kapolei Villages	HI	21.336	-158.067	49	15408
Eden	NC	36.488	-79.767	33	15403
Bay Village	OH	41.485	-81.922	33	15402
Lake Butler	FL	28.502	-81.541	33	15400
Makakilo City	HI	21.347	-158.086	49	15383
Westbury	NY	40.756	-73.588	33	15379
Bostonia	CA	32.808	-116.936	29	15379
Christopher-Champlain	ON	43.347	-80.302	45	15372
Iona	FL	26.520	-81.964	33	15369
Dickson	TN	36.077	-87.388	5	15359
Newport	KY	39.091	-84.496	33	15354
Cullman	AL	34.175	-86.844	5	15350
Live Oak	TX	29.565	-98.336	5	15346
Roanoke Rapids	NC	36.462	-77.654	33	15345
Payson	AZ	34.231	-111.325	38	15345
Storrs	CT	41.808	-72.250	33	15344
The Dalles	OR	45.595	-121.179	29	15340
Los Lunas	NM	34.806	-106.733	9	15336
Dixon	IL	41.839	-89.480	5	15319
Bellevue	WI	44.444	-87.920	5	15317
Sunland	CA	34.267	-118.302	29	15316
Millbrook	AL	32.480	-86.362	5	15314
Brownsville	FL	25.822	-80.241	33	15313
Wailuku	HI	20.891	-156.506	49	15313
Warren Township	NJ	40.608	-74.518	33	15311
Lougheed	BC	49.248	-122.892	46	15300
Arbutus Ridge	BC	49.250	-123.169	46	15295
Seaford	NY	40.666	-73.488	33	15294
Washougal	WA	45.583	-122.353	29	15288
Saint-Charles-Borromée	QC	46.050	-73.466	45	15285
Dallas	OR	44.919	-123.317	29	15277
Graniteville	NY	40.625	-74.148	33	15272
Henderson	NC	36.330	-78.399	33	15271
Stallings	NC	35.091	-80.686	33	15270
River Falls	WI	44.861	-92.624	5	15269
Berkley	MI	42.503	-83.184	10	15268
Damascus	MD	39.288	-77.204	33	15257
Saint John West	NB	45.259	-66.078	32	15255
Shelbyville	KY	38.212	-85.224	33	15253
Kennedy Street	DC	38.956	-77.018	33	15251
Roxbury Crossing	MA	42.331	-71.091	33	15248
Susanville	CA	40.416	-120.653	29	15247
Pataskala	OH	39.996	-82.674	33	15245
Edgemont	AB	51.126	-114.149	11	15225
Traverse City	MI	44.763	-85.621	10	15218
South Yuba City	CA	39.117	-121.639	29	15217
Merrifield	VA	38.874	-77.227	33	15212
Ledyard	CT	41.440	-72.014	33	15212
Saint-Vincent-de-Paul	QC	45.617	-73.649	45	15194
Fords	NJ	40.529	-74.316	33	15187
New Territory	TX	29.594	-95.681	5	15186
Kapolei	HI	21.336	-158.058	49	15186
Clearlake	CA	38.958	-122.626	29	15182
Lawrence Park South	ON	43.717	-79.406	45	15179
McKinleyville	CA	40.947	-124.101	29	15177
Brunswick	ME	43.915	-69.965	33	15175
Highview	KY	38.143	-85.624	27	15167
Kenmore	NY	42.966	-78.870	33	15160
Belvedere Park	GA	33.755	-84.267	33	15152
Ripon	CA	37.742	-121.124	29	15151
Rossville	MD	39.338	-76.480	33	15147
Depew	NY	42.904	-78.692	33	15146
Seven Oaks	SC	34.049	-81.146	33	15144
Wilmington Island	GA	32.004	-80.974	33	15138
Parlier	CA	36.612	-119.527	29	15138
Gates-North Gates	NY	43.165	-77.701	33	15138
East Rancho Dominguez	CA	33.898	-118.195	29	15135
Southwest Waterfront	DC	38.879	-77.018	33	15129
Natchez	MS	31.560	-91.403	5	15128
Cloverly	MD	39.108	-76.998	33	15126
Newton	IA	41.700	-93.048	5	15125
Lamont	CA	35.260	-118.914	29	15120
East Brainerd	TN	34.996	-85.150	33	15114
Vandalia	OH	39.891	-84.199	33	15106
Rio Linda	CA	38.691	-121.449	29	15106
East Longmeadow	MA	42.065	-72.513	33	15102
Ramsey	NJ	41.057	-74.141	33	15102
West Park	FL	25.985	-80.199	33	15097
Kenora	ON	49.767	-94.490	48	15096
Greeneville	TN	36.163	-82.831	33	15094
Mount Vernon	IL	38.317	-88.903	5	15087
Sooke	BC	48.375	-123.728	46	15086
Adelphi	MD	39.003	-76.972	33	15086
Front Royal	VA	38.918	-78.194	33	15070
Weston	WI	44.891	-89.548	5	15069
Spanish Springs	NV	39.649	-119.707	29	15064
Fort Leonard Wood	MO	37.706	-92.157	5	15061
Duxbury	MA	42.042	-70.672	33	15059
Sterling	IL	41.789	-89.696	5	15057
Capitol Hill	DC	38.889	-77.000	33	15056
Williamsburg	VA	37.271	-76.707	33	15052
Somerton	AZ	32.596	-114.710	38	15048
Three Lakes	FL	25.642	-80.398	33	15047
Auburndale	FL	28.065	-81.789	33	15035
Gloversville	NY	43.053	-74.344	33	15023
Hereford	TX	34.815	-102.399	5	15021
Eggertsville	NY	42.963	-78.804	33	15019
Batavia	NY	42.998	-78.188	33	15010
Dumas	TX	35.866	-101.973	5	15001
Le Plateau	QC	45.435	-75.780	45	15000
East Clayton	BC	49.125	-122.702	46	15000
Suffolk Downs Station	MA	42.390	-70.998	33	15000
Ukrainian Village	IL	41.899	-87.685	5	15000
Bull Run	VA	38.784	-77.521	33	14983
Roncesvalles	ON	43.649	-79.450	45	14974
Ammon	ID	43.470	-111.967	3	14960
Fort Saskatchewan	AB	53.698	-113.214	11	14957
Thompson	BC	49.167	-123.167	46	14955
New River	AZ	33.916	-112.136	38	14952
Kilgore	TX	32.386	-94.876	5	14947
Fullerton	PA	40.632	-75.473	33	14925
Knik-Fairview	AK	61.513	-149.600	0	14923
Hudson	MA	42.392	-71.566	33	14907
Tonawanda	NY	43.020	-78.880	33	14907
Villa Rica	GA	33.732	-84.919	33	14904
North New Hyde Park	NY	40.743	-73.693	33	14899
Burquitlam	BC	49.267	-122.883	46	14896
Johnstown	CO	40.337	-104.912	9	14896
Halifax North End	NS	44.666	-63.609	15	14893
Tolland	CT	41.871	-72.369	33	14891
Canyon	TX	34.980	-101.919	5	14887
Jacksonville	TX	31.964	-95.270	5	14884
Berea	KY	37.569	-84.296	33	14882
Tenafly	NJ	40.925	-73.963	33	14880
Marco	FL	25.973	-81.729	33	14879
East San Gabriel	CA	34.092	-118.091	29	14874
Jackson	MO	37.382	-89.666	5	14869
Corinth	MS	34.934	-88.522	5	14866
Coto De Caza	CA	33.604	-117.587	29	14866
Englewood	FL	26.962	-82.353	33	14863
Crowley	TX	32.579	-97.363	5	14853
Saint John	IN	41.450	-87.470	5	14850
Midlothian	IL	41.625	-87.718	5	14847
Welby	CO	39.837	-104.959	9	14846
Horsham	PA	40.178	-75.129	33	14842
Mastic Beach	NY	40.767	-72.852	33	14841
Grays Ferry	PA	39.935	-75.192	33	14838
Mashpee	MA	41.648	-70.481	33	14834
Summerside	PE	46.391	-63.789	15	14829
Powder Springs	GA	33.860	-84.684	33	14826
Masonboro	NC	34.179	-77.847	33	14826
Gaspé	QC	48.833	-64.482	45	14819
Jennings	MO	38.719	-90.260	5	14819
Matane	QC	48.829	-67.522	45	14812
Head of Westport	MA	41.621	-71.062	33	14809
Comox	BC	49.683	-124.936	46	14806
Yorkdale-Glen Park	ON	43.715	-79.457	45	14804
Scottsbluff	NE	41.867	-103.667	9	14802
Sierra Vista Southeast	AZ	31.454	-110.216	38	14797
East Highland Park	VA	37.581	-77.407	33	14796
Glen Allen	VA	37.666	-77.506	33	14774
Johnson City	NY	42.116	-75.959	33	14773
Douglaston	NY	40.769	-73.747	33	14762
Mineral Wells	TX	32.808	-98.113	5	14754
Mississippi Mills	ON	45.233	-76.199	45	14740
Ogontz	PA	40.052	-75.151	33	14740
Cherryland	CA	37.679	-122.103	29	14728
Scottsboro	AL	34.672	-86.034	5	14722
Ozark	AL	31.459	-85.640	5	14719
Alexander City	AL	32.944	-85.954	5	14718
Lady Lake	FL	28.917	-81.923	33	14717
Niceville	FL	30.517	-86.482	5	14714
Prince Rupert	BC	54.315	-130.321	46	14708
West Norriton	PA	40.130	-75.379	33	14702
Owosso	MI	42.998	-84.177	10	14699
Blytheville	AR	35.927	-89.919	5	14694
Ellington	CT	41.904	-72.470	33	14693
Whitewater	WI	42.834	-88.732	5	14692
Lebanon	MO	37.681	-92.664	5	14688
North Fair Oaks	CA	37.474	-122.197	29	14687
Hollins	VA	37.341	-79.943	33	14673
Forrest City	AR	35.008	-90.790	5	14672
Parkway	CA	38.496	-121.459	29	14670
Colesville	MD	39.076	-77.002	33	14647
Graham	NC	36.069	-79.401	33	14647
Cinnaminson	NJ	39.997	-74.993	33	14646
Fraser	MI	42.539	-82.949	10	14636
Chaparral	NM	32.024	-106.386	9	14631
Clark	NJ	40.630	-74.310	33	14628
Norridge	IL	41.963	-87.827	5	14621
Hammonton	NJ	39.637	-74.802	33	14618
Zephyrhills	FL	28.234	-82.181	33	14611
Lawrence Park North	ON	43.730	-79.404	45	14607
College Park	GA	33.653	-84.449	33	14601
Groveton	VA	38.767	-77.085	33	14598
Bemidji	MN	47.474	-94.880	5	14594
Hawaiian Gardens	CA	33.831	-118.073	29	14592
Bloomsburg	PA	41.004	-76.455	33	14585
Thibodaux	LA	29.796	-90.823	5	14584
West Nipissing	ON	46.372	-79.925	45	14583
Yaletown	BC	49.276	-123.118	46	14583
Saint John East	NB	45.288	-66.041	32	14579
Valle Vista	CA	33.748	-116.893	29	14578
Alamo	CA	37.850	-122.032	29	14570
Druid Hills	GA	33.780	-84.336	33	14568
Rayside-Balfour	ON	46.609	-81.208	45	14557
Yankton	SD	42.871	-97.397	5	14557
Beech Grove	IN	39.722	-86.090	16	14548
Cedar Mill	OR	45.525	-122.811	29	14546
Tantramar	NB	45.934	-64.400	32	14545
Lake Saint Louis	MO	38.798	-90.786	5	14545
Northview	MI	43.046	-85.601	10	14541
Martindale	AB	51.118	-113.956	11	14540
Harrisburg	NC	35.324	-80.658	33	14539
Warrington	FL	30.384	-87.275	5	14531
Royal Kunia	HI	21.394	-158.027	49	14525
Deming	NM	32.269	-107.759	9	14522
Greece	NY	43.210	-77.693	33	14519
Springdale	NJ	39.881	-74.970	33	14518
Phillipsburg	NJ	40.694	-75.190	33	14515
Hopatcong	NJ	40.933	-74.659	33	14510
Worthington	OH	40.093	-83.018	33	14498
Whitman	MA	42.081	-70.936	33	14495
Greensburg	PA	40.301	-79.539	33	14495
Hartselle	AL	34.443	-86.935	5	14493
Miami Springs	FL	25.822	-80.290	33	14490
South Farmingdale	NY	40.721	-73.440	33	14486
East Islip	NY	40.732	-73.186	33	14475
Kerman	CA	36.724	-120.060	29	14475
Warsaw	IN	41.238	-85.853	16	14472
Glasgow	KY	36.996	-85.912	5	14470
Union Square	MA	42.380	-71.097	33	14459
North Branford	CT	41.328	-72.767	33	14454
Brooks	AB	50.583	-111.885	11	14451
Fairview	NJ	40.813	-73.999	33	14451
Springfield	NJ	40.705	-74.317	33	14429
Chubbuck	ID	42.921	-112.466	3	14428
Scott Lake	FL	25.941	-80.232	33	14425
Robbinsdale	MN	45.032	-93.339	5	14418
Greenwood-Coxwell	ON	43.680	-79.327	45	14417
Franklin Park	PA	40.583	-80.088	33	14415
Lindenhurst	IL	42.411	-88.026	5	14408
Bridgetown	OH	39.153	-84.637	33	14407
Callaway	FL	30.153	-85.570	5	14405
Rio Grande City	TX	26.380	-98.820	5	14404
Pineville	LA	31.322	-92.434	5	14403
Cahokia	IL	38.571	-90.190	5	14402
Sarasota Springs	FL	27.309	-82.480	33	14395
Mill Valley	CA	37.906	-122.545	29	14394
Hugo	MN	45.160	-92.993	5	14388
Moultrie	GA	31.180	-83.789	33	14377
Harbour Landing	SK	50.407	-104.652	41	14375
Brooklyn Park	MD	39.228	-76.616	33	14373
Chicago Ridge	IL	41.701	-87.779	5	14373
Cutlerville	MI	42.841	-85.664	10	14370
Junction Area	ON	43.668	-79.471	45	14366
Humewood-Cedarvale	ON	43.691	-79.428	45	14365
Morris	IL	41.357	-88.421	5	14363
Hartford	WI	43.318	-88.379	5	14355
Brookside	DE	39.667	-75.727	33	14353
Wychwood	ON	43.678	-79.422	45	14349
Highland Park	NJ	40.496	-74.424	33	14347
Beacon	NY	41.505	-73.970	33	14347
Woodcrest	CA	33.882	-117.357	29	14347
Belle-Baie	NB	47.765	-65.745	32	14335
Greendale	WI	42.941	-87.996	5	14333
Antioch	IL	42.477	-88.096	5	14329
High River	AB	50.583	-113.869	11	14324
Hunters Creek	FL	28.361	-81.422	33	14321
Carthage	MO	37.176	-94.310	5	14319
Manorville	NY	40.874	-72.808	33	14314
Phelan	CA	34.426	-117.572	29	14304
Glasgow	DE	39.605	-75.745	33	14303
Berea	SC	34.885	-82.456	33	14295
Glens Falls	NY	43.310	-73.644	33	14291
Los Osos	CA	35.311	-120.832	29	14276
New Franklin	OH	40.942	-81.542	33	14275
Lacombe	AB	52.467	-113.735	11	14258
Briar Hill-Belgravia	ON	43.699	-79.453	45	14257
Hershey	PA	40.286	-76.650	33	14257
Knightdale	NC	35.788	-78.481	33	14256
Hewitt	TX	31.462	-97.196	5	14252
Allegheny West	PA	40.008	-75.178	33	14249
Alpine	CA	32.835	-116.766	29	14236
Gibsonton	FL	27.854	-82.383	33	14234
Gantt	SC	34.800	-82.424	33	14229
English Bay	BC	49.285	-123.143	46	14225
Lakeway	TX	30.364	-97.980	5	14217
Moorestown-Lenola	NJ	39.966	-74.964	33	14217
Murraysville	NC	34.296	-77.847	33	14215
Canton	IL	40.558	-90.035	5	14211
Bradley Gardens	NJ	40.563	-74.655	33	14206
Elk Plain	WA	47.053	-122.398	29	14205
Camano	WA	48.174	-122.528	29	14202
Bayou Boeuf	LA	29.869	-90.597	5	14195
Grand Bayou Mobile Home Park	LA	29.908	-90.777	5	14195
Blossom Park	ON	45.349	-75.627	45	14190
Pont-Viau	QC	45.572	-73.686	45	14187
Berkeley Heights	NJ	40.683	-74.443	33	14179
Mount Holly	NC	35.298	-81.016	33	14176
Rosemère	QC	45.633	-73.799	45	14173
Cherry Hill Mall	NJ	39.936	-75.009	33	14171
Oldsmar	FL	28.034	-82.665	33	14170
Marlborough	BC	49.229	-122.990	46	14169
Williams Lake	BC	52.142	-122.145	46	14168
Sainte-Monique	QC	48.733	-71.849	45	14150
Fort Payne	AL	34.444	-85.720	5	14150
Greenway-Chaplin	ON	43.384	-80.311	45	14146
Wykagyl	NY	40.941	-73.799	33	14146
Jefferson Valley-Yorktown	NY	41.318	-73.801	33	14142
Five Forks	SC	34.805	-82.230	33	14140
Corso Italia-Davenport	ON	43.678	-79.447	45	14133
Hayden	ID	47.766	-116.787	29	14133
Roxborough	PA	40.038	-75.222	33	14131
Red Bluff	CA	40.178	-122.236	29	14131
New Fairfield	CT	41.466	-73.486	33	14126
Forest Park	IL	41.879	-87.814	5	14123
Hickory Hills	IL	41.726	-87.825	5	14122
Hyannis	MA	41.653	-70.283	33	14120
Arverne	NY	40.591	-73.796	33	14120
Hazel Crest	IL	41.572	-87.694	5	14118
Whitefish Bay	WI	43.113	-87.900	5	14110
Weehawken	NJ	40.770	-74.020	33	14104
Sterling	CO	40.626	-103.208	9	14104
North Reading	MA	42.575	-71.079	33	14101
Indiana	PA	40.621	-79.153	33	14100
Copperfield	AB	50.915	-113.927	11	14095
Pierre	SD	44.368	-100.351	5	14091
Fish Hawk	FL	27.851	-82.211	33	14087
Longwood	FL	28.703	-81.338	33	14085
Barracks Row	DC	38.881	-76.995	33	14080
Jasper	AL	33.831	-87.278	5	14071
Reidsville	NC	36.355	-79.664	33	14067
Dentsville	SC	34.064	-80.958	33	14062
Northbridge	MA	42.151	-71.650	33	14061
New Cassel	NY	40.759	-73.570	33	14059
Rosedale	CA	35.384	-119.145	29	14058
Apollo Beach	FL	27.773	-82.408	33	14055
Waycross	GA	31.214	-82.356	33	14053
Washington	MO	38.558	-91.012	5	14050
Chippewa Falls	WI	44.937	-91.393	5	14047
Westwood	MA	42.214	-71.225	33	14029
Mount Washington	KY	38.050	-85.546	33	14028
East Bridgewater	MA	42.033	-70.959	33	14021
Washington Court House	OH	39.536	-83.439	33	14019
Northwood	ON	48.389	-89.275	45	14017
Rocky Point	NY	40.953	-72.925	33	14014
Hālawa	HI	21.379	-157.922	49	14014
Holliston	MA	42.200	-71.424	33	14010
Duvernay-Est	QC	45.655	-73.605	45	14000
Collingswood	NJ	39.918	-75.071	33	14000
Horizon West	FL	28.434	-81.623	33	14000
Canmore	AB	51.083	-115.352	11	13992
Elfers	FL	28.217	-82.722	33	13986
McFarland	CA	35.678	-119.229	29	13985
Beach Park	IL	42.422	-87.857	5	13976
Kerrisdale	BC	49.234	-123.155	46	13975
Sun Lakes	AZ	33.211	-111.875	38	13975
Fairburn	GA	33.567	-84.581	33	13967
Lincoln	IL	40.148	-89.365	5	13966
Seekonk	MA	41.808	-71.337	33	13966
Upper Grand Lagoon	FL	30.163	-85.741	5	13963
Willowick	OH	41.633	-81.469	33	13957
Orange	CT	41.278	-73.026	33	13956
South Venice	FL	27.053	-82.424	33	13949
Maumee	OH	41.563	-83.654	33	13940
Middlesex	NJ	40.573	-74.493	33	13934
Allouez	WI	44.477	-88.016	5	13930
Simcoe	ON	42.833	-80.300	45	13922
Paradise Valley	AZ	33.531	-111.943	38	13922
Moberly	MO	39.418	-92.438	5	13919
Wood Dale	IL	41.963	-87.979	5	13917
Covington	GA	33.597	-83.860	33	13916
Saint Simon Mills	GA	31.171	-81.407	33	13915
Levelland	TX	33.587	-102.378	5	13914
Hutchinson	MN	44.888	-94.370	5	13913
Amherstburg	ON	42.100	-83.100	45	13910
Saraland	AL	30.821	-88.071	5	13906
King City	CA	36.213	-121.126	29	13902
Livingston	CA	37.387	-120.724	29	13902
Marietta	OH	39.415	-81.455	33	13900
Falls Church	VA	38.882	-77.171	33	13892
Metuchen	NJ	40.543	-74.363	33	13886
Pembroke	ON	45.817	-77.116	45	13882
Olean	NY	42.078	-78.430	33	13870
Oneonta	NY	42.453	-75.064	33	13862
Ephrata	PA	40.180	-76.179	33	13861
Mahogany	AB	50.896	-113.925	11	13860
Circleville	OH	39.601	-82.946	33	13857
Forest City	FL	28.667	-81.443	33	13854
Grand Falls-Windsor	NL	48.933	-55.665	43	13853
Oakridge	ON	43.697	-79.280	45	13845
Harper Woods	MI	42.433	-82.924	10	13836
Princeton Meadows	NJ	40.332	-74.564	33	13834
Whitehall	PA	40.361	-79.991	33	13834
Sault Ste. Marie	MI	46.495	-84.345	10	13827
Palmerston-Little Italy	ON	43.659	-79.418	45	13826
Andrews	TX	32.319	-102.546	5	13816
Hendersonville	NC	35.319	-82.461	33	13814
Wauconda	IL	42.259	-88.139	5	13814
Fort Carson	CO	38.737	-104.789	9	13813
Oak Park	CA	34.179	-118.763	29	13811
Stanford	CA	37.424	-122.166	29	13809
Pottsville	PA	40.686	-76.195	33	13802
Homosassa Springs	FL	28.804	-82.576	33	13791
Ladson	SC	32.986	-80.110	33	13790
Swampscott	MA	42.471	-70.918	33	13787
Auburn	CA	38.897	-121.077	29	13776
Sharonville	OH	39.268	-84.413	33	13774
Elizabethton	TN	36.349	-82.211	33	13772
Davie Village	BC	49.280	-123.131	46	13768
Clarksburg	MD	39.239	-77.279	33	13766
McMinnville	TN	35.683	-85.770	5	13759
Cromwell	CT	41.595	-72.645	33	13750
Buford	GA	34.121	-84.004	33	13748
Wixom	MI	42.525	-83.536	10	13746
West Richland	WA	46.304	-119.361	29	13746
Parkton	NB	46.086	-64.795	32	13745
Greenlawn	NY	40.869	-73.365	33	13742
Stony Brook	NY	40.926	-73.141	33	13740
Pointe-Saint-Charles	QC	45.481	-73.555	45	13731
Mountain Home	ID	43.133	-115.691	3	13730
Waimalu	HI	21.390	-157.939	49	13730
Carpinteria	CA	34.399	-119.518	29	13727
Salida	CA	37.706	-121.085	29	13722
Sienna Plantation	TX	29.486	-95.508	5	13721
Seabrook	TX	29.564	-95.025	5	13716
Gardendale	AL	33.660	-86.813	5	13711
Hidalgo	TX	26.100	-98.263	5	13709
Muscle Shoals	AL	34.745	-87.668	5	13706
Buda	TX	30.085	-97.840	5	13705
Mebane	NC	36.096	-79.267	33	13698
Baker	LA	30.588	-91.168	5	13695
Richton Park	IL	41.484	-87.703	5	13695
Ingersoll	ON	43.033	-80.883	45	13693
Lyndhurst	OH	41.520	-81.489	33	13691
Athens	TN	35.443	-84.593	33	13688
Fort Campbell North	KY	36.654	-87.461	5	13685
East Greenwich	RI	41.660	-71.456	33	13682
Palos Verdes Estates	CA	33.801	-118.392	29	13682
Thompson	MB	55.743	-97.856	48	13678
Canton	MS	32.613	-90.037	5	13676
Boerne	TX	29.795	-98.732	5	13674
Roselle Park	NJ	40.665	-74.264	33	13670
Fort Mill	SC	35.007	-80.945	33	13662
East Wenatchee	WA	47.416	-120.293	29	13659
Olivehurst	CA	39.095	-121.552	29	13656
Moss Point	MS	30.412	-88.534	5	13654
Bexley	OH	39.969	-82.938	33	13654
Marshall	MN	44.447	-95.788	5	13652
Pell City	AL	33.586	-86.286	5	13646
Martinsville	VA	36.692	-79.873	33	13645
Ionview	ON	43.737	-79.273	45	13641
Monroe	GA	33.795	-83.713	33	13641
Copley	OH	41.099	-81.645	33	13641
Columbia	ON	43.485	-80.533	45	13635
Cayce	SC	33.966	-81.074	33	13619
West Freehold	NJ	40.242	-74.301	33	13613
Miami	OK	36.875	-94.877	5	13611
La Grange Park	IL	41.835	-87.862	5	13608
Port Orchard	WA	47.540	-122.636	29	13607
Millbury	MA	42.194	-71.760	33	13606
Hampton Bays	NY	40.869	-72.518	33	13603
Grover Beach	CA	35.122	-120.621	29	13600
Bergen Beach	NY	40.620	-73.907	33	13596
New Hamburg	ON	43.383	-80.700	45	13595
Mount Dennis	ON	43.687	-79.489	45	13593
Strathmore	AB	51.050	-113.385	11	13592
East Norriton	PA	40.150	-75.336	33	13590
Lebanon	NH	43.642	-72.252	33	13579
Lewisville	NC	36.097	-80.419	33	13567
Jericho	NY	40.792	-73.540	33	13567
Hudson	WI	44.975	-92.757	5	13566
Sainte-Marie	QC	46.434	-71.012	45	13565
Sharon	PA	41.233	-80.493	33	13562
Verona	NJ	40.830	-74.240	33	13545
Swansea	IL	38.534	-89.989	5	13543
Warrensville Heights	OH	41.435	-81.536	33	13542
Southern Pines	NC	35.174	-79.392	33	13539
Riverdale	IL	41.633	-87.633	5	13536
Henderson	TX	32.153	-94.799	5	13529
Glenmont	MD	39.058	-77.050	33	13529
North Mankato	MN	44.173	-94.034	5	13529
Hockessin	DE	39.788	-75.697	33	13527
Destin	FL	30.394	-86.496	5	13523
Mount Dora	FL	28.802	-81.645	33	13519
Lynden	WA	48.947	-122.452	29	13517
Naranja	FL	25.518	-80.423	33	13509
Havre de Grace	MD	39.549	-76.092	33	13504
Palmetto Estates	FL	25.621	-80.362	33	13498
Washington	PA	40.174	-80.246	33	13497
Waxhaw	NC	34.925	-80.743	33	13495
White Center	WA	47.517	-122.355	29	13495
River Ridge	LA	29.960	-90.216	5	13494
Sahali	BC	50.650	-120.333	46	13493
Olympia Heights	FL	25.727	-80.355	33	13488
Village of Campton Hills	IL	41.937	-88.397	5	13483
Río Grande	PR	18.380	-65.831	39	13467
Conway	FL	28.503	-81.331	33	13467
Glenn Dale	MD	38.988	-76.821	33	13466
San Marino	CA	34.121	-118.106	29	13464
Englewood	OH	39.878	-84.302	33	13460
Orangeburg	SC	33.492	-80.856	33	13460
Solana Beach	CA	32.991	-117.271	29	13449
Timberwood Park	TX	29.694	-98.497	5	13447
Lockhart	TX	29.885	-97.670	5	13446
Brecksville	OH	41.320	-81.627	33	13440
Cambridgeport	MA	42.358	-71.104	33	13438
Washington Square	PA	39.950	-75.162	33	13438
Chesterton	IN	41.611	-87.064	5	13433
Sauk Rapids	MN	45.592	-94.166	5	13424
South Park Township	PA	40.299	-79.994	33	13416
Oatfield	OR	45.414	-122.600	29	13415
Hālawa Heights	HI	21.378	-157.914	49	13408
Mont-Laurier	QC	46.550	-75.499	45	13405
Monroe	OH	39.440	-84.362	33	13393
Kings Park West	VA	38.814	-77.296	33	13390
Nesconset	NY	40.852	-73.154	33	13387
Las Vegas	NM	35.594	-105.224	9	13386
Grain Valley	MO	39.015	-94.199	5	13379
Dunmore	PA	41.420	-75.632	33	13379
Brainerd	MN	46.358	-94.201	5	13371
Western Springs	IL	41.810	-87.901	5	13369
Centennial Scarborough	ON	43.782	-79.151	45	13362
Discovery Bay	CA	37.909	-121.600	29	13352
Bedford	IN	38.861	-86.487	16	13347
Bellair-Meadowbrook Terrace	FL	30.179	-81.743	33	13343
Saint James	NY	40.879	-73.157	33	13338
Brookswood	BC	49.067	-122.667	46	13336
Ridge	NY	40.894	-72.896	33	13336
New Ulm	MN	44.312	-94.461	5	13327
South Sioux City	NE	42.474	-96.414	5	13319
Warrenville	IL	41.818	-88.173	5	13317
Huron	SD	44.363	-98.214	5	13313
Shorewood	WI	43.089	-87.888	5	13311
Waunakee	WI	43.192	-89.456	5	13311
Beaufort	SC	32.432	-80.670	33	13306
Portage la Prairie	MB	49.973	-98.293	48	13304
Avenal	CA	36.004	-120.129	29	13301
Monticello	MN	45.306	-93.794	5	13299
Riverhead	NY	40.917	-72.662	33	13299
West Carrollton City	OH	39.672	-84.252	33	13297
Franklin Park	NJ	40.439	-74.535	33	13295
Piney Green	NC	34.716	-77.320	33	13293
McKenzie Lake	AB	50.908	-113.981	11	13290
Butler	PA	40.861	-79.895	33	13289
Citrus Ridge	FL	28.334	-81.642	33	13285
Fergus Falls	MN	46.283	-96.078	5	13281
Beeville	TX	28.401	-97.750	5	13277
California City	CA	35.126	-117.986	29	13277
Gonzalez	FL	30.582	-87.291	5	13273
Vadnais Heights	MN	45.057	-93.074	5	13266
North Adams	MA	42.701	-73.109	33	13263
Palmetto	FL	27.521	-82.572	33	13249
Lake Forest Park	WA	47.757	-122.281	29	13243
Spring Lake	NC	35.168	-78.973	33	13234
Mercerville	NJ	40.237	-74.687	33	13230
Colonial Park	PA	40.301	-76.810	33	13229
Glenpool	OK	35.955	-96.009	5	13225
Fruitville	FL	27.330	-82.458	33	13224
Red Hill	SC	34.000	-79.258	33	13223
Lindsay	CA	36.203	-119.088	29	13217
Calera	AL	33.103	-86.754	5	13213
University Heights	OH	41.498	-81.537	33	13202
Carriere	MS	30.617	-89.653	5	13198
Atlantic Beach	FL	30.334	-81.399	33	13193
Streator	IL	41.121	-88.835	5	13182
Lea Hill	WA	47.326	-122.182	29	13182
Waianae	HI	21.438	-158.186	49	13177
Teays Valley	WV	38.450	-81.929	33	13175
Lone Tree	CO	39.552	-104.886	9	13175
Brandermill	VA	37.432	-77.650	33	13173
Soddy-Daisy	TN	35.236	-85.191	33	13171
Snoqualmie	WA	47.529	-121.825	29	13169
Fostoria	OH	41.157	-83.417	33	13167
Oakland	NJ	41.013	-74.264	33	13165
Short Hills	NJ	40.748	-74.325	33	13165
Powell River	BC	49.833	-124.524	46	13157
Wayland	MA	42.363	-71.361	33	13155
Bayview Woods-Steeles	ON	43.797	-79.382	45	13154
Raynham	MA	41.949	-71.073	33	13153
Coatesville	PA	39.983	-75.824	33	13148
Clayton	OH	39.863	-84.361	33	13146
McPherson	KS	38.371	-97.664	5	13144
Crowley	LA	30.214	-92.375	5	13144
Harrison	AR	36.230	-93.108	5	13138
North Perth	ON	43.725	-80.967	45	13130
Saddle Brook	NJ	40.899	-74.093	33	13130
East Cambridge	MA	42.367	-71.080	33	13122
Huntington Hills	AB	51.117	-114.067	11	13120
Dorado	PR	18.459	-66.268	39	13117
Bellefontaine	OH	40.361	-83.760	33	13117
Black Forest	CO	39.013	-104.701	9	13116
West Clayton	BC	49.129	-122.716	46	13102
Ridgefield Park	NJ	40.857	-74.022	33	13102
Grovetown	GA	33.450	-82.198	33	13093
Bardstown	KY	37.809	-85.467	33	13091
Windham	NH	42.801	-71.304	33	13091
Worthington	MN	43.620	-95.596	5	13090
Florida City	FL	25.448	-80.479	33	13085
Commerce	CA	34.001	-118.160	29	13081
La Grande	OR	45.325	-118.088	29	13074
Saint Marys	PA	41.428	-78.561	33	13070
Stoughton	WI	42.917	-89.218	5	13067
Highland West	ON	43.432	-80.544	45	13066
West Point Grey	BC	49.267	-123.200	46	13065
Kingsgate	WA	47.727	-122.180	29	13065
Geneva	NY	42.869	-76.978	33	13062
Meadville	PA	41.641	-80.151	33	13061
Lockhart	FL	28.619	-81.443	33	13060
Harwich	MA	41.686	-70.076	33	13059
James Bay	BC	48.417	-123.383	46	13055
The Glebe	ON	45.404	-75.690	45	13055
Walsh Acres-Lakeridge-Garden Ridge	SK	50.497	-104.657	41	13055
South Charleston	WV	38.368	-81.700	33	13045
Medway	MA	42.142	-71.397	33	13042
Marshall	MO	39.123	-93.197	5	13039
Santa Fe	TX	29.378	-95.106	5	13037
Newton	NC	35.670	-81.221	33	13035
Oakridge	BC	49.233	-123.117	46	13030
North Auburn	CA	38.931	-121.082	29	13022
Tehachapi	CA	35.132	-118.449	29	13021
Saint Ann	MO	38.727	-90.383	5	13020
Thonotosassa	FL	28.061	-82.302	33	13014
Endicott	NY	42.098	-76.049	33	13014
Connersville	IN	39.641	-85.141	16	13010
Arrochar	NY	40.598	-74.073	33	13010
Ferndale	WA	48.846	-122.591	29	13010
Middleburg	FL	30.069	-81.860	33	13008
Rantoul	IL	40.308	-88.156	5	13008
Greenville	OH	40.103	-84.633	33	13006
Signal Hill	AB	51.024	-114.174	11	13000
Saint Simons Island	GA	31.151	-81.370	33	13000
Shadow Hills	CA	34.262	-118.352	29	13000
Woodward	OK	36.434	-99.390	5	12993
Rochester	MI	42.681	-83.134	10	12993
Key Biscayne	FL	25.694	-80.163	33	12990
Mid-Cambridge	MA	42.372	-71.106	33	12988
Claremont	NH	43.377	-72.347	33	12984
Superior	CO	39.953	-105.169	9	12980
Auburn	IN	41.367	-85.059	16	12979
Saint Augustine	FL	29.895	-81.315	33	12975
Powell	OH	40.158	-83.075	33	12972
Justice	IL	41.744	-87.838	5	12968
Glen Carbon	IL	38.748	-89.983	5	12966
West Monroe	LA	32.518	-92.148	5	12966
Malibu	CA	34.026	-118.780	29	12965
Borger	TX	35.668	-101.397	5	12964
College	AK	64.857	-147.803	0	12964
Shiloh	IL	38.561	-89.897	5	12961
Fort Drum	NY	44.058	-75.762	33	12955
Truro	NS	45.367	-63.265	15	12954
Grass Valley	CA	39.219	-121.061	29	12944
Newington	VA	38.738	-77.185	33	12943
Greenwich	CT	41.026	-73.628	33	12942
Lakeland North	WA	47.333	-122.277	29	12942
Kingston	PA	41.262	-75.897	33	12941
Fulton	MO	38.847	-91.948	5	12939
El Dorado	KS	37.817	-96.862	5	12931
Wawarsing	NY	41.759	-74.357	33	12925
Douglasdale	AB	50.939	-113.993	11	12920
Dolbeau-Mistassini	QC	48.879	-72.231	45	12916
Mounds View	MN	45.105	-93.209	5	12914
Herrin	IL	37.803	-89.028	5	12910
Grenada	MS	33.769	-89.808	5	12900
Dover	OH	40.521	-81.474	33	12899
Hanover	NJ	40.805	-74.367	33	12898
Dardenne Prairie	MO	38.770	-90.729	5	12890
New Brighton	AB	50.920	-113.945	11	12885
Saint Helens	OR	45.864	-122.806	29	12883
Forest Hill	TX	32.672	-97.269	5	12881
Weigelstown	PA	39.984	-76.822	33	12875
Skyview Ranch	AB	51.158	-113.957	11	12870
Dallas	GA	33.924	-84.841	33	12870
Glendale	WI	43.135	-87.936	5	12870
York Beach	ME	43.171	-70.609	33	12854
Holiday City-Berkeley	NJ	39.964	-74.278	33	12831
Lowertown	ON	45.432	-75.693	45	12824
Hot Springs Village	AR	34.672	-92.999	5	12807
Forest Hill North	ON	43.704	-79.428	45	12806
Fruita	CO	39.159	-108.729	9	12795
Kettering	MD	38.885	-76.815	33	12790
Athens	TX	32.205	-95.856	5	12788
New Carrollton	MD	38.970	-76.880	33	12786
Port Neches	TX	29.991	-93.959	5	12786
Hamilton Square	NJ	40.227	-74.653	33	12784
South Slope	BC	49.217	-123.000	46	12782
Fallsburg	NY	41.732	-74.601	33	12773
Charlton	MA	42.136	-71.970	33	12764
Seaside	NY	40.583	-73.828	33	12754
Bedford	OH	41.393	-81.537	33	12747
Andover	KS	37.714	-97.136	5	12745
Finneytown	OH	39.200	-84.520	33	12741
Canton	MD	39.280	-76.567	33	12731
Elk City	OK	35.412	-99.404	5	12717
New Kensington	PA	40.570	-79.765	33	12713
Conneaut	OH	41.948	-80.554	33	12712
Laurentides	QC	47.133	-72.282	45	12710
Hammond	BC	49.219	-122.653	46	12709
Derby	CT	41.321	-73.089	33	12700
Boone	IA	42.060	-93.880	5	12692
Minden	LA	32.615	-93.287	5	12690
Middle Valley	TN	35.196	-85.185	33	12684
Markham	IL	41.594	-87.695	5	12682
Cape Horn	BC	49.227	-122.837	46	12680
Belle Chasse	LA	29.855	-89.991	5	12679
Riviera Beach	MD	39.167	-76.508	33	12677
Pelham	NH	42.735	-71.325	33	12676
Pedley	CA	33.975	-117.476	29	12672
El Sobrante	CA	37.977	-122.295	29	12669
Kanata-Lakes	ON	45.321	-75.918	45	12668
On Top of the World	FL	29.115	-82.291	33	12668
Nānākuli	HI	21.394	-158.154	49	12666
McComb	MS	31.244	-90.453	5	12661
Winkler	MB	49.182	-97.941	48	12660
Sylacauga	AL	33.173	-86.252	5	12657
Half Moon Bay	CA	37.464	-122.429	29	12657
Lilburn	GA	33.890	-84.143	33	12655
Centralia	IL	38.525	-89.133	5	12655
West Valley	WA	46.592	-120.605	29	12655
San Anselmo	CA	37.975	-122.562	29	12653
Artondale	WA	47.300	-122.621	29	12653
Central	ON	43.465	-80.522	45	12650
Lincolnwood	IL	42.004	-87.730	5	12646
Kentville	NS	45.077	-64.496	15	12636
West Mount Airy	PA	40.053	-75.198	33	12635
Panama City Beach	FL	30.177	-85.805	5	12624
Montgomeryville	PA	40.247	-75.244	33	12624
Palolo	HI	21.313	-157.780	49	12620
Joppatowne	MD	39.414	-76.358	33	12616
Uxbridge	MA	42.077	-71.630	33	12614
Winter Hill	MA	42.396	-71.099	33	12613
Effingham	IL	39.120	-88.543	5	12604
Eufaula	AL	31.891	-85.145	5	12596
Wetaskiwin	AB	52.967	-113.369	11	12594
Channahon	IL	41.429	-88.229	5	12594
Moody	AL	33.591	-86.491	5	12593
Port Hope	ON	44.017	-78.400	45	12587
Strathcona	BC	49.277	-123.091	46	12585
Loveland	OH	39.269	-84.264	33	12585
South Daytona	FL	29.166	-81.004	33	12584
Saddlebrooke	AZ	32.539	-110.901	38	12574
Platteville	WI	42.734	-90.478	5	12572
Gaffney	SC	35.072	-81.650	33	12566
Kemp Mill	MD	39.039	-77.019	33	12564
Rogers	MN	45.189	-93.553	5	12562
Lumberton	NJ	39.966	-74.805	33	12559
Azalea Park	FL	28.541	-81.301	33	12556
Lakeland	TN	35.231	-89.740	5	12553
Rendon	TX	32.576	-97.241	5	12552
Bridlewood	AB	50.900	-114.108	11	12545
Palos Heights	IL	41.668	-87.796	5	12545
Wickliffe	OH	41.605	-81.453	33	12545
Woodbine Corridor	ON	43.678	-79.316	45	12541
Verona	WI	42.991	-89.533	5	12540
Woodhaven	MI	42.139	-83.242	10	12539
Bonita	CA	32.658	-117.030	29	12538
Kewanee	IL	41.246	-89.925	5	12533
Yonge-St.Clair	ON	43.688	-79.398	45	12528
Shelbourne	BC	48.453	-123.329	46	12525
Woodland Park	NJ	40.890	-74.195	33	12518
Elliot Lake	ON	46.383	-82.633	45	12508
Bainbridge	GA	30.904	-84.575	33	12507
Cambridge	MD	38.563	-76.079	33	12507
Isabela	PR	18.501	-67.024	39	12505
Bedford	MA	42.491	-71.276	33	12502
Chaparral	AB	50.886	-114.033	11	12500
Windsor Locks	CT	41.929	-72.627	33	12498
Highland Creek	ON	43.791	-79.176	45	12494
Sandy Hill	ON	45.425	-75.679	45	12490
Albert Park	SK	50.407	-104.631	41	12475
Winnetka	IL	42.108	-87.736	5	12472
New Providence	NJ	40.698	-74.402	33	12469
Green River	WY	41.529	-109.466	9	12465
Grand Terrace	CA	34.034	-117.314	29	12464
Patchogue	NY	40.766	-73.015	33	12463
Cedar Grove	NJ	40.852	-74.229	33	12457
Ardmore	PA	40.007	-75.285	33	12455
Paschall	PA	39.924	-75.239	33	12450
Wilmington	OH	39.445	-83.829	33	12449
Ringwood	NJ	41.113	-74.245	33	12448
Willingdon Heights	BC	49.275	-123.008	46	12443
Aberdeen	BC	50.650	-120.367	46	12437
North Madison	IN	38.768	-85.397	16	12435
Steamboat Springs	CO	40.485	-106.832	9	12435
Abbeville	LA	29.975	-92.134	5	12434
Fort Atkinson	WI	42.929	-88.837	5	12426
Albion	BC	49.188	-122.557	46	12424
Lake Arrowhead	CA	34.248	-117.189	29	12424
Downtown	AB	53.540	-113.499	11	12423
Irondale	AL	33.538	-86.707	5	12423
Lumberton	TX	30.266	-94.200	5	12421
Larkspur	CA	37.934	-122.535	29	12417
Humber Summit	ON	43.758	-79.575	45	12416
Port Lavaca	TX	28.615	-96.626	5	12416
Mount Vernon	VA	38.714	-77.101	33	12416
Brookhaven	MS	31.579	-90.441	5	12414
Fernway	PA	40.695	-80.131	33	12414
Beatrice	NE	40.268	-96.747	5	12388
Ottawa	KS	38.616	-95.268	5	12387
Wilton Manors	FL	26.160	-80.139	33	12385
Four Corners	TX	29.669	-95.658	5	12382
Federal Heights	CO	39.851	-104.999	9	12381
Downtown	HI	21.302	-157.858	49	12381
Greenwood	WA	47.694	-122.355	29	12378
Aldergrove	BC	49.058	-122.471	46	12363
Spring Creek	NV	40.727	-115.586	29	12361
New Baltimore	MI	42.681	-82.737	10	12354
Sydney Mines	NS	46.237	-60.218	13	12353
Forestville	MD	38.845	-76.875	33	12353
Agate Beach	OR	44.677	-124.062	29	12351
Atco	NJ	39.770	-74.887	33	12350
Mandeville	LA	30.358	-90.066	5	12345
Fernandina Beach	FL	30.670	-81.463	33	12339
Miller Place	NY	40.960	-72.996	33	12339
Escanaba	MI	45.745	-87.065	10	12334
Mountain Home	AR	36.335	-92.385	5	12330
Lake Los Angeles	CA	34.612	-117.828	29	12328
Cleveland	MS	33.744	-90.725	5	12327
Dawson Creek	BC	55.760	-120.240	8	12323
Portland	TN	36.582	-86.516	5	12323
Gulfport	FL	27.748	-82.703	33	12322
Plover	WI	44.456	-89.544	5	12319
Sidney	BC	48.650	-123.403	46	12318
Cornelius	OR	45.520	-123.060	29	12317
Broadlands	VA	39.018	-77.520	33	12313
Gravenhurst	ON	44.917	-79.366	45	12312
Northlake	IL	41.917	-87.896	5	12312
Paris	ON	43.200	-80.383	45	12310
Big Bear City	CA	34.261	-116.845	29	12304
North Castle	NY	41.140	-73.684	33	12304
Eatontown	NJ	40.296	-74.051	33	12301
Coolidge	AZ	32.978	-111.518	38	12297
Marion	AR	35.215	-90.196	5	12292
Fort Richmond	MB	49.792	-97.144	48	12290
Turtle Rock	CA	33.643	-117.810	29	12288
West Plains	MO	36.728	-91.852	5	12285
Plymouth	CT	41.672	-73.053	33	12284
Trenton	OH	39.481	-84.458	33	12281
Overlea	MD	39.363	-76.521	33	12275
North Merrick	NY	40.691	-73.563	33	12272
Port Saint John	FL	28.477	-80.789	33	12267
Green Valley	MD	39.309	-77.297	33	12262
West Cambie	BC	49.183	-123.117	46	12255
Okmulgee	OK	35.623	-95.961	5	12244
South Miami	FL	25.708	-80.293	33	12242
Hasbrouck Heights	NJ	40.858	-74.081	33	12227
Jacksonville	AL	33.814	-85.761	5	12222
Cedarbrook	PA	40.078	-75.177	33	12219
Marysville	CA	39.146	-121.591	29	12216
Clarkston	GA	33.810	-84.240	33	12215
Kingston	MA	41.995	-70.724	33	12208
Davidson	NC	35.502	-80.839	33	12207
Winfield	KS	37.240	-96.996	5	12204
Red Bank	NJ	40.347	-74.064	33	12204
Somerville	NJ	40.574	-74.610	33	12202
Kings Point	FL	26.445	-80.140	33	12201
East Hanover	NJ	40.820	-74.365	33	12194
Tucson Estates	AZ	32.188	-111.091	38	12192
Cap-aux-Meules	QC	47.382	-61.860	15	12190
Haverstraw	NY	41.198	-73.965	33	12187
Suamico	WI	44.632	-88.039	5	12187
Union Market	DC	38.909	-76.998	33	12186
Timberlake	VA	37.321	-79.258	33	12183
Riverview	MI	42.174	-83.179	10	12181
Choctaw	OK	35.498	-97.269	5	12179
Lake City	FL	30.190	-82.639	33	12161
Babylon	NY	40.696	-73.326	33	12161
Travilah	MD	39.069	-77.263	33	12159
Blue Ash	OH	39.232	-84.378	33	12159
Hudson	FL	28.364	-82.693	33	12158
Neosho	MO	36.869	-94.368	5	12156
Baraboo	WI	43.471	-89.744	5	12155
Freeport	TX	28.954	-95.360	5	12154
Stony Point	NY	41.230	-73.987	33	12147
Richmond	TX	29.582	-95.761	5	12138
Arkansas City	KS	37.062	-97.038	5	12136
Amherst	OH	41.398	-82.222	33	12135
New Kingman-Butler	AZ	35.265	-114.032	38	12134
Evanston	WY	41.268	-110.963	9	12133
Speedway	IN	39.802	-86.267	16	12127
Weatherford	OK	35.526	-98.708	5	12126
Port Royal	SC	32.379	-80.693	33	12122
Wells Branch	TX	30.446	-97.679	5	12120
Luling	LA	29.932	-90.366	5	12119
Mount Sinai	NY	40.947	-73.030	33	12118
Brown Deer	WI	43.163	-87.965	5	12102
Central Business District	SK	52.130	-106.662	41	12101
Burke Mountain	BC	49.294	-122.756	46	12100
Salisbury	NY	40.746	-73.560	33	12093
Dunkirk	NY	42.480	-79.334	33	12081
Woodmere	LA	29.858	-90.080	5	12080
Washington	IN	38.659	-87.173	22	12078
Cloquet	MN	46.722	-92.459	5	12075
Festus	MO	38.221	-90.396	5	12065
Chelsea	AL	33.340	-86.630	5	12059
Poquoson	VA	37.122	-76.346	33	12059
Irmo	SC	34.086	-81.183	33	12056
San Germán	PR	18.082	-67.045	39	12055
Alderwood	ON	43.603	-79.546	45	12054
Lake Station	IN	41.575	-87.239	5	12054
Glenn Heights	TX	32.549	-96.857	5	12042
Varsity	AB	51.092	-114.156	11	12040
Madison	IN	38.736	-85.380	16	12040
Goldenrod	FL	28.610	-81.289	33	12039
Vega Alta	PR	18.412	-66.331	39	12036
Norton	OH	41.029	-81.638	33	12036
Artesia	NM	32.842	-104.403	9	12036
Edgewater	NJ	40.827	-73.976	33	12034
Fairfax Station	VA	38.801	-77.326	33	12030
Stafford	CT	41.985	-72.289	33	12029
Centerton	AR	36.360	-94.285	5	12023
Smithfield	NC	35.508	-78.339	33	12022
Red Oak	TX	32.518	-96.804	5	12022
Los Alamos	NM	35.888	-106.307	9	12019
North Palm Beach	FL	26.818	-80.082	33	12015
Clawson	MI	42.533	-83.146	10	12015
Salem	OH	40.901	-80.857	33	12003
Parksville	BC	49.319	-124.316	46	12000
Queenswood Heights	ON	45.471	-75.506	45	12000
Cedar Lake	IN	41.365	-87.441	5	12000
Fortuna	CA	40.598	-124.157	29	12000
Glen Rock	NJ	40.963	-74.133	33	11999
Firestone	CO	40.112	-104.937	9	11999
Ambleside	BC	49.328	-123.144	46	11998
Portales	NM	34.186	-103.334	9	11995
Gladstone	OR	45.381	-122.595	29	11986
La Homa	TX	26.250	-98.364	5	11985
Erin	ON	43.773	-80.064	45	11981
Martinsville	NJ	40.601	-74.559	33	11980
Rothesay	NB	45.380	-65.967	32	11977
Kailua-Kona	HI	19.640	-155.999	49	11975
Waconia	MN	44.851	-93.787	5	11968
Shepherdsville	KY	37.988	-85.716	33	11967
Crestwood	MO	38.557	-90.382	5	11966
Youngsville	LA	30.100	-91.990	5	11961
North Wantagh	NY	40.693	-73.508	33	11960
Freehold	NJ	40.260	-74.274	33	11959
Champlain Heights	BC	49.209	-123.026	46	11958
Monfort Heights	OH	39.188	-84.595	33	11948
Scotts Valley	CA	37.051	-122.015	29	11945
Holly Hill	FL	29.244	-81.038	33	11943
Coamo	PR	18.080	-66.358	39	11940
Leeds	AL	33.548	-86.544	5	11936
Richmond Hill	GA	31.938	-81.303	33	11935
Hormigueros	PR	18.140	-67.127	39	11934
Bogalusa	LA	30.791	-89.849	5	11933
Bennsville	MD	38.609	-77.012	33	11923
Dranesville	VA	39.001	-77.346	33	11921
Guymon	OK	36.683	-101.482	5	11921
West Haven	UT	41.203	-112.051	9	11921
Beauharnois	QC	45.313	-73.873	45	11918
North Riverdale	ON	43.672	-79.351	45	11916
Bucyrus	OH	40.808	-82.975	33	11916
Carleton Place	ON	45.133	-76.149	45	11901
Kelso	WA	46.147	-122.908	29	11901
Bathurst	NB	47.618	-65.651	32	11897
Pennsville	NJ	39.653	-75.517	33	11888
Georgetown	DC	38.905	-77.062	33	11887
Gander	NL	48.956	-54.616	43	11880
Maryville	MO	40.346	-94.872	5	11879
Clayton	CA	37.941	-121.936	29	11867
California	MD	38.300	-76.507	33	11857
Lakeside	VA	37.608	-77.477	33	11849
Terryville	NY	40.909	-73.065	33	11849
Etobicoke West Mall	ON	43.646	-79.570	45	11848
Wanaque	NJ	41.038	-74.294	33	11848
Cypress Lake	FL	26.538	-81.899	33	11846
Cameron	BC	49.256	-122.907	46	11844
Alexandria	MN	45.885	-95.378	5	11843
Westwood Lake	FL	25.729	-80.373	33	11838
Glen Cairn	ON	45.293	-75.880	45	11836
Morgan City	LA	29.699	-91.207	5	11835
Florham Park	NJ	40.788	-74.388	33	11835
Kingsburg	CA	36.514	-119.554	29	11824
Georgetown	GA	31.983	-81.227	33	11823
Promontory	BC	49.104	-121.935	46	11820
Greensburg	IN	39.337	-85.484	16	11819
Cottonwood	AZ	34.739	-112.010	38	11818
Yonge-Eglinton	ON	43.705	-79.404	45	11817
Schiller Park	IL	41.956	-87.871	5	11806
Lovington	NM	32.944	-103.349	9	11800
Sugarland Run	VA	39.038	-77.375	33	11799
Pontiac	IL	40.881	-88.630	5	11794
Anacostia	DC	38.867	-76.984	33	11789
Bridgeton	MO	38.767	-90.412	5	11786
Dufferin Grove	ON	43.658	-79.428	45	11785
Franklin	OH	39.559	-84.304	33	11783
Woodinville	WA	47.754	-122.163	29	11782
Colorado Triangle	DC	38.956	-77.033	33	11780
Red Bank	TN	35.112	-85.294	33	11769
Newport East	RI	41.516	-71.288	33	11769
Snyder	TX	32.718	-100.918	5	11768
Lansing	KS	39.249	-94.900	5	11767
Carroll Park	PA	39.971	-75.237	33	11767
Beachwood	OH	41.465	-81.509	33	11762
Lower Burrell	PA	40.553	-79.757	33	11761
Trophy Club	TX	32.998	-97.184	5	11759
Somersworth	NH	43.262	-70.865	33	11759
Landenberg	PA	39.777	-75.771	33	11757
Clayburn	BC	49.069	-122.262	46	11755
Healdsburg	CA	38.610	-122.869	29	11742
Fairfield	BC	48.417	-123.350	46	11740
Blackfoot	ID	43.190	-112.345	3	11740
Eastern Passage	NS	44.617	-63.482	15	11738
Montmagny	QC	46.980	-70.555	45	11724
South Lyon	MI	42.461	-83.652	10	11722
Douglas	GA	31.509	-82.850	33	11718
Carver	MA	41.883	-70.763	33	11718
Wallington	NJ	40.853	-74.114	33	11716
Ocean Pines	MD	38.395	-75.156	33	11710
Jensen Beach	FL	27.254	-80.230	33	11707
Lahaina	HI	20.875	-156.680	49	11704
Foothill Ranch	CA	33.686	-117.661	29	11698
Emeryville	CA	37.831	-122.285	29	11694
Azle	TX	32.895	-97.546	5	11693
East Bethel	MN	45.319	-93.202	5	11692
West Henrietta	NY	43.040	-77.662	33	11691
Martinsville	IN	39.428	-86.428	16	11690
Seven Hills	OH	41.395	-81.676	33	11690
Macedonia	OH	41.314	-81.508	33	11686
Weston	MA	42.367	-71.303	33	11682
Waipio	HI	21.418	-157.999	49	11674
Cabbagetown-South St.James Town	ON	43.668	-79.366	45	11669
Magnolia	AR	33.267	-93.239	5	11669
River Edge	NJ	40.929	-74.040	33	11668
Oquirrh	UT	40.630	-112.034	9	11668
Guttenberg	NJ	40.792	-74.004	33	11665
Saint Romuald	QC	46.758	-71.239	45	11663
Mexico	MO	39.170	-91.883	5	11660
North Lindenhurst	NY	40.714	-73.382	33	11652
Wyandanch	NY	40.754	-73.360	33	11647
Goshen	OH	39.233	-84.161	33	11644
Lexington Park	MD	38.267	-76.454	33	11626
Arlington	TN	35.296	-89.661	5	11625
Ravenna	OH	41.158	-81.242	33	11619
Summerland	BC	49.600	-119.669	46	11615
Enumclaw	WA	47.204	-121.992	29	11609
Oskaloosa	IA	41.296	-92.644	5	11607
Verde Village	AZ	34.711	-112.012	38	11605
El Campo	TX	29.197	-96.270	5	11604
Lynnfield	MA	42.539	-71.048	33	11596
Cold Lake	AB	54.465	-110.182	11	11595
Cocoa Beach	FL	28.321	-80.609	33	11595
San Sebastián	PR	18.337	-66.990	39	11590
Elizabethtown	PA	40.153	-76.603	33	11586
Mack	OH	39.158	-84.650	33	11585
Royal Oak	AB	51.143	-114.222	11	11580
Robstown	TX	27.790	-97.669	5	11576
Port Washington	WI	43.387	-87.876	5	11576
View Royal	BC	48.458	-123.453	46	11575
Lakeland South	WA	47.278	-122.283	29	11574
Home Gardens	CA	33.878	-117.521	29	11570
Villas	FL	26.550	-81.869	33	11569
Upper Montclair	NJ	40.846	-74.201	33	11565
Signal Hill	CA	33.804	-118.168	29	11565
Sun Village	CA	34.560	-117.957	29	11565
Archdale	NC	35.915	-79.972	33	11564
West Springs	AB	51.061	-114.198	11	11560
Tarrytown	NY	41.076	-73.859	33	11560
Moss Bluff	LA	30.303	-93.191	5	11557
Mountain Park	GA	33.844	-84.129	33	11554
Fulton	NY	43.323	-76.417	33	11552
Garden City	ID	43.622	-116.238	3	11550
Hauterive	QC	49.196	-68.258	45	11549
Urbana	OH	40.108	-83.752	33	11547
Valley Falls	RI	41.907	-71.391	33	11547
North Bellport	NY	40.774	-72.943	33	11545
Troy	MO	38.979	-90.981	5	11542
Lakeland Village	CA	33.639	-117.344	29	11541
Hidden Valley	AB	51.149	-114.114	11	11540
Tomball	TX	30.097	-95.616	5	11540
Greatwood	TX	29.554	-95.676	5	11538
Gladeview	FL	25.839	-80.236	33	11535
Destrehan	LA	29.943	-90.353	5	11535
Cheney	WA	47.487	-117.576	29	11534
West Kensington	PA	39.986	-75.139	33	11532
Richfield	WI	43.256	-88.194	5	11530
Groveland	FL	28.558	-81.851	33	11528
Grafton	WI	43.320	-87.953	5	11527
Fall River	NS	44.817	-63.615	15	11526
Doon South	ON	43.378	-80.431	45	11524
Shady Hills	FL	28.410	-82.543	33	11523
Yeadon	PA	39.939	-75.255	33	11523
Hobe Sound	FL	27.059	-80.136	33	11521
Byram	MS	32.179	-90.245	5	11509
Claiborne	LA	32.516	-92.192	5	11507
Chesapeake Ranch Estates-Drum Point	MD	38.350	-76.419	33	11503
Broadview North	ON	43.689	-79.356	45	11499
Yulee	FL	30.632	-81.606	33	11491
Excelsior Springs	MO	39.339	-94.226	5	11486
Rehoboth	MA	41.840	-71.249	33	11486
Robinson	TX	31.468	-97.115	5	11484
Cedarburg	WI	43.297	-87.988	5	11482
Gainesville	VA	38.796	-77.614	33	11481
Lewisburg	TN	35.449	-86.789	5	11480
Royse City	TX	32.975	-96.332	5	11465
Prairie Ridge	WA	47.138	-122.149	29	11464
New Toronto	ON	43.600	-79.505	45	11463
Anna	TX	33.349	-96.549	5	11463
Bellmawr	NJ	39.868	-75.095	33	11462
North Saint Paul	MN	45.012	-92.992	5	11460
Hillsborough	CA	37.574	-122.379	29	11451
Los Alamitos	CA	33.803	-118.073	29	11449
Goulds	FL	25.563	-80.382	33	11446
Endwell	NY	42.113	-76.021	33	11446
Clute	TX	29.025	-95.399	5	11444
Fenton	MI	42.798	-83.705	10	11442
Somerset	KY	37.092	-84.604	33	11439
Glenwood	BC	49.273	-122.780	46	11437
Branson	MO	36.644	-93.219	5	11431
Parker	SC	34.851	-82.453	33	11431
Mendota	CA	36.754	-120.382	29	11430
Lakes by the Bay	FL	25.572	-80.325	33	11422
Murrayville	BC	49.083	-122.617	46	11420
Shellmont	BC	49.135	-123.096	46	11420
Mays Chapel	MD	39.433	-76.649	33	11420
Salem	WI	42.555	-88.111	5	11416
Haddonfield	NJ	39.892	-75.038	33	11414
Frederick	CO	40.099	-104.937	9	11413
Webster	MA	42.050	-71.880	33	11412
Crossville	TN	35.949	-85.027	5	11411
Hawaiian Paradise Park	HI	19.593	-154.973	49	11404
D'Iberville	MS	30.426	-88.891	5	11400
Summit	IL	41.788	-87.810	5	11389
Piedmont	CA	37.824	-122.232	29	11376
Ridgefield	NJ	40.834	-74.009	33	11373
Lyndon	KY	38.257	-85.602	27	11372
Ionia	MI	42.987	-85.071	10	11372
Carnot-Moon	PA	40.519	-80.217	33	11372
Surrey Centre	BC	49.117	-122.750	46	11370
Newcastle	WA	47.539	-122.156	29	11370
Emmaus	PA	40.540	-75.497	33	11368
Greentree	NJ	39.897	-74.956	33	11367
Tyngsboro	MA	42.677	-71.425	33	11366
Grosse Ile	MI	42.129	-83.144	10	11361
Jefferson Hills	PA	40.291	-79.932	33	11360
Brentwood Village	DC	38.921	-76.984	33	11359
Ocean City	NJ	39.278	-74.575	33	11355
Camden	AR	33.585	-92.834	5	11347
Oxford	CT	41.434	-73.117	33	11345
Waupun	WI	43.633	-88.730	5	11343
Niles	MI	41.830	-86.254	10	11333
North Valley	NM	35.173	-106.623	9	11333
Oak Hills	OR	45.541	-122.841	29	11333
Two Rivers	WI	44.154	-87.569	5	11331
Gloucester City	NJ	39.893	-75.120	33	11329
Lakewood Park	FL	27.543	-80.402	33	11323
Smyrna	DE	39.300	-75.605	33	11319
Fort Morgan	CO	40.250	-103.800	9	11319
Mango	FL	27.980	-82.306	33	11313
Gardnerville Ranchos	NV	38.888	-119.741	29	11312
Sainte-Marthe-sur-le-Lac	QC	45.533	-73.933	45	11311
East Grand Rapids	MI	42.941	-85.610	10	11311
Magalia	CA	39.812	-121.578	29	11310
Broussard	LA	30.147	-91.961	5	11303
Walker Mill	MD	38.875	-76.888	33	11302
West Sedona	AZ	34.867	-111.805	38	11299
Corozal	PR	18.341	-66.317	39	11297
Robertsville	NJ	40.346	-74.288	33	11297
Beddington Heights	AB	51.129	-114.079	11	11295
Merriam	KS	39.024	-94.694	5	11288
Madison Heights	VA	37.431	-79.123	33	11285
Woods Cross	UT	40.872	-111.892	9	11284
Spearfish	SD	44.491	-103.859	9	11283
Plano	IL	41.663	-88.537	5	11282
Warren	RI	41.730	-71.283	33	11280
The Wharf	DC	38.879	-77.025	33	11274
Shiloh	OH	39.819	-84.229	33	11272
Guthrie	OK	35.879	-97.425	5	11270
Cusseta	GA	32.305	-84.773	33	11267
Huntington	VA	38.792	-77.071	33	11267
Communications Hill	CA	37.289	-121.855	29	11267
Lewis Center	OH	40.198	-83.010	33	11261
Girard Estate	PA	39.923	-75.185	33	11259
Estevan	SK	49.133	-102.984	41	11258
Newtonville	MA	42.350	-71.204	33	11251
Wrentham	MA	42.067	-71.328	33	11251
Loganville	GA	33.839	-83.901	33	11248
Westwood	NJ	40.991	-74.033	33	11247
Munhall	PA	40.392	-79.900	33	11247
Yazoo City	MS	32.855	-90.406	5	11245
Minooka	IL	41.455	-88.262	5	11243
Campbellsville	KY	37.343	-85.342	33	11237
Lake Grove	NY	40.853	-73.115	33	11235
Yorktown	IN	40.174	-85.494	16	11231
Farnham	QC	45.283	-72.982	45	11228
Southwest Center City Philadelphia	PA	39.943	-75.181	33	11228
White House	TN	36.470	-86.651	5	11226
Browns Mills	NJ	39.973	-74.583	33	11223
Mendota Heights	MN	44.884	-93.138	5	11223
Grosse Pointe Park	MI	42.376	-82.937	10	11220
Shiloh	PA	39.978	-76.797	33	11218
Pike Creek Valley	DE	39.736	-75.698	33	11217
Beachwood	NJ	39.939	-74.193	33	11214
Logan Square	PA	39.956	-75.171	33	11213
Haysville	KS	37.564	-97.352	5	11212
Spencer	IA	43.141	-95.144	5	11212
North Smithfield	RI	41.967	-71.550	33	11212
Orange City	FL	28.949	-81.299	33	11210
Berkley	CO	39.804	-105.026	9	11207
Pompton Lakes	NJ	41.005	-74.291	33	11202
Vernal	UT	40.456	-109.529	9	11200
River Forest	IL	41.898	-87.814	5	11199
Pincourt	QC	45.383	-73.983	45	11197
Saint Peter	MN	44.324	-93.958	5	11196
Jefferson	LA	29.966	-90.153	5	11193
Jerome	ID	42.724	-114.519	3	11184
Springdale	OH	39.287	-84.485	33	11182
Elwood	NY	40.845	-73.335	33	11177
Grandview	WA	46.251	-119.902	29	11176
Leon Valley	TX	29.495	-98.619	5	11174
Coldstream	BC	50.216	-119.202	46	11171
North Scituate	RI	41.832	-71.587	33	11171
Webb City	MO	37.146	-94.463	5	11165
Dudley	MA	42.045	-71.930	33	11165
Tarboro	NC	35.897	-77.536	33	11164
Sierra Madre	CA	34.162	-118.053	29	11163
Galena Park	TX	29.734	-95.230	5	11162
Camp Verde	AZ	34.564	-111.854	38	11155
Oakwood	NY	40.564	-74.116	33	11148
Central 14th Street / WMATA Northern Bus Barn	DC	38.945	-77.033	33	11147
Mount Kisco	NY	41.204	-73.727	33	11145
East Renton Highlands	WA	47.485	-122.112	29	11140
Raymondville	TX	26.481	-97.783	5	11139
Chino Valley	AZ	34.758	-112.454	38	11137
Lantana	FL	26.587	-80.052	33	11136
Bécancour	QC	46.341	-72.432	45	11134
Oneida	NY	43.093	-75.651	33	11134
Gulf Shores	AL	30.246	-87.701	5	11131
Dobbs Ferry	NY	41.015	-73.873	33	11131
Grand Rapids	MN	47.237	-93.530	5	11127
Coshocton	OH	40.272	-81.860	33	11121
Cherry Creek	CO	39.611	-104.861	9	11120
Webster	TX	29.538	-95.118	5	11116
Helena-West Helena	AR	34.529	-90.590	5	11109
Saint-Raymond	QC	46.890	-71.834	45	11108
Town and Country	MO	38.612	-90.463	5	11106
Lighthouse Point	FL	26.276	-80.087	33	11104
Lawrenceburg	KY	38.037	-84.897	33	11103
Village Park	HI	21.398	-158.030	49	11099
Weston-Pellam Park	ON	43.674	-79.460	45	11098
Fredericksburg	TX	30.275	-98.872	5	11094
South Yarmouth	MA	41.667	-70.185	33	11092
North Saanich	BC	48.666	-123.419	46	11089
Whitehorn	AB	51.083	-113.967	11	11085
Canyon Lake	CA	33.685	-117.273	29	11080
View Park-Windsor Hills	CA	33.996	-118.348	29	11075
East Milton	FL	30.615	-87.022	5	11074
Leicester	MA	42.246	-71.909	33	11064
Grand Haven	MI	43.063	-86.228	10	11062
Peru	IN	40.754	-86.069	16	11060
Keelesdale-Eglinton West	ON	43.686	-79.471	45	11058
Lakeland Highlands	FL	27.960	-81.950	33	11056
Princess-Rosethorn	ON	43.666	-79.545	45	11051
Joint Base Lewis McChord	WA	47.108	-122.577	29	11046
Saint Albans	WV	38.386	-81.836	33	11044
Burkburnett	TX	34.098	-98.571	5	11043
Londonderry	NH	42.865	-71.374	33	11037
Diamond Springs	CA	38.695	-120.815	29	11037
Sonoma	CA	38.292	-122.458	29	11037
Millington	TN	35.341	-89.897	5	11027
Little Chute	WI	44.280	-88.318	5	11026
Blackfalds	AB	52.383	-113.785	11	11015
Vermilion-on-the-Lake	OH	41.428	-82.324	33	11006
Eagle Ridge	BC	49.288	-122.822	46	11004
La Tuque	QC	47.433	-72.782	45	11001
Suffern	NY	41.115	-74.150	33	11001
Queensborough	BC	49.183	-122.933	46	11000
Ontario	OR	44.027	-116.963	3	10999
North Kamloops	BC	50.700	-120.369	46	10995
Chalco	NE	41.184	-96.150	5	10994
West Point	MS	33.608	-88.650	5	10990
Crestwood	IL	41.645	-87.742	5	10984
Mountain Top	PA	41.170	-75.877	33	10982
Doctor Phillips	FL	28.449	-81.492	33	10981
Totowa	NJ	40.905	-74.210	33	10973
Spuyten Duyvil	NY	40.881	-73.917	33	10971
Casa Loma	ON	43.683	-79.412	45	10968
Mitchellville	MD	38.920	-76.808	33	10967
Little Ferry	NJ	40.853	-74.042	33	10963
Warman	SK	52.317	-106.568	41	10961
Milton-Parc	QC	45.510	-73.575	45	10961
Martin	TN	36.343	-88.850	5	10959
Union	MO	38.450	-91.008	5	10957
Damascus	OR	45.418	-122.459	29	10952
Highland Park	MI	42.406	-83.097	10	10949
Humber Heights-Westmount	ON	43.692	-79.522	45	10948
Vidor	TX	30.132	-94.015	5	10945
Cordele	GA	31.964	-83.782	33	10943
Bluffdale	UT	40.490	-111.939	9	10931
Malvern	AR	34.362	-92.813	5	10928
Stratford	PE	46.218	-63.079	15	10927
Natrona Heights	PA	40.623	-79.730	33	10927
Seymour	TN	35.891	-83.725	33	10919
Quartz Hill	CA	34.645	-118.218	29	10912
Gulf Gate Estates	FL	27.252	-82.515	33	10911
Storm Lake	IA	42.641	-95.210	5	10910
Trinity	FL	28.181	-82.682	33	10907
Fairfield	AL	33.486	-86.912	5	10907
Lincolnton	NC	35.474	-81.255	33	10900
Ironton	OH	38.537	-82.683	33	10900
Franklin Lakes	NJ	41.017	-74.206	33	10899
Brooklyn	OH	41.440	-81.735	33	10899
Newman	CA	37.314	-121.021	29	10899
Summerfield	MD	38.905	-76.868	33	10898
Corning	NY	42.143	-77.055	33	10897
Doraville	GA	33.898	-84.283	33	10896
Sturgis	MI	41.799	-85.419	10	10896
DeRidder	LA	30.846	-93.289	5	10890
Cowansville	QC	45.200	-72.749	45	10887
Ogdensburg	NY	44.694	-75.486	33	10883
Modena Park	PA	40.078	-74.988	33	10882
Woodbury	NY	41.365	-74.106	33	10879
Taylorville	IL	39.549	-89.295	5	10873
Riverton	WY	43.025	-108.380	9	10873
Weyburn	SK	49.667	-103.851	41	10870
Citrus	CA	34.115	-117.892	29	10866
Summerfield	NC	36.209	-79.905	33	10861
Show Low	AZ	34.254	-110.030	38	10860
Acushnet	MA	41.681	-70.908	33	10850
Waynesboro	PA	39.756	-77.578	33	10848
East Liverpool	OH	40.619	-80.577	33	10846
Coldwater	MI	41.940	-85.001	10	10844
Cabo Rojo	PR	18.087	-67.146	39	10839
Torresdale	PA	40.055	-75.004	33	10836
Highland City	FL	27.965	-81.878	33	10834
Miami Shores	FL	25.863	-80.193	33	10831
Winchester Center	CT	41.900	-73.135	33	10830
Maltby	WA	47.805	-122.113	29	10830
Burr Ridge	IL	41.749	-87.918	5	10818
Sedro-Woolley	WA	48.504	-122.236	29	10815
Lindon	UT	40.343	-111.721	9	10810
Sweetwater	TX	32.471	-100.406	5	10809
Pine Castle	FL	28.472	-81.368	33	10805
Mount Holly	NJ	39.993	-74.788	33	10804
Regent Park	ON	43.660	-79.362	45	10803
La Riviera	CA	38.567	-121.357	29	10802
Marinette	WI	45.100	-87.631	5	10799
Bellefontaine Neighbors	MO	38.740	-90.227	5	10798
Van Wert	OH	40.869	-84.584	33	10798
Muskegon Heights	MI	43.201	-86.239	10	10796
Monroe	WI	42.601	-89.638	5	10796
Dover	AB	51.020	-113.993	11	10795
Holbrook	MA	42.155	-71.009	33	10791
Elmira	ON	43.600	-80.550	45	10790
Broomall	PA	39.981	-75.357	33	10789
Worth	IL	41.690	-87.797	5	10784
Jacinto City	TX	29.767	-95.234	5	10782
Smithfield	UT	41.838	-111.833	9	10782
East Cambie	BC	49.184	-123.093	46	10780
Farmersville	CA	36.298	-119.207	29	10774
Bowness	AB	51.083	-114.169	11	10770
Crestline	CA	34.242	-117.286	29	10770
Kings Mountain	NC	35.245	-81.341	33	10760
Viera East	FL	28.262	-80.714	33	10757
Lowes Island	VA	39.060	-77.352	33	10756
Delhi	CA	37.432	-120.779	29	10755
Roessleville	NY	42.695	-73.807	33	10753
Sussex	WI	43.134	-88.222	5	10753
Arkadelphia	AR	34.121	-93.054	5	10745
Van Ness	DC	38.943	-77.063	33	10745
Saks	AL	33.699	-85.840	5	10744
Echelon	NJ	39.848	-74.996	33	10743
Collegedale	TN	35.053	-85.050	33	10743
Vermillion	SD	42.779	-96.929	5	10738
Minneola	FL	28.574	-81.746	33	10735
Upper Roxborough	PA	40.060	-75.239	33	10735
Tamalpais-Homestead Valley	CA	37.878	-122.536	29	10735
Forest Hill South	ON	43.695	-79.414	45	10732
Middlesboro	KY	36.608	-83.717	33	10730
Pelmo Park-Humberlea	ON	43.718	-79.528	45	10722
Lyons	IL	41.813	-87.818	5	10722
Holly Springs	GA	34.174	-84.501	33	10719
Fort Madison	IA	40.630	-91.315	5	10717
Silverwood Heights	SK	52.180	-106.620	41	10716
Bolivar	MO	37.614	-93.410	5	10714
Westsyde	BC	50.767	-120.350	46	10713
Bastrop	LA	32.778	-91.911	5	10713
Atchison	KS	39.563	-95.122	5	10712
Largo	MD	38.898	-76.830	33	10709
Fredonia	NY	42.440	-79.332	33	10705
Cheval	FL	28.149	-82.515	33	10702
Halfway	MD	39.621	-77.759	33	10701
Petal	MS	31.347	-89.260	5	10701
Kapa‘a	HI	22.075	-159.319	49	10699
Rosaryville	MD	38.757	-76.810	33	10697
Somers Point	NJ	39.318	-74.595	33	10688
Little Falls	NJ	40.869	-74.208	33	10688
Germantown	PA	40.043	-75.180	33	10688
Darby	PA	39.918	-75.259	33	10687
Sainte-Anne-des-Plaines	QC	45.765	-73.812	45	10680
Vidalia	GA	32.218	-82.413	33	10679
Gonzales	LA	30.239	-90.920	5	10678
Grimes	IA	41.688	-93.791	5	10676
Picayune	MS	30.526	-89.678	5	10675
Klahanie	WA	47.571	-122.008	29	10674
Kakaʻako	HI	21.302	-157.857	49	10673
Batesville	AR	35.770	-91.641	5	10668
Northbrook	OH	39.246	-84.584	33	10668
Nelson	BC	49.500	-117.286	46	10664
Kennett	MO	36.236	-90.056	5	10662
Burlington	WI	42.678	-88.276	5	10650
Placerville	CA	38.730	-120.799	29	10650
Garden Acres	CA	37.964	-121.229	29	10648
Muscoy	CA	34.154	-117.344	29	10644
Sandy	OR	45.397	-122.261	29	10644
Saint-Canut	QC	45.715	-74.084	45	10643
Lansdowne	PA	39.938	-75.272	33	10639
Morro Bay	CA	35.366	-120.850	29	10639
Sainte-Adèle	QC	45.950	-74.133	45	10634
Satellite Beach	FL	28.176	-80.590	33	10633
Lambton Shores	ON	43.167	-81.933	45	10631
Brow of the Hill	BC	49.202	-122.920	46	10631
Scottdale	GA	33.790	-84.264	33	10631
Massena	NY	44.928	-74.892	33	10629
Old Saybrook	CT	41.292	-72.376	33	10627
Bedford Heights	OH	41.417	-81.527	33	10625
Vashon	WA	47.447	-122.460	29	10624
Camp Pendleton South	CA	33.228	-117.379	29	10616
Forest Acres	SC	34.019	-80.990	33	10615
Winton	CA	37.389	-120.613	29	10613
Laurentian Hills	ON	43.420	-80.495	45	10609
Keokuk	IA	40.397	-91.385	5	10609
West Perrine	FL	25.606	-80.363	33	10602
Eureka	MO	38.503	-90.628	5	10602
Norwell	MA	42.162	-70.794	33	10581
Gardere	LA	30.346	-91.140	5	10580
Accokeek	MD	38.668	-77.028	33	10573
Union City	TN	36.424	-89.057	5	10573
Vernon	TX	34.155	-99.266	5	10573
Vienna	WV	39.327	-81.548	33	10573
Eltingville	NY	40.545	-74.166	33	10573
Santaquin	UT	39.976	-111.785	9	10572
North Versailles	PA	40.380	-79.809	33	10571
Lawrenceburg	TN	35.242	-87.335	5	10569
Roscoe	IL	42.413	-89.009	5	10565
Hillsdale	NJ	41.003	-74.040	33	10559
Markland Wood	ON	43.633	-79.576	45	10554
Exeter	CA	36.296	-119.142	29	10548
Rundle	AB	51.074	-113.971	11	10545
Victoria Hills	ON	43.441	-80.521	45	10533
Belmont	NC	35.243	-81.037	33	10533
Forestville	OH	39.075	-84.345	33	10532
Weddington	NC	35.022	-80.761	33	10531
Rexdale-Kipling	ON	43.724	-79.566	45	10529
Temple	AB	51.088	-113.947	11	10525
Farmington	MI	42.464	-83.376	10	10523
Jackson	WY	43.480	-110.762	9	10523
Chesapeake Ranch Estates	MD	38.346	-76.418	33	10519
Fox Lake	IL	42.397	-88.184	5	10518
Manchester	TN	35.482	-86.089	5	10517
The Pinery	CO	39.455	-104.734	9	10517
Pine Hill	NJ	39.784	-74.992	33	10510
Montgomery	OH	39.228	-84.354	33	10506
Brentwood Park	BC	49.275	-122.992	46	10500
Redwood Shores	CA	37.532	-122.248	29	10500
Sebring	FL	27.496	-81.441	33	10497
Dent	OH	39.186	-84.651	33	10497
Bound Brook	NJ	40.568	-74.538	33	10497
Evergreen	SK	52.167	-106.567	41	10495
Sauk Village	IL	41.488	-87.568	5	10493
Rockport	TX	28.021	-97.056	5	10490
Heath	OH	40.023	-82.445	33	10489
Ventnor City	NJ	39.340	-74.477	33	10486
Middle Island	NY	40.884	-72.937	33	10483
Monterey Park	AB	51.082	-113.929	11	10475
Arizona City	AZ	32.756	-111.671	38	10475
Richmond Heights	OH	41.553	-81.510	33	10469
Wyomissing	PA	40.330	-75.965	33	10469
Temiskaming Shores	ON	47.494	-79.715	45	10442
Coal Harbour	BC	49.290	-123.123	46	10441
Preston Centre	ON	43.394	-80.359	45	10441
Burley	ID	42.536	-113.793	3	10436
Centreville Chicopee	ON	43.436	-80.428	45	10434
Vermilion	OH	41.422	-82.365	33	10434
Key Largo	FL	25.087	-80.447	33	10433
Warr Acres	OK	35.523	-97.619	5	10431
Canandaigua	NY	42.874	-77.288	33	10431
Manville	NJ	40.541	-74.588	33	10429
West Haverstraw	NY	41.210	-73.985	33	10421
Cantley	QC	45.567	-75.783	45	10412
Lincoln Park	NJ	40.924	-74.302	33	10405
Melvindale	MI	42.283	-83.175	10	10404
Cambridge	OH	40.031	-81.588	33	10402
Greencastle	IN	39.644	-86.865	16	10401
Big Rapids	MI	43.698	-85.484	10	10397
Kinnelon	NJ	41.002	-74.367	33	10392
Palatka	FL	29.649	-81.638	33	10390
Columbia	PA	40.034	-76.504	33	10388
Sedona	AZ	34.870	-111.761	38	10388
Celina	OH	40.549	-84.570	33	10387
Norfolk	MA	42.120	-71.325	33	10386
Portage	WI	43.539	-89.463	5	10382
Wabash	IN	40.798	-85.821	16	10381
Struthers	OH	41.053	-80.608	33	10375
Hockaday	BC	49.297	-122.770	46	10373
Cadillac	MI	44.252	-85.401	10	10373
Fairview	TX	33.158	-96.632	5	10372
Big Lake	MN	45.332	-93.746	5	10368
Pella	IA	41.408	-92.916	5	10363
Thistletown-Beaumond Heights	ON	43.738	-79.563	45	10360
Castle Pines North	CO	39.472	-104.895	9	10360
Mount Airy	NC	36.499	-80.607	33	10354
Barrington	IL	42.154	-88.136	5	10353
Durham	NH	43.134	-70.926	33	10345
West Point	UT	41.118	-112.084	9	10345
Arbour Lake	AB	51.135	-114.203	11	10335
Silver Springs	FL	29.217	-82.058	33	10334
Newberry	SC	34.275	-81.619	33	10331
Falconridge	AB	51.103	-113.942	11	10325
Linthicum	MD	39.205	-76.653	33	10324
Reading	OH	39.224	-84.442	33	10324
Wallaceburg	ON	42.593	-82.389	45	10323
Bluefield	WV	37.270	-81.222	33	10323
Little Canada	MN	45.027	-93.088	5	10319
Eunice	LA	30.494	-92.418	5	10310
Wood River	IL	38.861	-90.098	5	10294
Hull	MA	42.302	-70.908	33	10293
Oak Grove	SC	33.981	-81.143	33	10291
Morris Park	NY	40.852	-73.853	33	10289
Saint-Félicien	QC	48.650	-72.449	45	10278
Selkirk	MB	50.144	-96.885	48	10278
Whatcom	BC	49.041	-122.240	46	10270
Angus	ON	44.317	-79.883	45	10269
Benning Road	DC	38.890	-76.938	33	10269
Newport	OR	44.637	-124.053	29	10268
Beverly Hills	MI	42.524	-83.223	10	10267
Edwards	CO	39.645	-106.594	9	10266
Cedar Hills	UT	40.414	-111.759	9	10265
Hawkesbury	ON	45.600	-74.616	45	10263
Pleasant Grove	AL	33.491	-86.970	5	10260
Lancaster	NY	42.901	-78.670	33	10258
Nanticoke	PA	41.205	-76.005	33	10258
Milford	DE	38.913	-75.428	33	10252
Rossmoor	CA	33.786	-118.085	29	10244
Timberlane	LA	29.877	-90.032	5	10243
Sleepy Hollow	NY	41.086	-73.858	33	10242
Fairview Shores	FL	28.591	-81.394	33	10239
Waterloo	IL	38.336	-90.150	5	10236
Alpine	UT	40.453	-111.778	9	10235
Douglas-Gilpin	BC	49.244	-122.982	46	10234
Beecher	MI	43.090	-83.694	10	10232
Roberval	QC	48.517	-72.232	45	10227
Fairmount	NY	43.047	-76.239	33	10224
Española	NM	35.991	-106.081	9	10224
Sainte-Agathe-des-Monts	QC	46.050	-74.283	45	10223
Berwick	PA	41.055	-76.233	33	10223
Roma	TX	26.405	-99.016	5	10223
Fairmont	MN	43.652	-94.461	5	10221
River Grove	IL	41.926	-87.836	5	10219
Anderson	CA	40.448	-122.298	29	10217
North Branch	MN	45.511	-92.980	5	10215
Watervliet	NY	42.730	-73.701	33	10214
Hanson	MA	42.075	-70.880	33	10209
Vail	AZ	32.048	-110.712	38	10208
Hillcrest	DC	38.862	-76.958	33	10205
Fernwood	BC	48.430	-123.344	46	10200
Gages Lake	IL	42.352	-87.983	5	10198
Jefferson	GA	34.117	-83.572	33	10195
Raceland	LA	29.727	-90.599	5	10193
Columbia	IL	38.444	-90.201	5	10191
Bel Air	MD	39.536	-76.348	33	10190
Capitola	CA	36.975	-121.953	29	10189
Gastown	BC	49.285	-123.112	46	10187
North Logan	UT	41.769	-111.805	9	10181
Citadel	AB	51.145	-114.181	11	10180
Jennings	LA	30.222	-92.657	5	10180
Bohemia	NY	40.769	-73.115	33	10180
Alpena	MI	45.062	-83.433	10	10175
Bellmead	TX	31.594	-97.109	5	10164
Forestdale	AL	33.570	-86.896	5	10162
Wells Beach Station	ME	43.324	-70.591	33	10162
Lake Morton-Berrydale	WA	47.333	-122.103	29	10160
Gold Camp	AZ	33.294	-111.304	38	10159
Shasta Lake	CA	40.680	-122.371	29	10159
Gold Canyon	AZ	33.371	-111.437	38	10159
Lanham	MD	38.969	-76.863	33	10157
Paris	TN	36.302	-88.327	5	10150
Lake Bonavista	AB	50.942	-114.054	11	10145
Great Neck	NY	40.801	-73.728	33	10143
Colts Neck	NJ	40.288	-74.172	33	10142
East Stroudsburg	PA	41.000	-75.181	33	10140
Oil City	PA	41.434	-79.706	33	10137
Norwalk	IA	41.476	-93.679	5	10135
Marlton	NJ	39.891	-74.922	33	10133
Prévost	QC	45.867	-74.083	45	10132
North End	MA	42.365	-71.055	33	10131
Galion	OH	40.734	-82.790	33	10127
Denham Springs	LA	30.487	-90.958	5	10125
Fort Knox	KY	37.891	-85.964	33	10124
Mercier	QC	45.310	-73.740	45	10121
South Clearbrook	BC	49.041	-122.328	46	10120
Spryfield	NS	44.612	-63.618	15	10118
Shuniah	ON	48.463	-89.207	45	10118
Maple Leaf	ON	43.716	-79.481	45	10111
Essex Junction	VT	44.491	-73.111	33	10111
San Diego Country Estates	CA	33.007	-116.784	29	10109
Maynard	MA	42.433	-71.450	33	10106
Waldwick	NJ	41.011	-74.118	33	10095
Port Salerno	FL	27.144	-80.201	33	10091
Parsons	KS	37.340	-95.261	5	10090
Comstock Park	MI	43.039	-85.670	10	10088
Garden Village	BC	49.233	-123.000	46	10087
Avon Park	FL	27.596	-81.506	33	10086
Long Branch	ON	43.591	-79.533	45	10084
Inwood	NY	40.866	-73.927	33	10082
Tillicum	BC	48.450	-123.400	46	10080
Mayfield	KY	36.742	-88.637	5	10080
Rockingham	NS	44.673	-63.645	15	10079
Bonham	TX	33.577	-96.178	5	10079
Penetanguishene	ON	44.783	-79.916	45	10077
Lexington	NE	40.781	-99.742	5	10075
Countryside	VA	39.041	-77.414	33	10072
Runnymede-Bloor West Village	ON	43.659	-79.486	45	10070
Waverly	IA	42.726	-92.475	5	10066
Canyon Rim	UT	40.707	-111.822	9	10062
London	OH	39.886	-83.448	33	10060
North Andrews Gardens	FL	26.191	-80.144	33	10056
Marshall-McCallum	BC	49.037	-122.302	46	10055
Clinton	TN	36.103	-84.132	33	10049
Atmore	AL	31.024	-87.494	5	10049
Little Neck	NY	40.763	-73.732	33	10049
Oregon	WI	42.926	-89.385	5	10043
Poulsbo	WA	47.736	-122.647	29	10041
Troy	IL	38.729	-89.883	5	10036
New Port Richey East	FL	28.260	-82.693	33	10036
Plymouth	IN	41.344	-86.310	16	10035
Monmouth	OR	44.848	-123.234	29	10032
Grantsville	UT	40.600	-112.464	9	10027
Elon	NC	36.103	-79.507	33	10024
Woodbury	NJ	39.838	-75.153	33	10020
Oak Creek	CA	33.674	-117.771	29	10018
Waggaman	LA	29.919	-90.211	5	10015
Sardis	BC	49.133	-121.950	46	10010
Fort Salonga	NY	40.913	-73.301	33	10008
Bluffton	IN	40.739	-85.172	16	10005
Silver City	NM	32.770	-108.280	9	10004
Fairview	CA	37.679	-122.046	29	10003
Del Aire	CA	33.916	-118.370	29	10001
Hanceville	BC	51.919	-123.045	46	10000
Petite-Bourgogne	QC	45.489	-73.568	45	10000
Cross Lanes	WV	38.420	-81.791	33	9995
Huguenot	NY	40.537	-74.195	33	9995
Veradale	WA	47.650	-117.207	29	9991
Uniontown	PA	39.900	-79.716	33	9990
Harrisonville	MO	38.653	-94.349	5	9986
South Huron	ON	43.317	-81.516	45	9982
Pearsall	TX	28.892	-99.095	5	9980
Dishman	WA	47.660	-117.276	29	9978
Newton Highlands	MA	42.321	-71.200	33	9976
Benton Harbor	MI	42.117	-86.454	10	9976
Fife	WA	47.239	-122.357	29	9970
Cottage Grove	OR	43.798	-123.060	29	9969
Carroll	IA	42.066	-94.867	5	9968
Caledonia-Fairbank	ON	43.689	-79.455	45	9955
Lambertville	MI	41.766	-83.628	10	9953
Peru	IL	41.328	-89.129	5	9952
Arden Hills	MN	45.050	-93.157	5	9951
Croydon	PA	40.087	-74.903	33	9950
Indianola	MS	33.451	-90.655	5	9943
Rustic	ON	43.712	-79.498	45	9941
East Oak Lane	PA	40.050	-75.133	33	9941
Spruce Hill	PA	39.953	-75.210	33	9935
Covington	LA	30.475	-90.100	5	9928
L'Île-Perrot	QC	45.383	-73.949	45	9927
Kendallville	IN	41.441	-85.265	16	9927
Timonium	MD	39.437	-76.620	33	9925
Lake Monticello	VA	37.923	-78.335	33	9920
Lackland Air Force Base	TX	29.387	-98.618	5	9918
Guildwood	ON	43.753	-79.195	45	9917
Lake Mohawk	NJ	41.018	-74.660	33	9916
Acadia	AB	50.972	-114.057	11	9915
Flat Rock	MI	42.096	-83.292	10	9914
Cape Canaveral	FL	28.406	-80.605	33	9912
Historic Downtown	BC	49.051	-122.293	46	9910
Glenwood Springs	CO	39.551	-107.325	9	9906
Corte Madera	CA	37.925	-122.527	29	9901
Sunshine Hills	BC	49.117	-122.900	46	9900
Tipp City	OH	39.958	-84.172	33	9899
Pennypack	PA	40.067	-75.045	33	9898
Harrison	OH	39.262	-84.820	33	9897
Warrenton	VA	38.713	-77.795	33	9897
Deanwood	DC	38.898	-76.929	33	9895
Coral Hills	MD	38.870	-76.921	33	9895
Elkhorn	WI	42.673	-88.545	5	9895
East Rockaway	NY	40.642	-73.670	33	9894
Fairfield	IA	41.009	-91.963	5	9892
Hope	AR	33.667	-93.592	5	9891
Hinton	AB	53.400	-117.586	11	9889
Bloomingdale	TN	36.585	-82.489	33	9888
Notre-Dame-de-l'Île-Perrot	QC	45.367	-73.933	45	9885
Quesnel	BC	52.978	-122.493	46	9879
New Albany	OH	40.081	-82.809	33	9879
Andover	FL	25.968	-80.213	33	9877
Brownsville	TN	35.594	-89.262	5	9876
Fort Lee	VA	37.247	-77.334	33	9874
Moncks Corner	SC	33.196	-80.014	33	9873
Keansburg	NJ	40.442	-74.130	33	9873
Paris	KY	38.210	-84.253	33	9870
Kendall Square	MA	42.365	-71.086	33	9861
Northampton	PA	40.686	-75.497	33	9860
Middleton	MA	42.595	-71.016	33	9859
Woodley Park	DC	38.929	-77.056	33	9856
Brandon	SD	43.595	-96.572	5	9856
Pineridge	AB	51.074	-113.946	11	9850
Morinville	AB	53.800	-113.652	11	9848
Highland	IL	38.739	-89.671	5	9848
Russellville	AL	34.508	-87.729	5	9847
Fate	TX	32.942	-96.381	5	9847
Brambleton	VA	38.982	-77.539	33	9845
Utuado	PR	18.266	-66.700	39	9844
Rincon	GA	32.296	-81.235	33	9843
Springbank Hill	AB	51.033	-114.195	11	9840
Cameron	MO	39.740	-94.241	5	9836
Havre	MT	48.550	-109.684	9	9834
Shelton	WA	47.215	-123.101	29	9834
Nashwaaksis	NB	45.980	-66.658	32	9831
Christiana	TN	35.710	-86.399	5	9830
Pleasanton	TX	28.967	-98.479	5	9829
Edgewood	WA	47.250	-122.294	29	9826
Wapakoneta	OH	40.568	-84.194	33	9823
Monticello	AR	33.629	-91.791	5	9820
Alamosa	CO	37.469	-105.870	9	9819
New Hyde Park	NY	40.735	-73.688	33	9811
Waynesville	NC	35.489	-82.989	33	9809
Burlington	NJ	40.071	-74.865	33	9808
Maywood	NJ	40.903	-74.062	33	9805
Fort Oglethorpe	GA	34.949	-85.257	33	9803
Cody	WY	44.526	-109.057	9	9792
Cleveland Park	DC	38.936	-77.066	33	9790
Walnut Grove	WA	45.668	-122.599	29	9790
Washington	NC	35.547	-77.052	33	9788
Wyndham	VA	37.698	-77.612	33	9785
Hartford	VT	43.661	-72.338	33	9779
Lake Arbor	MD	38.908	-76.830	33	9776
Ballston Lake	NY	42.912	-73.868	33	9776
Merrydale	LA	30.501	-91.108	5	9772
Minnehaha	WA	45.659	-122.627	29	9771
Reserve	LA	30.054	-90.552	5	9766
Union Park	FL	28.568	-81.286	33	9765
Roma-Los Saenz	TX	26.405	-99.016	5	9765
Progress	PA	40.285	-76.831	33	9765
Le Mars	IA	42.794	-96.166	5	9761
Alachua	FL	29.752	-82.425	33	9757
Marysville	MI	42.913	-82.487	10	9757
East La Mirada	CA	33.924	-117.989	29	9757
Woodbury	CT	41.545	-73.209	33	9755
Silverton	OR	45.005	-122.783	29	9753
Cairo	GA	30.878	-84.202	33	9752
Baker City	OR	44.775	-117.834	29	9752
Cedartown	GA	34.011	-85.256	33	9750
Panthersville	GA	33.707	-84.272	33	9749
Brownfield	TX	33.181	-102.274	5	9736
Vinings	GA	33.865	-84.464	33	9734
Otis	IN	41.599	-86.906	5	9726
Dunn	NC	35.306	-78.609	33	9723
Chestnut Hill	PA	40.077	-75.207	33	9710
Hermantown	MN	46.807	-92.238	5	9706
Sumner	WA	47.203	-122.240	29	9700
Ingleside	TX	27.878	-97.212	5	9695
Boaz	AL	34.201	-86.166	5	9688
Potsdam	NY	44.670	-74.981	33	9688
Southborough	MA	42.306	-71.525	33	9686
Safford	AZ	32.834	-109.708	38	9683
Plantagenet	ON	45.533	-74.994	45	9680
Sparta	WI	43.944	-90.813	5	9679
Mountain House	CA	37.783	-121.543	29	9675
North Bend	OR	43.407	-124.224	29	9673
Snohomish	WA	47.913	-122.098	29	9670
Coffeyville	KS	37.037	-95.616	5	9669
Danforth	ON	43.684	-79.330	45	9666
Park Forest Village	PA	40.807	-77.917	33	9660
Winfield	IL	41.862	-88.161	5	9657
Hampton	NH	42.938	-70.839	33	9656
Clay	AL	33.703	-86.600	5	9655
Sunbury	PA	40.863	-76.794	33	9652
Holmen	WI	43.963	-91.256	5	9651
Belle River	ON	42.293	-82.712	45	9650
Overbrook	ON	45.427	-75.652	45	9650
Westview	FL	25.882	-80.242	33	9650
Grand River South	ON	43.450	-80.404	45	9649
Hamilton Hills	MD	39.363	-76.565	33	9649
Edgemere	NY	40.596	-73.768	33	9646
Martensville	SK	52.283	-106.668	41	9645
Soquel	CA	36.988	-121.957	29	9644
Kalaoa	HI	19.729	-155.982	49	9644
Bellevue	DC	38.827	-77.020	33	9643
Bladensburg	MD	38.939	-76.934	33	9640
Jesup	GA	31.608	-81.886	33	9633
East Falls	PA	40.015	-75.192	33	9631
Milton	FL	30.632	-87.040	5	9628
Astoria	OR	46.188	-123.831	29	9626
Mooresville	IN	39.613	-86.374	16	9623
Red Bank	SC	33.932	-81.238	33	9617
Danville	IN	39.761	-86.526	16	9614
Lorraine	QC	45.683	-73.782	45	9613
Rye Brook	NY	41.019	-73.683	33	9611
Cypress Village	CA	33.688	-117.759	29	9610
La Salle	IL	41.333	-89.092	5	9609
Tega Cay	SC	35.024	-81.028	33	9608
Lock Haven	PA	41.137	-77.447	33	9604
Nonantum	MA	42.363	-71.202	33	9600
Winslow	AZ	35.024	-110.697	38	9600
Rosslyn	VA	38.897	-77.072	33	9599
Girard	OH	41.154	-80.701	33	9599
Bee Ridge	FL	27.284	-82.481	33	9598
Pine Ridge	FL	28.938	-82.473	33	9598
Orange Cove	CA	36.624	-119.314	29	9598
Sundance	AB	50.900	-114.039	11	9590
Gifford	FL	27.675	-80.409	33	9590
Rainbow City	AL	33.955	-86.042	5	9580
Hackettstown	NJ	40.854	-74.829	33	9579
Morrell Park	PA	40.073	-74.989	33	9577
Hamburg	NY	42.716	-78.829	33	9576
Bristol	PA	40.101	-74.852	33	9569
Clinton	OK	35.516	-98.967	5	9565
Picture Rocks	AZ	32.346	-111.246	38	9563
Rifle	CO	39.535	-107.783	9	9563
Lachute	QC	45.650	-74.333	45	9562
Chuckey	TN	36.216	-82.688	33	9560
Coweta	OK	35.952	-95.651	5	9559
Lake Barcroft	VA	38.848	-77.156	33	9558
Port Perry	ON	44.107	-78.944	45	9553
Brock Hall	MD	38.850	-76.761	33	9552
Brooklyn	MD	39.230	-76.602	33	9549
Bethel	CT	41.371	-73.414	33	9549
Reedsburg	WI	43.532	-90.003	5	9548
Maple Hills	NB	46.213	-64.869	32	9547
Chevy Chase	DC	38.981	-77.083	33	9545
Chevy Chase	MD	39.003	-77.071	33	9545
Val-des-Monts	QC	45.650	-75.666	45	9539
Prineville	OR	44.300	-120.834	29	9530
Dongan Hills	NY	40.588	-74.096	33	9529
Howell	MI	42.607	-83.929	10	9521
Clifton	NY	40.620	-74.077	33	9519
Pecos	TX	31.423	-103.493	5	9517
Marine Corps Base Hawaii - MCBH	HI	21.443	-157.750	49	9517
Steger	IL	41.470	-87.636	5	9515
North Kensington	MD	39.039	-77.071	33	9514
White Marsh	MD	39.384	-76.432	33	9513
Sugar Grove	IL	41.761	-88.444	5	9512
North Gates	NY	43.176	-77.701	33	9512
Brentwood	PA	40.371	-79.975	33	9512
Fort George G Mead Junction	MD	39.126	-76.789	33	9505
River Vale	NJ	40.995	-74.012	33	9497
Taft	CA	35.142	-119.457	29	9495
White Horse	NJ	40.191	-74.702	33	9494
Mission	KS	39.028	-94.656	5	9491
Mā‘ili	HI	21.416	-158.175	49	9488
Chillicothe	MO	39.795	-93.552	5	9487
Saint-Amable	QC	45.650	-73.299	45	9486
Amityville	NY	40.679	-73.417	33	9486
Woodlyn	PA	39.872	-75.337	33	9485
Villas	NJ	39.029	-74.939	33	9483
Garneau	AB	53.521	-113.513	11	9480
Gunningsville	NB	46.074	-64.773	32	9479
Flossmoor	IL	41.543	-87.685	5	9478
Braselton	GA	34.109	-83.763	33	9476
Prospect	CT	41.502	-72.979	33	9476
Orono	ME	44.883	-68.672	33	9474
Pryor Creek	OK	36.309	-95.318	5	9469
Pájaros	PR	18.369	-66.217	39	9466
Decatur	IN	40.831	-84.929	16	9465
Valley	AL	32.819	-85.179	27	9464
Winterville	NC	35.529	-77.401	33	9464
Moanalua	HI	21.368	-157.891	49	9461
Elms-Old Rexdale	ON	43.722	-79.549	45	9456
Somers	WI	42.640	-87.910	5	9454
Lowell	IN	41.291	-87.421	5	9450
Southwick	MA	42.055	-72.770	33	9444
Springfield	FL	30.153	-85.611	5	9442
Newcastle	OK	35.247	-97.600	5	9438
Marlboro Village	MD	38.831	-76.770	33	9438
Aspen Woods	AB	51.043	-114.193	11	9435
Clarksville	AR	35.471	-93.467	5	9433
Rensselaer	NY	42.643	-73.743	33	9433
Downtown St. John's	NL	47.561	-52.711	43	9431
Juana Díaz	PR	18.052	-66.507	39	9427
Lamesa	TX	32.738	-101.951	5	9427
Olympic Village	BC	49.270	-123.112	46	9423
Kearney	MO	39.368	-94.362	5	9423
South Huntington	NY	40.824	-73.399	33	9422
Anaconda	MT	46.129	-112.942	9	9417
Little's Corners	ON	43.344	-80.276	45	9413
The Hamptons	AB	53.488	-113.676	11	9405
Amherst	NS	45.833	-64.199	15	9404
Gloucester Point	VA	37.254	-76.497	33	9402
The Village	OK	35.561	-97.551	5	9400
Lisbon	ME	44.031	-70.105	33	9392
The Blue Mountains	ON	44.558	-80.458	45	9390
Granbury	TX	32.442	-97.794	5	9386
Willoughby Hills	OH	41.598	-81.418	33	9382
Mount Airy	MD	39.376	-77.155	33	9380
Country Club	CA	37.969	-121.341	29	9379
Acton	ON	43.630	-80.041	45	9377
San Lorenzo	PR	18.189	-65.961	39	9373
Berlin	NH	44.469	-71.185	33	9367
Saint Francis	WI	42.968	-87.878	5	9365
Mākaha-Kaʻena	HI	21.484	-158.230	49	9364
North Bath	ME	43.935	-69.816	33	9363
Economy	PA	40.600	-80.225	33	9363
Lake Hiawatha	NJ	40.883	-74.382	33	9360
Thompson	CT	41.959	-71.863	33	9358
Tomah	WI	43.979	-90.504	5	9357
DuPont	WA	47.097	-122.631	29	9356
Woodbridge	CT	41.353	-73.008	33	9355
Valencia West	AZ	32.132	-111.114	38	9355
Blackhawk	CA	37.821	-121.908	29	9354
Harahan	LA	29.940	-90.203	5	9350
Bethalto	IL	38.909	-90.041	5	9349
Morehead City	NC	34.723	-76.726	33	9347
West Newton	MA	42.350	-71.233	33	9347
Saint Pete Beach	FL	27.725	-82.741	33	9346
Sage Hill	AB	51.176	-114.141	11	9345
Kendall Park	NJ	40.421	-74.561	33	9339
‘Aiea	HI	21.382	-157.934	49	9338
Mound	MN	44.937	-93.666	5	9336
Jeannette	PA	40.328	-79.615	33	9335
Port Townsend	WA	48.117	-122.761	29	9335
Warren	PA	41.844	-79.145	33	9334
North College Hill	OH	39.218	-84.551	33	9332
Dorchester	ON	42.983	-81.066	45	9329
Fort Meade	MD	39.108	-76.743	33	9327
Greenwood	AR	35.216	-94.256	5	9322
Alcoa	TN	35.790	-83.974	33	9316
Rockcreek	OR	45.550	-122.877	29	9316
Pleasant Hill	IA	41.584	-93.520	5	9314
Charter Oak	CA	34.103	-117.846	29	9310
Rochelle	IL	41.924	-89.069	5	9309
Beacon Hill	MA	42.359	-71.068	33	9305
Qualicum Beach	BC	49.348	-124.442	46	9303
Woodfield	SC	34.059	-80.931	33	9303
Isabel Segunda	PR	18.149	-65.443	39	9301
Augusta	KS	37.687	-96.977	5	9299
Bala Cynwyd	PA	40.008	-75.234	33	9299
Hebron	CT	41.658	-72.366	33	9298
Anthony	NM	32.004	-106.606	9	9293
Brewerytown	PA	39.977	-75.182	33	9291
Monmouth	IL	40.911	-90.647	5	9291
Blair Road	ON	43.371	-80.334	45	9289
Box Elder	SD	44.112	-103.068	9	9289
Hampton Village	SK	52.154	-106.718	41	9288
Harleysville	PA	40.280	-75.387	33	9286
Ellisville	MO	38.593	-90.587	5	9284
Wasilla	AK	61.581	-149.441	0	9284
Lynwood	IL	41.526	-87.539	5	9280
Fairview	OR	45.538	-122.434	29	9280
Valley Center	CA	33.218	-117.034	29	9277
Frankfort Square	IL	41.519	-87.803	5	9276
Uptown	BC	49.212	-122.919	46	9273
Pleasant View	UT	41.318	-111.992	9	9273
Bells Corners	ON	45.316	-75.830	45	9272
Kingsway South	ON	43.654	-79.511	45	9271
Sweet Home	OR	44.398	-122.736	29	9270
Bridle Path-Sunnybrook-York Mills	ON	43.731	-79.379	45	9266
Huron East	ON	43.617	-81.300	45	9264
Gunbarrel	CO	40.063	-105.171	9	9263
Bay Saint Louis	MS	30.309	-89.330	5	9260
Ecorse	MI	42.244	-83.146	10	9257
Seven Corners	VA	38.872	-77.155	33	9255
Blairmore	SK	52.131	-106.743	41	9253
Chanute	KS	37.679	-95.457	5	9252
Perryton	TX	36.400	-100.803	5	9252
McMillan	BC	49.045	-122.267	46	9250
Friendly	MD	38.752	-76.979	33	9250
Fairmount	PA	39.972	-75.181	33	9246
Tulalip	WA	48.068	-122.292	29	9246
Haiku-Pauwela	HI	20.922	-156.305	49	9245
Belmont	MI	43.076	-85.609	10	9244
Exeter	NH	42.981	-70.948	33	9242
Waseca	MN	44.078	-93.507	5	9241
Brookdale	NJ	40.834	-74.183	33	9239
Grants	NM	35.148	-107.853	9	9239
Stuarts Draft	VA	38.030	-79.034	33	9235
Old East York	ON	43.697	-79.335	45	9233
Smithville	MO	39.387	-94.581	5	9233
Merrill	WI	45.181	-89.683	5	9233
Purcellville	VA	39.137	-77.715	33	9232
Brewer	ME	44.797	-68.761	33	9232
Grosse Pointe Farms	MI	42.409	-82.892	10	9232
Mapleton	UT	40.130	-111.579	9	9232
Independence	OR	44.851	-123.187	29	9227
Lititz	PA	40.157	-76.307	33	9225
Guánica	PR	17.972	-66.908	39	9224
Groton	CT	41.350	-72.078	33	9221
Rockingham	NC	34.939	-79.774	33	9220
Leonia	NJ	40.861	-73.988	33	9219
Hartland	WI	43.105	-88.342	5	9219
Rio Del Mar	CA	36.968	-121.900	29	9216
Sutton	MA	42.150	-71.763	33	9215
Tiburon	CA	37.874	-122.457	29	9214
Scotchtown	NY	41.481	-74.360	33	9212
Waimea	HI	20.023	-155.673	49	9212
Olds	AB	51.783	-114.102	11	9209
Garden City	SC	33.593	-79.009	33	9209
Riverbend	AB	50.975	-114.014	11	9205
Brigantine	NJ	39.410	-74.365	33	9204
Heber City	UT	40.507	-111.413	9	9198
Aliquippa	PA	40.637	-80.240	33	9197
Larchmont	CA	34.080	-118.318	29	9195
Harvard	IL	42.422	-88.614	5	9194
Alma	MI	43.379	-84.660	10	9193
Good Hope	CA	33.765	-117.267	29	9192
Saint-Sauveur	QC	45.887	-74.179	45	9191
Centerville	MA	41.649	-70.348	33	9190
Millview	NS	44.709	-63.670	15	9189
Highland Park	TX	32.833	-96.792	5	9189
Beckett Ridge	OH	39.347	-84.435	33	9187
Saint Dennis	KY	38.188	-85.846	27	9177
Urbana	MD	39.326	-77.351	33	9175
Riverdale	NY	40.901	-73.906	33	9174
Presque Isle	ME	46.681	-68.016	33	9171
Carleton North	NB	46.499	-67.558	32	9170
Laurens	SC	34.499	-82.014	33	9166
Cap-Acadie	NB	46.201	-64.324	32	9165
East Rutherford	NJ	40.834	-74.097	33	9164
Blackstone	MA	42.018	-71.541	33	9163
Madera Acres	CA	37.019	-120.067	29	9163
Washington Terrace	UT	41.173	-111.977	9	9157
Succasunna	NJ	40.868	-74.640	33	9152
Versailles	KY	38.053	-84.730	33	9146
Grinnell	IA	41.743	-92.722	5	9141
Shawano	WI	44.782	-88.609	5	9128
Louisville	OH	40.837	-81.260	33	9126
Riggs Park	DC	38.954	-76.994	33	9125
La Plata	MD	38.529	-76.975	33	9125
Hondo	TX	29.347	-99.141	5	9119
Bay Minette	AL	30.883	-87.773	5	9118
Middletown	PA	40.200	-76.731	33	9117
Hawkwood	AB	51.131	-114.174	11	9115
Pioneer Park	ON	43.393	-80.441	45	9108
Sheffield	AL	34.765	-87.699	5	9108
Selma	TX	29.584	-98.306	5	9108
Valley Cottage	NY	41.118	-73.955	33	9107
Forest	VA	37.364	-79.290	33	9106
Marianna	FL	30.774	-85.227	5	9100
Saline	MI	42.167	-83.782	10	9100
Roxborough Park	CO	39.474	-105.085	9	9099
Lenoir City	TN	35.797	-84.256	33	9091
Rock Falls	IL	41.780	-89.689	5	9087
North Central	SK	50.457	-104.628	41	9085
Portola Hills	CA	33.679	-117.631	29	9083
Bennington	VT	42.878	-73.197	33	9074
Berkeley	MO	38.755	-90.331	5	9073
Atoka	TN	35.441	-89.778	5	9064
Andalusia	AL	31.308	-86.482	5	9063
Georgetown	SC	33.377	-79.294	33	9062
College Place	WA	46.049	-118.388	29	9062
Lewisville	NB	46.104	-64.753	32	9060
Shelby	OH	40.881	-82.662	33	9058
Stuttgart	AR	34.500	-91.553	5	9056
Shawnessy	AB	50.907	-114.082	11	9055
Hernando	FL	28.900	-82.375	33	9054
Charlotte	MI	42.564	-84.836	10	9054
Lake Hopatcong	NJ	40.948	-74.617	33	9054
Micco	FL	27.881	-80.500	33	9052
Oakwood	OH	39.725	-84.174	33	9052
Redstone	AB	51.170	-113.958	11	9050
Winston	FL	28.032	-82.015	33	9050
Greely	ON	45.261	-75.561	45	9049
Fultondale	AL	33.605	-86.794	5	9048
Oakville	CT	41.593	-73.085	33	9047
Lake Lucerne	FL	25.965	-80.241	33	9044
East Haddam	CT	41.453	-72.461	33	9042
Rawlins	WY	41.791	-107.239	9	9040
Elgin	TX	30.350	-97.370	5	9039
Liberty	TX	30.058	-94.795	5	9039
Evergreen	CO	39.633	-105.317	9	9038
Fort Polk South	LA	31.051	-93.216	5	9038
Oakbrook	KY	39.000	-84.685	33	9036
Covington	TN	35.564	-89.646	5	9036
Thomaston	GA	32.888	-84.327	33	9032
Lincoln Village	OH	39.955	-83.131	33	9032
Marlton	MD	38.774	-76.790	33	9031
Sheffield Lake	OH	41.488	-82.102	33	9026
Edgewater	MD	38.938	-76.557	33	9023
Scott	LA	30.236	-92.095	5	9018
Fitzgerald	GA	31.715	-83.253	33	9013
Alexandria	KY	38.960	-84.388	33	9009
Riverwood	BC	49.256	-122.736	46	9008
Olney	IL	38.731	-88.085	5	9005
Willowgrove	SK	52.147	-106.555	41	9003
Detroit Lakes	MN	46.817	-95.845	5	9002
Garden City	GA	32.114	-81.154	33	8999
Manteno	IL	41.251	-87.831	5	8999
Mechanicsburg	PA	40.214	-77.009	33	8999
San Elizario	TX	31.585	-106.273	9	8999
Glenwood	IL	41.543	-87.602	5	8996
Toppenish	WA	46.377	-120.309	29	8995
Chatham	NJ	40.741	-74.384	33	8993
Monett	MO	36.929	-93.928	5	8988
Kitimat	BC	54.052	-128.653	46	8987
Strathcona	AB	53.521	-113.483	11	8984
Glenshaw	PA	40.533	-79.968	33	8981
Benning	DC	38.895	-76.949	33	8978
Madeira	OH	39.191	-84.364	33	8976
Gurabo	PR	18.254	-65.973	39	8973
Molalla	OR	45.147	-122.577	29	8972
Clarendon Hills	MA	42.275	-71.124	33	8971
Budd Lake	NJ	40.871	-74.734	33	8968
Montecito	CA	34.437	-119.632	29	8965
Dayton	NV	39.237	-119.593	29	8964
Stonegate	CO	39.531	-104.804	9	8962
Midland	WA	47.167	-122.405	29	8962
Sabana Grande	PR	18.078	-66.960	39	8961
Glen Cairn	NB	46.117	-64.850	32	8960
Little River	SC	33.873	-78.614	33	8960
Eidson Road	TX	28.677	-100.487	5	8960
La Malbaie	QC	47.654	-70.153	45	8959
Independence	KS	37.224	-95.708	5	8958
Fallston	MD	39.515	-76.411	33	8958
Lancaster	SC	34.720	-80.771	33	8956
Sturgeon Bay	WI	44.834	-87.377	5	8956
Northwest Harborcreek	PA	42.149	-79.995	33	8949
Aibonito	PR	18.140	-66.266	39	8947
Glencoe	IL	42.135	-87.758	5	8945
Princeton	TX	33.180	-96.498	5	8939
DeForest	WI	43.248	-89.344	5	8936
Westerleigh	NY	40.621	-74.132	33	8927
Beechwood	ON	43.460	-80.550	45	8925
New Windsor	NY	41.477	-74.024	33	8922
Canonsburg	PA	40.263	-80.187	33	8922
Park Ridge	NJ	41.038	-74.041	33	8919
Cypress Gardens	FL	27.994	-81.690	33	8917
Marlborough	AB	51.059	-113.968	11	8910
Bristow	VA	38.723	-77.536	33	8910
Liberty Lake	WA	47.676	-117.118	29	8906
Juncos	PR	18.227	-65.921	39	8905
Plymouth	MI	42.371	-83.470	10	8905
Eagle Point	OR	42.473	-122.803	29	8902
Clinton	MO	38.369	-93.778	5	8899
Pitman	NJ	39.733	-75.132	33	8898
Bayport	NY	40.738	-73.051	33	8896
Mont-Tremblant	QC	46.213	-74.584	45	8892
Medulla	FL	27.968	-81.973	33	8892
Commerce	TX	33.247	-95.900	5	8892
Harrisburg	IL	37.738	-88.541	5	8891
Airmont	NY	41.101	-74.116	33	8891
Pulaski	VA	37.048	-80.780	33	8890
Olmsted Falls	OH	41.375	-81.908	33	8889
Smiths Falls	ON	44.905	-76.023	45	8885
Larkfield-Wikiup	CA	38.513	-122.751	29	8884
Oak Hills	CA	34.383	-117.381	29	8879
Myrtle Grove	NC	34.135	-77.882	33	8875
Marina del Rey	CA	33.982	-118.454	29	8866
Graham	TX	33.107	-98.590	5	8865
Sitka	AK	57.053	-135.331	42	8863
Lincoln Heights	DC	38.895	-76.929	33	8858
Columbia City	IN	41.157	-85.488	16	8857
Concord	NY	40.608	-74.084	33	8857
East Wenatchee Bench	WA	47.426	-120.281	29	8856
Royal Oak	BC	48.483	-123.383	46	8855
Quakertown	PA	40.442	-75.342	33	8855
Swissvale	PA	40.424	-79.883	33	8855
Matawan	NJ	40.415	-74.230	33	8853
South Amboy	NJ	40.478	-74.291	33	8846
Fort Irwin	CA	35.263	-116.685	29	8845
Clanton	AL	32.839	-86.629	5	8844
Craig	CO	40.515	-107.546	9	8844
Newark	NY	43.047	-77.095	33	8843
Bernalillo	NM	35.300	-106.551	9	8843
Isle of Normandy	FL	25.853	-80.135	33	8841
Lake Wylie	SC	35.108	-81.043	33	8841
Waihee-Waiehu	HI	20.930	-156.505	49	8841
White Meadow Lake	NJ	40.924	-74.511	33	8836
Riverside	IL	41.835	-87.823	5	8835
Milford	NH	42.835	-71.649	33	8835
Conning Towers-Nautilus Park	CT	41.385	-72.069	33	8834
Sechelt	BC	49.475	-123.759	46	8832
New Albany	MS	34.494	-89.008	5	8830
Waterford	CA	37.641	-120.760	29	8824
Garrison	MD	39.406	-76.761	33	8823
Jeffries Point	MA	42.365	-71.033	33	8823
Forest Hills	NS	44.680	-63.488	15	8822
Whippany	NJ	40.825	-74.417	33	8822
Lake Villa	IL	42.417	-88.074	5	8821
New Richmond	WI	45.123	-92.537	5	8821
Maysville	KY	38.641	-83.744	33	8819
Tuskegee	AL	32.424	-85.691	5	8817
Plainedge	NY	40.717	-73.484	33	8817
Booneville	MS	34.658	-88.567	5	8816
Cresskill	NJ	40.941	-73.959	33	8812
Cloverdale	CA	38.805	-123.017	29	8811
‘Āhuimanu	HI	21.445	-157.838	49	8810
Picnic Point	WA	47.881	-122.328	29	8809
Oromocto	NB	45.835	-66.479	32	8805
Dunn Loring	VA	38.893	-77.222	33	8803
Itasca	IL	41.975	-88.007	5	8798
Binbrook	ON	43.121	-79.811	45	8796
Miles City	MT	46.408	-105.841	9	8796
Arnprior	ON	45.433	-76.349	45	8795
Collingdale	PA	39.912	-75.277	33	8792
Delta	CO	38.742	-108.069	9	8791
Bridgewater	NS	44.379	-64.519	15	8790
Lapeer	MI	43.051	-83.319	10	8790
Franklin	KY	36.722	-86.577	5	8787
Columbus	NJ	40.073	-74.721	33	8783
East York	PA	39.974	-76.686	33	8777
Woodway	TX	31.506	-97.205	5	8777
Incline Village	NV	39.251	-119.973	29	8777
Orosi	CA	36.545	-119.287	29	8770
Harewood	BC	49.147	-123.947	46	8769
Meadowbrook	AL	33.402	-86.697	5	8769
Edgewood	KY	39.019	-84.582	33	8769
Clinton	NC	34.998	-78.323	33	8767
Lincoln	ON	43.495	-80.507	45	8765
Whitecourt	AB	54.150	-115.685	11	8763
Lavaltrie	QC	45.883	-73.282	45	8762
Andover	MA	42.658	-71.137	33	8762
Rosemont-Mount Royal	SK	50.463	-104.665	41	8760
Rotonda West	FL	26.884	-82.290	33	8759
Saint Stephens	NC	35.765	-81.273	33	8759
Fuller Heights	FL	27.909	-81.998	33	8758
Nolan Hill	AB	51.176	-114.166	11	8755
Gig Harbor	WA	47.329	-122.580	29	8753
Thief River Falls	MN	48.119	-96.181	5	8752
Marathon	FL	24.714	-81.090	33	8750
Leisure World	MD	39.102	-77.069	33	8749
Cape Saint Claire	MD	39.043	-76.445	33	8747
Barre	VT	44.197	-72.502	33	8746
Woodbine	AB	50.938	-114.129	11	8745
Anderson Mill	TX	30.455	-97.806	5	8744
Oxford	NC	36.311	-78.591	33	8742
Woodmoor	CO	39.101	-104.847	9	8741
Poteau	OK	35.054	-94.624	5	8732
Audubon	NJ	39.891	-75.073	33	8730
West Athens	CA	33.923	-118.303	29	8729
Wharton	TX	29.312	-96.103	5	8726
Pont-Rouge	QC	46.755	-71.696	45	8723
Socorro	NM	34.058	-106.891	9	8722
Mentone	CA	34.070	-117.134	29	8720
Cortez	CO	37.349	-108.586	9	8715
Whistler	BC	50.118	-122.954	46	8713
Wagoner	OK	35.960	-95.369	5	8713
Moundsville	WV	39.920	-80.743	33	8710
Pryor	OK	36.308	-95.317	5	8708
Pine Lake Park	NJ	40.003	-74.257	33	8707
Flowood	MS	32.310	-90.139	5	8705
Orange Park	FL	30.166	-81.706	33	8702
Kennedy Township	PA	40.478	-80.103	33	8701
Asbury Lake	FL	30.049	-81.821	33	8700
Milton	WA	47.248	-122.313	29	8697
Thorncliffe	AB	51.103	-114.067	11	8695
Haʻikū	HI	20.915	-156.322	49	8694
Park Hills	MO	37.854	-90.518	5	8692
Murphy	MO	38.490	-90.487	5	8690
Farmingdale	NY	40.733	-73.445	33	8688
Redlands	CO	39.079	-108.636	9	8685
Blacklick Estates	OH	39.905	-82.864	33	8682
Embrun	ON	45.276	-75.273	45	8680
Lacombe	LA	30.314	-89.943	5	8679
Seabrook	NH	42.895	-70.871	33	8679
Rodeo	CA	38.033	-122.267	29	8679
Clarendon Hills	IL	41.798	-87.955	5	8676
Victoria	MN	44.859	-93.662	5	8676
Edgemere	MD	39.242	-76.448	33	8669
East Franklin	NJ	40.493	-74.471	33	8669
Morden	MB	49.192	-98.101	48	8668
Frostburg	MD	39.658	-78.928	33	8667
Southwest Schuylkill	PA	39.945	-75.204	33	8666
Riverdale	UT	41.177	-112.004	9	8666
Closter	NJ	40.973	-73.962	33	8662
Beaver Falls	PA	40.752	-80.319	33	8661
Sellersburg	IN	38.398	-85.755	27	8659
Greenville	RI	41.871	-71.552	33	8658
Golden Hills	CA	35.142	-118.490	29	8656
Cedar Park	PA	39.950	-75.227	33	8653
Westwood	MI	42.303	-85.634	10	8653
Hampstead	NH	42.875	-71.181	33	8650
Little Falls	MN	45.976	-94.362	5	8649
Fort Stockton	TX	30.894	-102.879	5	8649
Florence	OR	43.983	-124.100	29	8649
Angola	IN	41.635	-84.999	16	8644
Irvine Health and Science Complex	CA	33.658	-117.765	29	8644
East Grand Forks	MN	47.930	-97.025	5	8643
Clinton	SC	34.473	-81.881	33	8637
Montague	MA	42.536	-72.535	33	8637
Hanover	NH	43.702	-72.290	33	8636
Harwood Heights	IL	41.967	-87.808	5	8635
Burlington	WA	48.476	-122.325	29	8633
Monroe	NY	41.331	-74.187	33	8632
Princeton	IN	38.355	-87.568	5	8626
Old Orchard Beach	ME	43.517	-70.378	33	8624
Citrus Springs	FL	28.997	-82.471	33	8622
Beausoleil	NB	46.298	-64.603	32	8620
La Grange	KY	38.408	-85.379	33	8619
Bacliff	TX	29.507	-94.992	5	8619
Fairview	NS	44.653	-63.641	15	8618
Willowbrook	IL	41.770	-87.936	5	8613
Palm Beach	FL	26.706	-80.036	33	8612
Tuba City	AZ	36.135	-111.240	9	8611
Port Jervis	NY	41.375	-74.693	33	8609
Morrisville	PA	40.212	-74.788	33	8605
Bennettsville	SC	34.617	-79.685	33	8605
Fort Valley	GA	32.554	-83.887	33	8597
Ladue	MO	38.650	-90.381	5	8597
Sallisaw	OK	35.460	-94.787	5	8596
Napoleon	OH	41.392	-84.125	33	8595
Alondra Park	CA	33.889	-118.331	29	8592
Helotes	TX	29.578	-98.690	5	8591
Fort Bliss	TX	31.814	-106.412	9	8591
Chester	IL	37.914	-89.822	5	8588
Virginia	MN	47.523	-92.537	5	8587
Weare	NH	43.095	-71.731	33	8583
Thompsonville	CT	41.997	-72.599	33	8577
Mecca	CA	33.572	-116.078	29	8577
Carencro	LA	30.317	-92.049	5	8575
Southside	AL	33.925	-86.022	5	8572
Des Peres	MO	38.601	-90.433	5	8572
Malverne	NY	40.679	-73.674	33	8571
Silver Springs	AB	51.104	-114.192	11	8570
Bonadelle Ranchos-Madera Ranchos	CA	36.985	-119.875	29	8569
Carbondale	PA	41.574	-75.502	33	8566
Kirby	TX	29.463	-98.386	5	8550
Lowell	AR	36.255	-94.131	5	8549
North Haledon	NJ	40.955	-74.186	33	8548
North Madison	OH	41.825	-81.056	33	8547
Country Club Estates	GA	31.213	-81.464	33	8545
Cold Springs	NV	39.680	-119.977	29	8544
Linganore	MD	39.411	-77.302	33	8543
Westwego	LA	29.906	-90.142	5	8542
Calimesa	CA	34.004	-117.062	29	8542
Richmond Heights	FL	25.631	-80.369	33	8541
Sunset Hills	MO	38.539	-90.407	5	8539
Winchester	TN	35.186	-86.112	5	8539
Lake Park	FL	26.800	-80.066	33	8538
Hōlualoa	HI	19.620	-155.948	49	8538
Ladysmith	BC	48.990	-123.817	46	8537
Earlimart	CA	35.884	-119.272	29	8537
Elsmere	KY	39.013	-84.605	33	8536
Lincoln City	OR	44.958	-124.018	29	8536
Lochdale	BC	49.274	-122.965	46	8535
Dalhousie	AB	51.112	-114.159	11	8530
Aransas Pass	TX	27.909	-97.150	5	8530
Signal Mountain	TN	35.123	-85.344	33	8528
North Weeki Wachee	FL	28.550	-82.559	33	8524
Alliance	NE	42.102	-102.872	9	8522
Northfield	NJ	39.370	-74.550	33	8521
Temperance	MI	41.779	-83.569	10	8517
Bradford	PA	41.956	-78.644	33	8507
Westlake Village	CA	34.146	-118.806	29	8507
Monson	MA	42.104	-72.319	33	8505
Plymouth	WI	43.749	-87.977	5	8505
Jefferson City	TN	36.122	-83.492	33	8504
Albro Lake	NS	44.684	-63.581	15	8503
Corrales	NM	35.238	-106.607	9	8502
New Horizons	BC	49.281	-122.779	46	8495
Holmwood	SK	52.123	-106.539	41	8495
Clayton	NJ	39.660	-75.092	33	8493
Mystic Island	NJ	39.544	-74.382	33	8493
Orrville	OH	40.844	-81.764	33	8491
Franklin	VA	36.678	-76.922	33	8490
Northridge	OH	39.808	-84.197	33	8487
Wakefield-Peacedale	RI	41.446	-71.500	33	8487
Midway City	CA	33.745	-117.989	29	8485
Richmond Heights	MO	38.629	-90.320	5	8481
Woodburn	VA	38.847	-77.236	33	8480
Spotswood	NJ	40.392	-74.398	33	8476
Mount Rainier	MD	38.941	-76.965	33	8475
Tuscumbia	AL	34.731	-87.703	5	8474
North Elba	NY	44.243	-73.954	33	8474
Gonzales	CA	36.507	-121.444	29	8473
Freetown	MA	41.767	-71.033	33	8472
Indian Harbour Beach	FL	28.149	-80.588	33	8471
Perkasie	PA	40.372	-75.293	33	8471
Jerseyville	IL	39.120	-90.328	5	8469
Fairless Hills	PA	40.180	-74.855	33	8466
Prairie View	SK	50.477	-104.686	41	8465
Dormont	PA	40.396	-80.033	33	8465
Otterburn Park	QC	45.533	-73.216	45	8464
South Kensington	MD	39.013	-77.071	33	8462
Hamilton Worcester	MA	42.256	-71.768	33	8460
Kensington	CT	41.635	-72.769	33	8459
Fallon	NV	39.474	-118.777	29	8458
Dauphin	MB	51.149	-100.050	48	8457
Elwood	IN	40.277	-85.842	16	8455
Rossmoor	MD	39.104	-77.071	33	8453
Cambridge	MN	45.573	-93.224	5	8451
Haledon	NJ	40.936	-74.186	33	8451
Franklin	NH	43.444	-71.647	33	8450
Beverly Hills	FL	28.917	-82.458	33	8445
Greenville	MI	43.178	-85.253	10	8444
Glens Falls North	NY	43.335	-73.683	33	8443
Montvale	NJ	41.047	-74.023	33	8442
Alderwood Manor	WA	47.808	-122.261	29	8442
Boonton	NJ	40.903	-74.407	33	8441
Perry Heights	OH	40.795	-81.473	33	8441
Oak Grove	MN	45.341	-93.327	5	8439
Canovanas	PR	18.375	-65.899	39	8437
Bryan	OH	41.475	-84.552	33	8436
Yelm	WA	46.942	-122.606	29	8434
Mount Pleasant	IA	40.964	-91.558	5	8433
Audubon	PA	40.128	-75.432	33	8433
Paris	IL	39.611	-87.696	5	8432
Drumheller	AB	51.462	-112.710	11	8430
Shaughnessy	BC	49.250	-123.133	46	8430
Pineville	NC	35.083	-80.892	33	8429
Mason	MI	42.579	-84.444	10	8427
Clinton-Glenwood	BC	49.212	-122.980	46	8422
Charlestown	RI	41.383	-71.642	33	8421
Millersville	PA	39.998	-76.354	33	8420
Los Altos Hills	CA	37.380	-122.137	29	8419
Barrington	NH	43.223	-71.047	33	8417
Riverside	CT	41.034	-73.578	33	8416
Birch Bay	WA	48.918	-122.745	29	8413
Wyoming	OH	39.231	-84.466	33	8411
Lansdowne	MD	39.245	-76.661	33	8409
Rutherford	AB	53.418	-113.530	11	8407
Lake Elmo	MN	44.996	-92.879	5	8406
Hoquiam	WA	46.981	-123.889	29	8405
Boonville	MO	38.974	-92.743	5	8403
Bedminster	PA	40.426	-75.179	33	8402
Gateway	FL	26.578	-81.750	33	8401
Bogota	NJ	40.876	-74.030	33	8400
Perryville	MO	37.724	-89.861	5	8398
King City	ON	43.929	-79.527	45	8396
Siler City	NC	35.723	-79.462	33	8396
Highland Heights	OH	41.552	-81.478	33	8396
Breaux Bridge	LA	30.274	-91.899	5	8395
Harrodsburg	KY	37.762	-84.843	33	8394
Rice Lake	WI	45.506	-91.738	5	8391
August	CA	37.979	-121.262	29	8390
Delavan	WI	42.633	-88.644	5	8389
Guntersville	AL	34.358	-86.294	5	8385
Glenside	PA	40.102	-75.152	33	8384
Bois-des-Filion	QC	45.667	-73.749	45	8383
Menominee	MI	45.108	-87.614	30	8382
Runnemede	NJ	39.852	-75.068	33	8381
Bow Bog	NH	43.121	-71.511	33	8381
Upper Saddle River	NJ	41.058	-74.098	33	8379
Sanatoga	PA	40.245	-75.595	33	8378
Price	UT	39.599	-110.811	9	8378
Floris	VA	38.937	-77.413	33	8375
Tecumseh	MI	42.004	-83.945	10	8372
Golden Valley	AZ	35.223	-114.223	38	8370
Dalhart	TX	36.059	-102.513	5	8370
Mahopac	NY	41.372	-73.733	33	8369
Victoria West	BC	48.432	-123.382	46	8365
Saint Joseph	MI	42.110	-86.480	10	8365
Smithfield	VA	36.982	-76.631	33	8364
Lakes	AK	61.607	-149.309	0	8364
Congers	NY	41.151	-73.945	33	8363
Ocean Pointe	HI	21.311	-158.036	49	8361
Bridgeport	WV	39.286	-80.256	33	8359
Brockport	NY	43.214	-77.939	33	8357
Wesley Chapel	NC	35.007	-80.675	33	8355
Half Moon	NC	34.826	-77.459	33	8352
Oberlin	OH	41.294	-82.217	33	8350
Woodside	NS	44.650	-63.549	15	8348
Rio Vista	CA	38.164	-121.696	29	8348
Johnstown	NY	43.007	-74.368	33	8345
Tompkinsville	NY	40.638	-74.078	33	8343
Skidaway Island	GA	31.935	-81.047	33	8341
Castlegar	BC	49.323	-117.658	46	8338
Wildwood	SK	52.110	-106.594	41	8337
Hornell	NY	42.328	-77.661	33	8336
Roxboro	NC	36.394	-78.983	33	8334
Denison	IA	42.018	-95.355	5	8334
Gering	NE	41.826	-103.660	9	8334
Saint Marys	OH	40.542	-84.389	33	8332
Fairview	TN	35.982	-87.121	5	8331
Firebaugh	CA	36.859	-120.456	29	8330
Luquillo	PR	18.372	-65.717	39	8326
Mill Creek	PA	39.966	-75.215	33	8324
South Lockport	NY	43.150	-78.697	33	8324
Burtonsville	MD	39.111	-76.932	33	8323
Folsom	PA	39.890	-75.325	33	8323
Hillsboro	TX	32.011	-97.130	5	8321
Somerset	AB	50.896	-114.086	11	8320
Center Line	MI	42.485	-83.028	10	8320
Absecon	NJ	39.428	-74.496	33	8317
Fountain Inn	SC	34.689	-82.196	33	8317
Ogden	AB	50.993	-114.014	11	8315
Williston	VT	44.438	-73.068	33	8314
Humboldt	TN	35.820	-88.916	5	8313
Litchfield	NH	42.844	-71.480	33	8307
Fort Mitchell	KY	39.059	-84.547	33	8306
Banff	AB	51.176	-115.570	11	8305
Bath	ME	43.911	-69.821	33	8305
North Bay Village	FL	25.846	-80.154	33	8302
Ashland	NJ	39.863	-75.006	33	8302
Doylestown	PA	40.310	-75.130	33	8301
Cedar Hills	OR	45.505	-122.798	29	8300
Mayo	MD	38.888	-76.512	33	8298
Cheviot	OH	39.157	-84.613	33	8295
Arab	AL	34.318	-86.496	5	8295
Shiprock	NM	36.786	-108.687	9	8295
Kapuskasing	ON	49.417	-82.433	45	8292
Marlborough Park	AB	51.058	-113.944	11	8290
Pleasant Hill	MO	38.788	-94.269	5	8289
Topanga	CA	34.094	-118.601	29	8289
Sugarmill Woods	FL	28.732	-82.506	33	8287
Little Cottonwood Creek Valley	UT	40.604	-111.829	9	8285
Toccoa	GA	34.577	-83.332	33	8283
Hobart	WI	44.499	-88.150	5	8283
Lake Carmel	NY	41.461	-73.671	33	8282
Burnaby Heights	BC	49.283	-123.000	46	8280
Blanchard	OK	35.138	-97.658	5	8280
Oroville East	CA	39.511	-121.475	29	8280
Seneca	SC	34.686	-82.953	33	8279
Black Mountain	NC	35.618	-82.321	33	8278
Kings Grant	NC	34.263	-77.864	33	8278
Mākaha	HI	21.466	-158.210	49	8278
Pike Road	AL	32.284	-86.103	5	8274
Lewistown	PA	40.599	-77.571	33	8271
Croton-on-Hudson	NY	41.208	-73.891	33	8269
East Foothills	CA	37.381	-121.817	29	8269
Bithlo	FL	28.555	-81.106	33	8268
Charles Village	MD	39.323	-76.613	33	8267
Athol	MA	42.596	-72.227	33	8265
Hopkinton	RI	41.461	-71.778	33	8261
Rapid Valley	SD	44.062	-103.146	9	8260
Brookland	DC	38.933	-76.984	33	8259
Rolling Hills Estates	CA	33.788	-118.358	29	8258
Fabens	TX	31.502	-106.159	9	8257
Westfort	ON	48.365	-89.289	45	8256
Concord	ON	43.800	-79.483	45	8255
Claymont	DE	39.801	-75.460	33	8253
Nevada	MO	37.839	-94.355	5	8253
Bel Air	CA	34.083	-118.449	29	8253
Bellevue	PA	40.494	-80.052	33	8252
Pleasant Hills	PA	40.336	-79.961	33	8252
The Parks At Walter Reed	DC	38.974	-77.030	33	8252
Elkhorn	NE	41.345	-96.256	5	8251
Wood-Ridge	NJ	40.846	-74.088	33	8249
Conover	NC	35.707	-81.219	33	8248
Penbrooke Meadows	AB	51.050	-113.933	11	8235
Silver Heights	ON	43.440	-80.315	45	8235
Castle Shannon	PA	40.365	-80.022	33	8235
Essex	ON	42.175	-82.825	45	8233
Boischatel	QC	46.894	-71.145	45	8231
Bastrop	TX	30.110	-97.315	5	8231
Vinton	VA	37.281	-79.897	33	8231
Notre-Dame-des-Prairies	QC	46.050	-73.432	45	8230
Albion	MI	42.243	-84.753	10	8229
Tremonton	UT	41.712	-112.166	9	8227
Helena Valley Southeast	MT	46.615	-111.922	9	8227
Saint Anthony	MN	45.021	-93.218	5	8226
Downtown Commercial Core	AB	51.047	-114.070	11	8225
Fair Oaks	GA	33.916	-84.545	33	8225
Renfrew	ON	45.467	-76.683	45	8223
Uptown Saint John	NB	45.273	-66.059	32	8221
Sangaree	SC	33.035	-80.128	33	8220
Spring Valley Lake	CA	34.494	-117.268	29	8220
Boiling Springs	SC	35.047	-81.982	33	8219
Oradell	NJ	40.959	-74.037	33	8218
Eaton	OH	39.744	-84.637	33	8217
Coaldale	AB	49.717	-112.619	11	8215
Bloomingdale	NJ	41.002	-74.327	33	8215
Kenilworth	NJ	40.676	-74.291	33	8215
Hooper	UT	41.164	-112.122	9	8214
Heath	TX	32.837	-96.475	5	8211
Kenton	OH	40.647	-83.610	33	8211
McFarland	WI	43.013	-89.290	5	8209
Pewaukee	WI	43.081	-88.261	5	8208
Lincoln	MA	42.426	-71.304	33	8197
Ketchikan	AK	55.342	-131.648	42	8197
Tanaina	AK	61.627	-149.428	0	8197
Dryden	ON	49.783	-92.750	48	8195
Humphrey	NB	46.120	-64.778	32	8195
Rocky Ridge	AB	51.145	-114.245	11	8195
Oak Hills Place	LA	30.360	-91.088	5	8195
Delmar	NY	42.622	-73.833	33	8195
Kulpsville	PA	40.243	-75.337	33	8194
Wynne	AR	35.225	-90.787	5	8193
Grove City	PA	41.158	-80.089	33	8193
Crete	IL	41.444	-87.631	5	8191
Richmond West	MB	49.783	-97.166	48	8190
Whitehouse	TX	32.227	-95.225	5	8189
Triangle	VA	38.547	-77.337	33	8188
Congress Heights	DC	38.843	-77.000	33	8180
Ripley	TN	35.745	-89.530	5	8176
Blackburn Hamlet	ON	45.437	-75.565	45	8173
Geneseo	NY	42.796	-77.817	33	8173
Laurel	FL	27.144	-82.462	33	8171
East Somerville	MA	42.387	-71.084	33	8170
Farmville	VA	37.302	-78.392	33	8169
Greenbriar	VA	38.873	-77.401	33	8166
Long Grove	IL	42.178	-87.998	5	8166
Bedminster	NJ	40.681	-74.645	33	8165
Monona	WI	43.062	-89.334	5	8164
Taber	AB	49.787	-112.146	11	8163
Colonial Acres	ON	43.501	-80.518	45	8163
Hillsdale	MI	41.920	-84.631	10	8163
Pismo Beach	CA	35.143	-120.641	29	8162
Chestnut Ridge	NY	41.084	-74.056	33	8158
Hillside	IL	41.878	-87.903	5	8155
Trinidad	CO	37.169	-104.501	9	8153
Fairdale	KY	38.105	-85.759	27	8148
Oak Hill	WV	37.972	-81.149	33	8140
Buxton	ME	43.638	-70.519	33	8136
Hailey	ID	43.520	-114.315	3	8134
Savoy	IL	40.055	-88.252	5	8133
Diamondhead	MS	30.395	-89.364	5	8132
Park City	UT	40.646	-111.498	9	8128
Shelburne	ON	44.079	-80.204	45	8126
London	KY	37.129	-84.083	33	8126
Glover Park	DC	38.921	-77.077	33	8124
Saint Rose	LA	29.947	-90.323	5	8122
Abingdon	VA	36.710	-81.977	33	8119
New Baltimore	VA	38.767	-77.728	33	8119
Mahtomedi	MN	45.070	-92.952	5	8116
Wytheville	VA	36.948	-81.085	33	8115
Brazil	IN	39.524	-87.125	16	8109
Boulder Hill	IL	41.713	-88.336	5	8108
Oakdale	NY	42.251	-73.780	33	8107
Beebe	AR	35.071	-91.880	5	8106
Warrenton	MO	38.811	-91.142	5	8106
Baldwin Harbor	NY	40.640	-73.608	33	8102
Cordova Bay	BC	48.517	-123.367	46	8100
Richland Hills	TX	32.816	-97.228	5	8098
Oak Brook	IL	41.833	-87.929	5	8091
Silver Berry	AB	53.458	-113.382	11	8089
Perry	IA	41.839	-94.107	5	8089
Charlestown	IN	38.453	-85.670	27	8088
Flushing	MI	43.063	-83.851	10	8086
Saint-Hippolyte	QC	45.933	-74.016	45	8083
Latrobe	PA	40.321	-79.379	33	8081
Cedar Valley	BC	49.162	-122.310	46	8080
Hillview	KY	38.070	-85.686	33	8080
Island Lake	IL	42.276	-88.192	5	8080
Manhasset	NY	40.798	-73.700	33	8080
Brookhaven	PA	39.869	-75.382	33	8078
Montpelier	VT	44.260	-72.575	33	8074
San Isidro	PR	18.392	-65.885	39	8071
West Livingston	TX	30.698	-95.002	5	8071
Mount Joy	PA	40.110	-76.503	33	8071
South San Gabriel	CA	34.049	-118.095	29	8070
West Frankfort	IL	37.898	-88.931	5	8067
Spanish Fort	AL	30.675	-87.915	5	8065
Ludington	MI	43.955	-86.453	10	8058
Brentwood	MO	38.618	-90.349	5	8057
New Square	NY	41.140	-74.029	33	8057
Mahomet	IL	40.195	-88.404	5	8056
Woodwards	BC	49.147	-123.155	46	8055
Boston	NY	42.629	-78.738	33	8049
Old Forge	PA	41.371	-75.735	33	8048
Ephrata	WA	47.318	-119.554	29	8047
West Gate	VA	38.783	-77.497	33	8046
Union	SC	34.715	-81.624	33	8045
Bailey	CO	39.406	-105.473	9	8042
Millis	MA	42.168	-71.358	33	8040
Ashland	WI	46.592	-90.884	5	8040
Alamo Heights	TX	29.485	-98.466	5	8038
Wild Rose	AB	53.471	-113.381	11	8031
Raritan	NJ	40.570	-74.633	33	8031
South Beach	NY	40.583	-74.076	33	8029
Belgrade	MT	45.776	-111.177	9	8029
Briarcliff Manor	NY	41.146	-73.824	33	8028
Central Moncton	NB	46.097	-64.796	32	8023
West Cambridge/Harvard Square	MA	42.372	-71.119	33	8023
Londontowne	MD	38.933	-76.549	33	8018
Bothell East	WA	47.806	-122.184	29	8018
Marstons Mills	MA	41.656	-70.416	33	8017
Rayne	LA	30.235	-92.268	5	8016
Ryers	PA	40.064	-75.087	33	8015
Hastings-on-Hudson	NY	40.995	-73.879	33	8014
York	SC	34.994	-81.242	33	8009
Orono	MN	44.971	-93.604	5	8006
Bellevue	OH	41.274	-82.842	33	8005
West Haven-Sylvan	OR	45.516	-122.768	29	8001
Chelsea	QC	45.500	-75.783	45	8000
Legacy	AB	50.856	-114.005	11	8000
Davidsonville	MD	38.923	-76.628	33	8000
Ellsworth Air Force Base	SD	44.144	-103.075	9	8000
Lakeview	SK	52.095	-106.598	41	7996
Georgia Avenue / Walter Reed	DC	38.983	-77.026	33	7996
Wetumpka	AL	32.544	-86.212	5	7994
West Long Branch	NJ	40.290	-74.018	33	7994
Montrose	VA	37.521	-77.378	33	7993
Grand Blanc	MI	42.928	-83.630	10	7993
Dexter	MO	36.796	-89.958	5	7992
Oak Grove	KY	37.344	-86.755	5	7989
Cheat Lake	WV	39.672	-79.853	33	7988
Wellington	KS	37.265	-97.372	5	7987
Lambton Baby Point	ON	43.657	-79.496	45	7985
Summit	WA	47.162	-122.357	29	7985
Campbell	OH	41.078	-80.599	33	7982
North Star	DE	39.761	-75.719	33	7980
Newton	NJ	41.058	-74.753	33	7979
Summerside	AB	53.417	-113.461	11	7976
South Boston	VA	36.699	-78.901	33	7976
Edson	AB	53.583	-116.436	11	7975
Silverado	AB	50.885	-114.072	11	7975
West Gate	FL	26.703	-80.098	33	7975
Mascoutah	IL	38.490	-89.793	5	7975
Blair	NE	41.544	-96.125	5	7975
White City	OR	42.437	-122.832	29	7975
South Cambie	BC	49.250	-123.117	46	7970
Houghton	MI	47.122	-88.569	10	7970
Stayton	OR	44.801	-122.795	29	7969
Saint-Apollinaire	QC	46.613	-71.513	45	7968
Kahnawake	QC	45.411	-73.681	45	7965
Senatobia	MS	34.618	-89.969	5	7963
Hyrum	UT	41.634	-111.852	9	7962
Hawthorn Woods	IL	42.217	-88.050	5	7961
Conshohocken	PA	40.079	-75.302	33	7956
Manvel	TX	29.463	-95.358	5	7950
Caldwell	NJ	40.840	-74.277	33	7948
Downingtown	PA	40.007	-75.703	33	7946
Mammoth Lakes	CA	37.649	-118.972	29	7946
Four Corners	MD	39.020	-77.013	33	7945
Maplewood	MO	38.613	-90.325	5	7945
Francisville	KY	39.105	-84.724	33	7944
Bridge City	TX	30.021	-93.846	5	7941
Jefferson	WI	43.006	-88.807	5	7941
Oak Grove	MO	39.005	-94.129	5	7937
Baxter	MN	46.343	-94.287	5	7934
Cumberland Hill	RI	41.975	-71.467	33	7934
Carnegie	PA	40.409	-80.083	33	7931
Ilion	NY	43.015	-75.035	33	7926
Ranch Park	BC	49.260	-122.809	46	7925
Camp Hill	PA	40.240	-76.920	33	7923
Waller	WA	47.201	-122.369	29	7922
Trail	BC	49.100	-117.702	46	7920
Broadview	IL	41.864	-87.853	5	7918
Chandler	QC	48.349	-64.679	45	7914
Gold River	CA	38.626	-121.247	29	7912
Sutherlin	OR	43.390	-123.313	29	7912
Crestwood Village	NJ	39.948	-74.361	33	7907
Decorah	IA	43.303	-91.786	5	7907
Colonie	NY	42.718	-73.833	33	7906
Maryville	IL	38.724	-89.956	5	7902
Holly Springs	MS	31.316	-89.978	5	7901
Jersey Village	TX	29.888	-95.563	5	7900
Wahpeton	ND	46.265	-96.606	5	7899
Pike Creek	DE	39.731	-75.704	33	7898
Lake Dallas	TX	33.119	-97.026	5	7892
Al Ritchie	SK	50.442	-104.585	41	7890
Popcorn House	ON	43.420	-80.299	45	7889
Wilmington Manor	DE	39.687	-75.584	33	7889
Winnemucca	NV	40.973	-117.736	29	7887
Plaistow	NH	42.836	-71.095	33	7885
University Park	CA	33.662	-117.810	29	7885
Three Rivers	PE	46.184	-62.568	15	7883
Helena Valley West Central	MT	46.663	-112.060	9	7883
East Newton South	BC	49.129	-122.809	46	7881
Skiatook	OK	36.368	-96.001	5	7880
Dumbarton	VA	37.604	-77.491	33	7879
Ivins	UT	37.169	-113.679	9	7876
Kirtland	NM	36.734	-108.360	9	7875
Middletown	KY	38.245	-85.539	27	7874
Mill Plain	WA	45.643	-122.494	29	7874
Spring Hill	MA	42.386	-71.109	33	7873
Olivette	MO	38.665	-90.376	5	7870
Sans Souci	SC	34.878	-82.424	33	7869
Antigo	WI	45.140	-89.152	5	7869
Douglas	BC	49.102	-122.651	46	7867
Cushing	OK	35.985	-96.767	5	7867
Woodbine-Lumsden	ON	43.692	-79.310	45	7865
Calumet Park	IL	41.663	-87.661	5	7865
Saint Johns	MI	43.001	-84.559	10	7865
York	NE	40.868	-97.592	5	7864
Port Elgin	ON	44.436	-81.390	45	7862
Marion	NC	35.684	-82.009	33	7861
Hillside-Quadra	BC	48.445	-123.356	46	7860
Membertou	NS	46.115	-60.189	13	7859
Cleveland	TX	30.341	-95.085	5	7858
Lake Purdy	AL	33.430	-86.681	5	7857
Ellsworth	ME	44.543	-68.419	33	7857
Brooksville	FL	28.556	-82.390	33	7854
Creston	IA	41.059	-94.361	5	7854
Torbay	NL	47.667	-52.731	43	7852
Southwest Ranches	FL	26.059	-80.337	33	7852
Temple Hills	MD	38.814	-76.946	33	7852
Arcadia	FL	27.216	-81.858	33	7851
Scenic Acres	AB	51.118	-114.222	11	7850
Mount Vista	WA	45.734	-122.633	29	7850
Kalifornsky	AK	60.418	-151.290	0	7850
Saint-Sauveur-des-Monts	QC	45.900	-74.166	45	7849
Gilford	NH	43.548	-71.407	33	7849
Memphis	FL	27.536	-82.561	33	7848
Greenville	AL	31.830	-86.618	5	7845
Hintonburg	ON	45.404	-75.728	45	7844
Port Jefferson	NY	40.946	-73.069	33	7842
Bridgewater	MA	41.990	-70.975	33	7841
Sheboygan Falls	WI	43.732	-87.822	5	7840
Fort Scott	KS	37.840	-94.708	5	7838
Port Jefferson Station	NY	40.925	-73.047	33	7838
Downtown Moncton	NB	46.092	-64.785	32	7837
Sandpoint	ID	48.277	-116.553	29	7835
Quincy	FL	30.587	-84.583	33	7830
Hartsville	SC	34.374	-80.073	33	7826
Lexington	TN	35.651	-88.393	5	7822
Fort Lupton	CO	40.085	-104.813	9	7822
Village Green-Green Ridge	PA	39.864	-75.425	33	7822
Canal Winchester	OH	39.843	-82.805	33	7818
Plainville	MA	42.004	-71.333	33	7817
Caribou	ME	46.861	-68.012	33	7816
Webster City	IA	42.469	-93.816	5	7814
Milan	TN	35.920	-88.759	5	7813
Wyoming	MN	45.336	-92.997	5	7813
Tribeca	NY	40.715	-74.009	33	7811
Prien	LA	30.182	-93.274	5	7810
Othello	WA	46.826	-119.175	29	7809
Wellington	CO	40.704	-105.009	9	7807
Garden City Park	NY	40.741	-73.663	33	7806
Harvest Hills	AB	51.148	-114.051	11	7805
Playter Estates-Danforth	ON	43.680	-79.355	45	7804
Bernardsville	NJ	40.719	-74.569	33	7801
Elora	ON	43.683	-80.433	45	7800
Star	ID	43.692	-116.493	3	7797
Winslow	ME	44.547	-69.621	33	7794
Donaldsonville	LA	30.101	-90.994	5	7792
Grand Ledge	MI	42.753	-84.746	10	7791
Crookston	MN	47.774	-96.608	5	7787
Wilson	PA	40.684	-75.242	33	7781
Lake Geneva	WI	42.592	-88.433	5	7778
Lake Stickney	WA	47.877	-122.262	29	7777
Kirkland Lake	ON	48.145	-80.038	45	7775
White Oak	PA	40.338	-79.809	33	7775
Summit Park	UT	40.746	-111.612	9	7775
Baldwinsville	NY	43.159	-76.333	33	7770
Harrison	TN	35.114	-85.138	33	7769
Murphysboro	IL	37.764	-89.335	5	7768
Newport	AR	35.605	-91.282	5	7767
Glen	MD	39.356	-76.691	33	7766
Fort Riley North	KS	39.111	-96.814	5	7761
Hales Corners	WI	42.938	-88.049	5	7759
Campanilla	PR	18.421	-66.237	39	7757
Three Rivers	MI	41.944	-85.632	10	7752
Butner	NC	36.132	-78.757	33	7751
Sanger	TX	33.363	-97.174	5	7747
Fort Frances	ON	48.617	-93.400	48	7739
Ruidoso	NM	33.332	-105.673	9	7739
Brevard	NC	35.233	-82.734	33	7735
Saint Martin	MS	30.438	-88.868	5	7730
Carl Junction	MO	37.177	-94.566	5	7729
Blake-Jones	ON	43.676	-79.337	45	7727
Scotia	NY	42.826	-73.964	33	7727
River Oaks	TX	32.777	-97.394	5	7724
Dock Junction	GA	31.202	-81.517	33	7721
Mukwonago	WI	42.867	-88.333	5	7721
La Sarre	QC	48.800	-79.200	45	7719
Wading River	NY	40.950	-72.843	33	7719
Manor Park	NS	44.672	-63.549	15	7716
Fort Dix	NJ	40.030	-74.618	33	7716
Kennedale	TX	32.647	-97.226	5	7715
Thousand Palms	CA	33.820	-116.390	29	7715
Winsted	CT	41.921	-73.060	33	7712
Hollis	NH	42.743	-71.592	33	7711
Oakdale	LA	30.816	-92.660	5	7710
Bridge City	LA	29.933	-90.170	5	7706
Fern Park	FL	28.649	-81.351	33	7704
Butler	NJ	41.004	-74.342	33	7701
Ripon	WI	43.842	-88.836	5	7700
Centennial Place	NB	46.083	-64.817	32	7698
Emerson	NJ	40.976	-74.026	33	7697
Saint Johns	MO	38.713	-90.343	5	7690
Hollymead	VA	38.117	-78.442	33	7690
Monahans	TX	31.594	-102.893	5	7690
Hanover	ON	44.150	-81.033	45	7688
Lampasas	TX	31.064	-98.182	5	7687
Lander	WY	42.833	-108.731	9	7686
Derby	CO	39.839	-104.919	9	7685
Selah	WA	46.654	-120.530	29	7682
South Beloit	IL	42.493	-89.037	5	7680
Pope Air Force Base (historical)	NC	35.171	-79.010	33	7680
West Helena	AR	34.551	-90.642	5	7679
Kenilworth	DC	38.906	-76.940	33	7679
Sebastopol	CA	38.402	-122.824	29	7678
Galliano	LA	29.442	-90.299	5	7676
Fruitvale	CO	39.082	-108.497	9	7675
Walnut Village	CA	33.710	-117.797	29	7675
Templeton	CA	35.550	-120.706	29	7674
Duvall	WA	47.742	-121.986	29	7674
Innisfail	AB	52.027	-113.951	11	7672
Kenai	AK	60.554	-151.258	0	7661
Glen Ridge	NJ	40.805	-74.204	33	7660
Dunbar	WV	38.361	-81.737	33	7659
Southwood Acres	CT	41.963	-72.571	33	7657
Acton Vale	QC	45.650	-72.566	45	7656
Woodlake	CA	36.414	-119.099	29	7654
Fanwood	NJ	40.641	-74.383	33	7651
Pittston	PA	41.326	-75.789	33	7651
Quail Hill	CA	33.651	-117.776	29	7651
Ford Island	HI	21.350	-157.959	49	7651
Walden	AB	50.870	-114.026	11	7650
Hubbard	OH	41.156	-80.569	33	7650
Cherry Hill	MD	39.255	-76.634	33	7647
Williamsburg	FL	28.414	-81.443	33	7646
Ridgefield	CT	41.281	-73.498	33	7645
Gilberts	IL	42.103	-88.373	5	7638
Port Wentworth	GA	32.149	-81.163	33	7637
Maple Glen	PA	40.016	-79.977	33	7635
Robinson	IL	39.005	-87.739	5	7631
Halifax	MA	41.991	-70.862	33	7631
Fair Plain	MI	42.087	-86.456	10	7631
Kronenwetter	WI	44.822	-89.590	5	7630
Goderich	ON	43.742	-81.713	45	7628
Ojai	CA	34.448	-119.243	29	7627
Fairfax	CA	37.987	-122.589	29	7626
Easton	CT	41.253	-73.297	33	7625
Old Town	ME	44.934	-68.645	33	7624
Hood River	OR	45.705	-121.521	29	7624
Pebble Creek	FL	28.148	-82.346	33	7622
Morehead	KY	37.271	-87.176	5	7622
Hitchcock	TX	29.348	-95.016	5	7621
Jasper	TX	30.920	-93.997	5	7619
Park City	KS	37.800	-97.318	5	7618
Powdersville	SC	34.792	-82.493	33	7618
Pulaski	TN	35.200	-87.031	5	7617
Ellwood City	PA	40.862	-80.286	33	7617
Evergreen	MT	48.226	-114.276	9	7616
Shorewood	MN	44.901	-93.589	5	7614
West Boylston	MA	42.367	-71.786	33	7612
Sound Beach	NY	40.956	-72.968	33	7612
Brighton	MI	42.529	-83.780	10	7609
Gettysburg	PA	39.831	-77.231	33	7608
University	ON	43.663	-79.401	45	7607
Bonner Springs	KS	39.060	-94.884	5	7606
Saint-Philippe	QC	45.376	-73.481	45	7597
DuBois	PA	41.119	-78.760	33	7597
Yreka	CA	41.735	-122.634	29	7597
Acton	CA	34.470	-118.197	29	7596
Wynnefield Heights	PA	40.003	-75.205	33	7595
Big Flats Airport	NY	42.169	-76.890	33	7595
Princeton	IL	41.368	-89.465	5	7594
Cheswolde	MD	39.364	-76.689	33	7592
Richfield	UT	38.772	-112.084	9	7592
Berlin	NJ	39.791	-74.929	33	7590
Clear Lake	IA	43.138	-93.379	5	7590
Manor	TX	30.341	-97.557	5	7587
Seaford	DE	38.641	-75.611	33	7586
Oaklands	BC	48.444	-123.341	46	7585
Inverness	IL	42.118	-88.096	5	7583
Fletcher	NC	35.431	-82.501	33	7582
New Prague	MN	44.543	-93.576	5	7582
Brentwood Bay	BC	48.583	-123.453	46	7581
Sappington	MO	38.537	-90.380	5	7580
Center Moriches	NY	40.800	-72.790	33	7580
McCook	NE	40.202	-100.626	5	7580
Seffner	FL	27.984	-82.276	33	7579
Newton Upper Falls	MA	42.314	-71.219	33	7579
Willow Street	PA	39.979	-76.276	33	7578
Rosewood	SK	52.093	-106.554	41	7575
Centerville	GA	32.630	-83.690	33	7575
Dayton	TX	30.047	-94.885	5	7575
Pukalani	HI	20.837	-156.337	49	7574
Happy Valley-Goose Bay	NL	53.304	-60.326	14	7572
Confederation Park	SK	52.140	-106.737	41	7571
Sandston	VA	37.523	-77.316	33	7571
St Johnsbury	VT	44.425	-72.015	33	7571
Meadow Lakes	AK	61.625	-149.601	0	7570
Pasadena Hills	FL	28.280	-82.224	33	7570
Catalina	AZ	32.506	-110.921	38	7569
Chibougamau	QC	49.917	-74.366	45	7563
Hillcrest	NY	41.128	-74.041	33	7558
Tiverton	RI	41.626	-71.213	33	7557
Lamar	CO	38.087	-102.621	9	7555
Ct 0014	QC	45.558	-73.543	45	7550
Orland	CA	39.747	-122.196	29	7550
Corning	CA	39.928	-122.179	29	7548
Revelstoke	BC	50.997	-118.195	46	7547
Murrells Inlet	SC	33.551	-79.041	33	7547
River Rouge	MI	42.273	-83.134	10	7546
Gonzales	TX	29.502	-97.452	5	7544
Garnet	CA	33.927	-116.477	29	7543
Yorkshire	VA	38.793	-77.448	33	7541
Rathdrum	ID	47.812	-116.897	29	7538
Shediac	NB	46.220	-64.541	32	7535
South Pointe	MB	49.779	-97.180	48	7535
South Terwillegar	AB	53.440	-113.579	11	7532
Waterboro	ME	43.536	-70.715	33	7532
Listowel	ON	43.733	-80.950	45	7530
Canyon Springs	BC	49.291	-122.795	46	7528
Rhinelander	WI	45.637	-89.412	5	7526
Rockton	IL	42.453	-89.072	5	7525
Auburn	GA	34.014	-83.828	33	7524
Escalon	CA	37.798	-120.998	29	7523
Seminole	OK	35.225	-96.671	5	7522
Highlands	TX	29.819	-95.056	5	7522
Arroyo	PR	17.966	-66.061	39	7520
Chester Springs	PA	40.095	-75.617	33	7520
Herkimer	NY	43.026	-74.986	33	7519
Pont Rouge	QC	48.883	-72.082	45	7518
Waite Park	MN	45.557	-94.224	5	7517
Connellsville	PA	40.018	-79.589	33	7515
Green	OR	43.160	-123.368	29	7515
Haddon Heights	NJ	39.877	-75.065	33	7514
Lancaster	MA	42.456	-71.673	33	7509
Oak Island	NC	33.917	-78.161	33	7507
Burnside	NS	44.702	-63.601	15	7506
Camlachie	ON	43.036	-82.162	45	7506
Clewiston	FL	26.754	-80.934	33	7505
Iron Mountain	MI	45.820	-88.066	30	7504
South Arm	BC	49.140	-123.125	46	7503
Ashland	VA	37.759	-77.480	33	7503
Marengo	IL	42.249	-88.608	5	7503
Crystal City	TX	28.677	-99.828	5	7496
Plymouth	MA	41.958	-70.667	33	7494
Aylmer	ON	42.767	-80.983	45	7492
Melrose Park	FL	26.113	-80.193	33	7492
Silvis	IL	41.512	-90.415	5	7491
Ranchlands	AB	51.117	-114.183	11	7490
Page	AZ	36.915	-111.456	38	7490
Oakland	TN	35.229	-89.515	5	7488
Monessen	PA	40.148	-79.888	33	7483
Saint Louis	MI	43.408	-84.607	10	7482
South Berwick	ME	43.235	-70.809	33	7480
Aurora	MO	36.971	-93.718	5	7477
Navasota	TX	30.388	-96.088	5	7476
Salem	UT	40.053	-111.674	9	7475
Rockville	CT	41.867	-72.450	33	7474
Bemis	MA	42.369	-71.204	33	7472
Swainsboro	GA	32.597	-82.334	33	7471
Citrus Hills	FL	28.888	-82.433	33	7470
Villa Hills	KY	39.063	-84.593	33	7468
Fishersville	VA	38.099	-78.969	33	7462
Sioux Center	IA	43.080	-96.176	5	7461
Pembroke	NH	43.147	-71.458	33	7461
LaFollette	TN	36.383	-84.120	33	7456
Sunbury-York South	NB	45.838	-66.610	32	7455
Charles City	IA	43.066	-92.672	5	7455
Palmyra	PA	40.309	-76.593	33	7451
Cascade Heights	BC	49.250	-123.017	46	7449
Seminole	TX	32.719	-102.645	5	7448
Irondale	GA	33.481	-84.359	33	7446
Nantucket	MA	41.283	-70.099	33	7446
Orting	WA	47.098	-122.204	29	7446
Cotati	CA	38.327	-122.707	29	7445
Twin Rivers	NJ	40.264	-74.491	33	7443
Mentor-on-the-Lake	OH	41.705	-81.360	33	7443
Napanee	ON	44.250	-76.949	45	7439
Pinson	AL	33.689	-86.683	5	7438
Lemoore Station	CA	36.263	-119.905	29	7438
Melissa	TX	33.286	-96.573	5	7436
Canyon Meadows	AB	50.943	-114.081	11	7435
Lugoff	SC	34.227	-80.689	33	7434
Gresham Park	GA	33.703	-84.314	33	7432
Dunellen	NJ	40.589	-74.472	33	7431
Iqaluit	NU	63.747	-68.517	25	7429
Celebration	FL	28.325	-81.533	33	7427
Carignan	QC	45.450	-73.299	45	7426
Round Lake Park	IL	42.357	-88.077	5	7426
Kimberley	BC	49.671	-115.978	11	7425
Calipatria	CA	33.126	-115.514	29	7424
Battery Park City	NY	40.711	-74.016	33	7422
Mount Horeb	WI	43.009	-89.738	5	7421
Independent Hill	VA	38.636	-77.438	33	7419
Brattleboro	VT	42.851	-72.558	33	7414
Joshua Tree	CA	34.135	-116.313	29	7414
Fairlawn	OH	41.128	-81.610	33	7413
Hatboro	PA	40.174	-75.107	33	7411
Brentwood	AB	51.098	-114.133	11	7410
Washington	IA	41.299	-91.693	5	7408
Fair Oaks Ranch	TX	29.746	-98.643	5	7407
McGregor	FL	26.561	-81.915	33	7406
Ormond-by-the-Sea	FL	29.349	-81.066	33	7406
Mexia	TX	31.680	-96.482	5	7406
Sherwood	PE	46.268	-63.128	15	7404
Midland Beach	NY	40.573	-74.095	33	7402
Larose	LA	29.572	-90.382	5	7400
Roanoke	TX	33.004	-97.226	5	7400
Manhattan	IL	41.423	-87.986	5	7400
College Park	BC	49.282	-122.879	46	7396
Globe	AZ	33.394	-110.787	38	7396
West Dundee	IL	42.098	-88.283	5	7395
Park City	IL	42.348	-87.884	5	7392
Philadelphia	MS	32.772	-89.117	5	7391
Chehalis	WA	46.662	-122.964	29	7391
Northport	NY	40.901	-73.343	33	7390
Corbin	KY	36.949	-84.097	33	7389
Clinton	MA	42.417	-71.683	33	7389
Cohasset	MA	42.242	-70.804	33	7388
Glastonbury Center	CT	41.701	-72.600	33	7387
Edgewater Park	NJ	40.068	-74.901	33	7387
St. Marys	ON	43.250	-81.133	45	7386
Batesville	MS	34.312	-89.944	5	7385
Felida	WA	45.710	-122.707	29	7385
Dayton	TN	35.494	-85.012	33	7384
Sterling	MA	42.438	-71.761	33	7384
Hughson	CA	37.597	-120.866	29	7384
Carneys Point	NJ	39.711	-75.470	33	7382
Tulpehocken	PA	40.038	-75.195	33	7382
Payette	ID	44.078	-116.934	3	7380
Northgate	OH	39.253	-84.592	33	7377
Kingsway-Beresford	BC	49.225	-122.964	46	7376
Capitol Gateway	DC	38.891	-76.919	33	7374
Hampton	GA	33.387	-84.283	33	7372
Beaumont	AB	53.350	-113.419	11	7366
Sandwich	IL	41.646	-88.622	5	7366
Queen Mary Park	AB	53.555	-113.517	11	7365
Quincy	WA	47.234	-119.853	29	7365
Hamptons	AB	51.144	-114.148	11	7360
Mansfield Center	MA	42.023	-71.218	33	7360
Saint Augustine Shores	FL	29.811	-81.310	33	7359
Canfield	OH	41.025	-80.761	33	7355
Devils Lake	ND	48.113	-98.865	5	7351
Bay Wood	NY	40.750	-73.291	33	7350
Hampden	MD	39.331	-76.635	33	7346
Albertville	MN	45.238	-93.654	5	7345
Murillo Colonia	TX	26.256	-98.113	5	7344
Aberdeen	NC	35.132	-79.429	33	7343
Morrow	GA	33.583	-84.339	33	7338
La Feria	TX	26.159	-97.824	5	7338
East Newton North	BC	49.143	-122.814	46	7336
Hudson	NH	42.765	-71.440	33	7336
Flatwoods	KY	38.523	-82.717	33	7335
Collinsville	VA	36.715	-79.915	33	7335
Nebraska City	NE	40.677	-95.859	5	7335
Williston Park	NY	40.756	-73.645	33	7331
Lexington	ON	43.497	-80.491	45	7330
Midland Park	NJ	40.989	-74.141	33	7329
Grandview Heights	OH	39.980	-83.041	33	7328
Eastern Charlotte	NB	45.103	-66.795	32	7325
Hudsonville	MI	42.871	-85.865	10	7324
Laughlin	NV	35.168	-114.573	29	7323
Delson	QC	45.367	-73.549	45	7322
East Hespeler	ON	43.435	-80.296	45	7321
Floresville	TX	29.134	-98.156	5	7321
Altoona	WI	44.805	-91.443	5	7321
Interlaken	CA	36.951	-121.734	29	7321
Middleborough Center	MA	41.895	-70.926	33	7319
Woodlake	VA	37.421	-77.679	33	7319
Guadalupe	CA	34.972	-120.572	29	7318
Woodlawn	NY	40.898	-73.867	33	7317
Clarkston	WA	46.416	-117.046	29	7317
Wauseon	OH	41.549	-84.142	33	7316
Jennings Lodge	OR	45.391	-122.613	29	7315
Palmyra	NJ	40.007	-75.028	33	7314
Bloomfield	NM	36.711	-107.985	9	7314
Riverdale Park	MD	38.963	-76.932	33	7305
Franklin	LA	29.796	-91.501	5	7302
Livingston	MT	45.662	-110.561	9	7302
Harrison	WI	44.228	-88.336	5	7302
New Cumberland	PA	40.232	-76.885	33	7295
Altadore	AB	51.017	-114.103	11	7290
Hillsborough	NE	41.300	-96.129	5	7290
Fort Bragg	CA	39.446	-123.805	29	7289
Salem	IL	38.627	-88.946	5	7287
Buechel	KY	38.195	-85.652	27	7287
Oceano	CA	35.099	-120.612	29	7286
Hastings	MI	42.646	-85.291	10	7284
Westmere	NY	42.691	-73.869	33	7284
Forest City	NC	35.334	-81.865	33	7282
Lincolnshire	IL	42.190	-87.908	5	7282
Bermuda Dunes	CA	33.743	-116.289	29	7282
Dry Run	OH	39.104	-84.330	33	7281
Twin Lakes	SK	50.501	-104.675	41	7280
Green Cove Springs	FL	29.992	-81.678	33	7277
Mead	WA	47.767	-117.355	29	7275
North Springfield	VA	38.804	-77.205	33	7274
Piñon Hills	CA	34.433	-117.647	29	7272
Neptune Beach	FL	30.312	-81.396	33	7269
Odessa	FL	28.194	-82.592	33	7267
Longboat Key	FL	27.413	-82.659	33	7266
Westphalia	MD	38.845	-76.811	33	7266
Ville Platte	LA	30.688	-92.272	5	7264
Heritage Park	ON	43.456	-80.444	45	7263
Lexington	VA	37.784	-79.443	33	7262
Napili-Honokowai	HI	20.975	-156.678	49	7261
Northeast Regina	SK	50.477	-104.607	41	7260
Santa Isabel	PR	17.966	-66.405	39	7260
Strathmore	NJ	40.396	-74.213	33	7258
Madison	SD	44.006	-97.114	5	7258
Grand Centre	AB	54.416	-110.213	11	7256
Tell City	IN	37.951	-86.768	20	7255
New Dorp	NY	40.574	-74.116	33	7253
Cathedral	SK	50.445	-104.631	41	7250
Orland Hills	IL	41.585	-87.843	5	7249
Knoxville	IA	41.321	-93.109	5	7248
Homestead Meadows South	TX	31.811	-106.164	9	7247
North Patchogue	NY	40.787	-73.009	33	7246
Bryans Road	MD	38.627	-77.073	33	7244
Smithville	NJ	39.494	-74.457	33	7242
Glenbrook	AB	51.030	-114.146	11	7240
Southport	NY	42.055	-76.819	33	7238
Rockland	ME	44.104	-69.109	33	7237
Sanibel	FL	26.449	-82.022	33	7236
Summit View	WA	47.136	-122.352	29	7236
Coronation Park	SK	50.478	-104.626	41	7235
Osceola	AR	35.705	-89.970	5	7233
Inverness	FL	28.836	-82.330	33	7233
Inlet Centre	BC	49.276	-122.845	46	7232
Forest Lawn	AB	51.038	-113.972	11	7230
Quinpool District	NS	44.643	-63.598	15	7228
Elkins	WV	38.926	-79.847	33	7226
Beacon Square	FL	28.209	-82.755	33	7224
Swanzey	NH	42.870	-72.282	33	7224
Valley Center	KS	37.835	-97.373	5	7222
Woodland Park	CO	38.994	-105.057	9	7222
Labrador City	NL	52.946	-66.911	14	7220
Saint Francis	MN	45.387	-93.359	5	7218
Putnam	CT	41.915	-71.909	33	7214
Leola	PA	40.088	-76.185	33	7214
Mount Vernon	IN	40.669	-85.824	16	7208
Mount Sterling	KY	38.056	-83.943	33	7208
Mendota	IL	41.547	-89.118	5	7204
Mill Bay	BC	48.650	-123.550	46	7200
Donnacona	QC	46.680	-71.724	45	7200
Hiawatha	IA	42.036	-91.682	5	7199
Beaconsfield	MA	42.337	-71.141	33	7199
El Rio	CA	34.236	-119.164	29	7198
Tyrone	GA	33.471	-84.597	33	7194
Winooski	VT	44.491	-73.186	33	7193
Pompano Beach Highlands	FL	26.283	-80.107	33	7192
Hudson Falls	NY	43.301	-73.586	33	7191
Kosciusko	MS	33.058	-89.590	5	7187
Yardville	NJ	40.181	-74.664	33	7186
Lares	PR	18.295	-66.877	39	7184
Makawao	HI	20.857	-156.313	49	7184
Highland Heights	KY	39.033	-84.452	33	7183
Stanley Park	ON	43.446	-80.444	45	7181
Delafield	WI	43.061	-88.404	5	7180
Minnetrista	MN	44.938	-93.718	5	7178
Lake of the Woods	VA	38.334	-77.760	33	7177
Southgate	FL	27.308	-82.510	33	7173
LaFayette	GA	34.705	-85.282	33	7173
Glenolden	PA	39.900	-75.289	33	7173
Pleasantville	NY	41.133	-73.793	33	7173
Great Barrington	MA	42.196	-73.362	33	7172
New London	WI	44.393	-88.740	5	7172
Downtown	MD	39.291	-76.615	33	7171
Douglas	MA	42.054	-71.740	33	7168
Seward	NE	40.907	-97.099	5	7167
Atherton	CA	37.461	-122.198	29	7167
Mills River	NC	35.388	-82.567	33	7162
Shamokin	PA	40.789	-76.559	33	7162
Moanalua Valley	HI	21.353	-157.887	49	7162
Pacific	MO	38.482	-90.742	5	7161
Applewood	CO	39.758	-105.162	9	7160
Heber Springs	AR	35.491	-92.031	5	7156
East Perrine	FL	25.609	-80.339	33	7156
Kaufman	TX	32.589	-96.309	5	7156
Sausalito	CA	37.859	-122.485	29	7156
East Hills	NY	40.794	-73.627	33	7155
Pinehurst	MA	42.529	-71.228	33	7152
Blandon	PA	40.441	-75.887	33	7152
Belen	NM	34.663	-106.776	9	7152
Cougar Ridge	AB	51.071	-114.208	11	7150
Marpole South	BC	49.206	-123.132	46	7150
Demopolis	AL	32.518	-87.836	5	7148
Baie-Saint-Paul	QC	47.441	-70.499	45	7146
Catoosa	OK	36.189	-95.746	5	7146
Trumann	AR	35.674	-90.507	5	7145
Keyport	NJ	40.433	-74.200	33	7145
Gulf Hills	MS	30.430	-88.842	5	7144
Madison Park	NJ	40.452	-74.308	33	7144
Merritt	BC	50.112	-120.794	46	7139
West Vero Corridor	FL	27.638	-80.486	33	7138
Marshfield	MO	37.339	-92.907	5	7138
Jessup	MD	39.149	-76.775	33	7137
Sullivan	MO	38.208	-91.160	5	7135
Mantua	VA	38.854	-77.259	33	7135
Independence	OH	41.369	-81.638	33	7135
Bonne Terre	MO	37.923	-90.555	5	7133
Islamorada	FL	24.924	-80.628	33	7131
Parkwood	WA	47.533	-122.610	29	7126
Columbia Hills	ON	43.470	-80.601	45	7125
Broadview Park	FL	26.100	-80.209	33	7125
Pomona	NJ	39.478	-74.575	33	7124
Providence	UT	41.706	-111.817	9	7124
Pacific	WA	47.265	-122.250	29	7123
Fayetteville	TN	35.152	-86.571	5	7121
Piedmont	OK	35.642	-97.746	5	7118
Logan	OH	39.540	-82.407	33	7117
Yennadon	BC	49.233	-122.586	46	7116
Greenville	NY	40.993	-73.820	33	7116
Cuero	TX	29.094	-97.289	5	7115
Vandalia	IL	38.961	-89.094	5	7112
Hempstead	TX	30.097	-96.078	5	7110
Walled Lake	MI	42.538	-83.481	10	7110
Austell	GA	33.813	-84.634	33	7107
Pointe-du-Lac	QC	48.500	-71.782	45	7104
Venice Gardens	FL	27.073	-82.408	33	7104
Village Saint George	LA	30.362	-91.067	5	7104
Fort Belvoir	VA	38.712	-77.146	33	7100
Los Serranos	CA	33.973	-117.708	29	7099
Val-des-Sources	QC	45.767	-71.932	45	7088
Richland	MS	32.239	-90.158	5	7087
Camden	SC	34.247	-80.607	33	7085
Whitefish	MT	48.411	-114.338	9	7073
West Glens Falls	NY	43.300	-73.684	33	7071
New Paltz	NY	41.748	-74.087	33	7070
University Park	IL	41.443	-87.684	5	7070
Ponchatoula	LA	30.439	-90.441	5	7068
Amory	MS	33.984	-88.488	5	7067
Dayton	NJ	40.373	-74.510	33	7063
Fairfield	NJ	40.884	-74.306	33	7063
Ten Hills	MA	42.397	-71.087	33	7062
King	NC	36.281	-80.359	33	7059
Mims	FL	28.665	-80.845	33	7058
Kill Devil Hills	NC	36.031	-75.676	33	7058
Russellville	KY	36.845	-86.887	5	7056
Perry	FL	30.118	-83.583	33	7055
Ocean City	MD	38.337	-75.085	33	7055
Savage	MD	39.138	-76.824	33	7054
Bellbrook	OH	39.636	-84.071	33	7053
Downtown Brooklyn	NY	40.694	-73.986	33	7053
Georgetown	DE	38.690	-75.385	33	7051
Milltown	NJ	40.456	-74.443	33	7049
Clinton	IL	40.154	-88.965	5	7048
Pelham	NY	40.910	-73.808	33	7048
Alta Sierra	CA	35.731	-118.554	29	7047
Marshall	MI	42.272	-84.963	10	7045
Bluewater	ON	43.467	-81.600	45	7044
Coteau-du-Lac	QC	45.300	-74.183	45	7044
Benton	IL	37.997	-88.920	5	7041
Eden Isle	LA	30.229	-89.799	5	7041
Crete	NE	40.628	-96.961	5	7037
Ridley Park	PA	39.881	-75.324	33	7035
Milton-Freewater	OR	45.933	-118.388	29	7035
Winters	CA	38.525	-121.971	29	7034
Lakes of the Four Seasons	IN	41.410	-87.213	5	7033
Kincora	AB	51.159	-114.134	11	7030
Huntingdon	PA	40.485	-78.010	33	7029
Westminster	MA	42.546	-71.911	33	7028
Mount Carmel	IL	38.411	-87.761	5	7027
Savannah	TN	35.225	-88.249	5	7027
San Martin	CA	37.085	-121.610	29	7027
Delphos	OH	40.843	-84.342	33	7023
Huron	OH	41.395	-82.555	33	7022
Coaticook	QC	45.133	-71.799	45	7021
Withamsville	OH	39.062	-84.288	33	7021
Baltimore Highlands	MD	39.233	-76.637	33	7019
Stratford	NJ	39.827	-75.015	33	7013
Pikeville	KY	37.479	-82.519	33	7012
Dalton	MA	42.474	-73.166	33	7012
Lake Lorraine	FL	30.442	-86.565	5	7010
Umatilla	OR	45.917	-119.343	29	7009
Oak Hill Park	MA	42.295	-71.186	33	7008
Tolleson	AZ	33.450	-112.259	38	7008
Idabel	OK	33.896	-94.826	5	7007
Nyack	NY	41.091	-73.918	33	7004
Eagle Mountain	TX	32.893	-97.444	5	7003
Eglin Village	FL	30.463	-86.539	5	7000
Ione	CA	38.353	-120.933	29	7000
Tamalpais Valley	CA	37.880	-122.546	29	7000
Kenton	OR	45.582	-122.681	29	7000
North Portland	OR	45.610	-122.703	29	7000
East End	AR	34.551	-92.341	5	6998
Pacific Palisades	HI	21.426	-157.953	49	6997
Hampstead	QC	45.481	-73.647	45	6996
Tallulah	LA	32.408	-91.187	5	6995
Beechwood West	ON	43.458	-80.566	45	6990
Fairfield Glade	TN	36.000	-84.886	5	6989
Fort Myers Beach	FL	26.453	-81.950	33	6983
North Sarasota	FL	27.374	-82.518	33	6982
Orange Lake	NY	41.540	-74.098	33	6982
Kenwood	OH	39.211	-84.367	33	6981
Old Jefferson	LA	30.383	-91.017	5	6980
Roosevelt	UT	40.299	-109.989	9	6980
Burton	SC	32.436	-80.724	33	6976
Valley Park	MO	38.549	-90.493	5	6974
Middlebury	CT	41.528	-73.128	33	6974
Kingston	RI	41.480	-71.523	33	6974
Linwood	NJ	39.340	-74.575	33	6973
South Weber	UT	41.132	-111.930	9	6971
King	ON	43.965	-79.590	45	6970
Freeland	MI	43.525	-84.123	10	6969
Norwich	NY	42.531	-75.524	33	6968
Portage Lakes	OH	41.007	-81.527	33	6968
Port Wallace	NS	44.699	-63.548	15	6963
Cameron Park	TX	25.965	-97.477	5	6963
Cameron Park Colonia	TX	25.971	-97.478	5	6963
Haysboro	AB	50.967	-114.083	11	6960
Archbald	PA	41.495	-75.537	33	6960
Sturtevant	WI	42.698	-87.895	5	6960
Dade City	FL	28.365	-82.196	33	6955
Scappoose	OR	45.754	-122.878	29	6954
Yabucoa	PR	18.051	-65.879	39	6952
La Junta	CO	37.985	-103.544	9	6951
Bridgeport	MI	43.359	-83.882	10	6950
Stratham Station	NH	43.053	-70.895	33	6949
Boyle Street	AB	53.550	-113.479	11	6947
Black Jack	MO	38.793	-90.267	5	6947
Etowah	NC	35.318	-82.594	33	6944
Laurel	MT	45.669	-108.772	9	6943
Sidney	NE	41.143	-102.978	9	6942
Sturgeon Falls	ON	46.367	-79.916	45	6939
Nolensville	TN	35.952	-86.669	5	6939
Terrace Heights	WA	46.606	-120.440	29	6937
Colonial Heights	TN	36.485	-82.503	33	6934
Live Oak	FL	30.295	-82.984	33	6931
Central York	NB	46.005	-66.908	32	6930
Auburndale	MA	42.347	-71.249	33	6928
Milton	PA	41.012	-76.848	33	6928
Cortland	OH	41.330	-80.725	33	6927
Rumson	NJ	40.372	-73.999	33	6926
Great Neck Plaza	NY	40.787	-73.727	33	6925
Moapa Valley	NV	36.581	-114.470	29	6924
Gypsum	CO	39.647	-106.952	9	6922
Hickam Field	HI	21.340	-157.960	49	6920
Robinwood	MD	39.637	-77.657	33	6918
Templeton	MA	42.556	-72.068	33	6918
Belle Plaine	MN	44.623	-93.769	5	6918
Saint Albans	VT	44.811	-73.083	33	6918
Galax	VA	36.661	-80.924	33	6914
South Cleveland	TN	35.106	-84.890	33	6912
Homeacre-Lyndora	PA	40.872	-79.921	33	6906
Elkins Park	PA	40.077	-75.127	33	6901
Stratmoor	CO	38.774	-104.780	9	6900
Litchfield	IL	39.175	-89.654	5	6897
Saint-Rémi	QC	45.267	-73.616	45	6891
Oasis	CA	33.466	-116.099	29	6890
Treasure Island	FL	27.769	-82.769	33	6887
Mountainside	NJ	40.672	-74.357	33	6885
Campbellton	NB	48.008	-66.673	32	6883
Lucas	TX	33.084	-96.577	5	6883
Gorham	ME	43.680	-70.444	33	6882
Aspen	CO	39.191	-106.818	9	6882
Mount Ivy	NY	41.187	-74.035	33	6878
Tufts University	MA	42.407	-71.119	33	6877
Milford	OH	39.175	-84.294	33	6876
Burnside-Gorge	BC	48.443	-123.376	46	6875
Blackwell	OK	36.804	-97.283	5	6875
Lantana	TX	33.091	-97.124	5	6874
Leitchfield	KY	37.480	-86.294	5	6873
Plaquemine	LA	30.290	-91.235	5	6871
Pollock Pines	CA	38.762	-120.586	29	6871
Viola	NY	41.136	-74.082	33	6868
Ambridge	PA	40.589	-80.225	33	6859
Jackson	WI	43.324	-88.167	5	6859
Mechanicstown	NY	41.443	-74.388	33	6858
Ephraim	UT	39.360	-111.586	9	6857
Laurel Hill	VA	38.717	-77.237	33	6855
Cottage Grove	WI	43.076	-89.200	5	6854
Mira Monte	CA	34.434	-119.285	29	6854
Schriever	LA	29.742	-90.810	5	6853
North Syracuse	NY	43.135	-76.130	33	6853
Pratt	KS	37.644	-98.738	5	6849
Allard	AB	53.400	-113.527	11	6847
Peñuelas	PR	18.056	-66.722	39	6847
Bargersville	IN	39.521	-86.168	16	6846
Carthage	TX	32.157	-94.337	5	6844
Peace River	AB	56.237	-117.292	11	6842
Santa Clara	UT	37.133	-113.654	9	6841
Eastbridge	ON	43.513	-80.508	45	6840
Walden	NY	41.561	-74.188	33	6839
Slave Lake	AB	55.283	-114.769	11	6836
Huron	CA	36.203	-120.103	29	6836
Loomis	CA	38.821	-121.193	29	6836
Orchard Mesa	CO	39.048	-108.529	9	6836
Newport	TN	35.967	-83.188	33	6834
Atlantic	IA	41.404	-95.014	5	6833
Nevada	IA	42.023	-93.452	5	6831
Applewood Park	AB	51.043	-113.925	11	6830
Yarmouth	NS	43.833	-66.116	15	6829
Mantua	PA	39.963	-75.191	33	6829
Tamaqua	PA	40.797	-75.969	33	6829
Middleton	ID	43.707	-116.620	3	6828
Sidney	MT	47.717	-104.156	9	6828
Roeland Park	KS	39.038	-94.632	5	6827
Sequim	WA	48.080	-123.102	29	6826
Warwick	NY	41.256	-74.360	33	6823
Allendale	NJ	41.041	-74.129	33	6822
Gibsons	BC	49.395	-123.506	46	6821
North Amherst	MA	42.410	-72.531	33	6819
Hewlett	NY	40.643	-73.696	33	6819
Winthrop Harbor	IL	42.479	-87.824	5	6818
Barrington	NJ	39.865	-75.055	33	6817
Carmel Hamlet	NY	41.415	-73.685	33	6817
Buena Vista	MI	43.420	-83.899	10	6816
Wickenburg	AZ	33.969	-112.730	38	6806
Tuttle	OK	35.291	-97.812	5	6805
Stevensville	MD	38.981	-76.314	33	6803
Darnestown	MD	39.103	-77.291	33	6802
Lockwood	MT	45.819	-108.415	9	6797
Kirtland	OH	41.629	-81.362	33	6793
Whitemarsh Island	GA	32.029	-81.017	33	6792
Hornsby Bend	TX	30.247	-97.583	5	6791
Erin Woods	AB	51.021	-113.970	11	6790
Myers Corner	NY	41.606	-73.873	33	6790
Groesbeck	OH	39.223	-84.587	33	6788
Lake City	SC	33.871	-79.755	33	6788
Palmer	AK	61.599	-149.115	0	6788
Nappanee	IN	41.443	-86.001	16	6787
Stickney	IL	41.821	-87.783	5	6786
Martins Ferry	OH	40.096	-80.725	33	6786
Landen	OH	39.312	-84.283	33	6782
Atkinson	NH	42.838	-71.147	33	6782
Stanwood	WA	48.241	-122.371	29	6779
Crescent City	CA	41.756	-124.202	29	6774
Saint-Zotique	QC	45.250	-74.249	45	6773
Gibsonville	NC	36.106	-79.542	33	6773
Hamilton	AL	34.142	-87.989	5	6772
Cos Cob	CT	41.033	-73.600	33	6770
Fairview	GA	34.946	-85.284	33	6769
Taylor Mill	KY	38.998	-84.496	33	6769
East Porterville	CA	36.057	-118.976	29	6767
Clackamas	OR	45.408	-122.570	29	6767
Ogden	NC	34.272	-77.819	33	6766
Bayville	NY	40.911	-73.562	33	6764
Nitro	WV	38.415	-81.844	33	6763
West Point	NY	41.391	-73.956	33	6763
Commerce	GA	34.204	-83.457	33	6762
Belle Harbor	NY	40.576	-73.848	33	6758
Bowleys Quarters	MD	39.335	-76.390	33	6755
Fox Point	WI	43.158	-87.902	5	6755
Grove	OK	36.594	-94.769	5	6751
West Bridgewater	MA	42.019	-71.008	33	6750
Mount Olympus	UT	40.685	-111.789	9	6748
Souderton	PA	40.312	-75.325	33	6747
Brook Highland	AL	33.436	-86.674	5	6746
Taneytown	MD	39.658	-77.174	33	6746
Hillsdale	SK	50.420	-104.609	41	6745
Greenbrier	TN	36.428	-86.805	5	6745
Manorhaven	NY	40.843	-73.715	33	6744
Kimberly	WI	44.272	-88.339	5	6744
Saint-Anselme	NB	46.064	-64.713	32	6740
Albert Park/Radisson Heights	AB	51.043	-113.996	11	6740
Morrilton	AR	35.151	-92.744	5	6738
Willow Oak	FL	27.916	-82.018	33	6732
Westvale	ON	43.445	-80.557	45	6730
Aquia Harbour	VA	38.463	-77.389	33	6727
Kincardine	ON	44.183	-81.633	45	6725
Milton Upper Mills	MA	42.261	-71.095	33	6725
New Waterford	NS	46.250	-60.082	13	6723
Brandywine	MD	38.697	-76.848	33	6719
Church Hill	TN	36.522	-82.713	33	6719
Beaubassin East	NB	46.209	-64.418	32	6718
Anadarko	OK	35.073	-98.244	5	6717
Marion	SC	34.178	-79.401	33	6714
Ct 0012	QC	45.579	-73.538	45	6710
Watford City	ND	47.802	-103.283	5	6708
De Queen	AR	34.038	-94.341	5	6707
Oyster Bay	NY	40.866	-73.532	33	6707
Parkville	PA	39.781	-76.963	33	6706
Wedgefield	FL	28.488	-81.077	33	6705
Clarenville	NL	48.167	-53.965	43	6704
Whitinsville	MA	42.111	-71.666	33	6704
Farmington	AR	36.042	-94.247	5	6701
Millersville	TN	36.371	-86.710	5	6700
Longwood - Winton Grove	CA	37.659	-122.109	29	6700
ʻEwa Villages-Honouliuli	HI	21.345	-158.051	49	6699
Big Park	AZ	34.780	-111.763	38	6695
Lower Allen	PA	40.226	-76.901	33	6694
Downtown Dieppe	NB	46.095	-64.744	32	6690
Belle Isle	FL	28.458	-81.359	33	6689
Thomson	GA	33.471	-82.505	33	6689
Silsbee	TX	30.349	-94.178	5	6688
Sturgis	SD	44.410	-103.509	9	6688
Fircrest	WA	47.240	-122.516	29	6687
Hope	BC	49.383	-121.441	46	6686
West View	PA	40.522	-80.034	33	6685
Clifton Heights	PA	39.929	-75.296	33	6684
Flowery Branch	GA	34.185	-83.925	33	6683
West St. Paul	MB	50.010	-97.142	48	6682
Ettrick	VA	37.240	-77.430	33	6682
Belfast	ME	44.426	-69.006	33	6682
Cedarhurst	NY	40.623	-73.724	33	6682
Seneca Falls	NY	42.911	-76.797	33	6681
Clairton	PA	40.292	-79.882	33	6681
Air Force Academy	CO	38.994	-104.864	9	6680
North Bend	WA	47.496	-121.787	29	6679
Eagle	CO	39.655	-106.829	9	6678
Plessisville	QC	46.219	-71.762	45	6677
Saint Gabriel	LA	30.258	-91.099	5	6677
Dillon	SC	34.417	-79.371	33	6677
Scottsburg	IN	38.686	-85.770	16	6674
Garden Home-Whitford	OR	45.464	-122.759	29	6674
South Hill	NY	42.429	-76.495	33	6673
Woodridge	DC	38.931	-76.971	33	6671
Oak Ridge	NC	36.173	-79.989	33	6671
Carbondale	CO	39.402	-107.211	9	6670
Trinity	NC	35.895	-79.991	33	6669
Valley City	ND	46.923	-98.003	5	6669
Torrington	WY	42.062	-104.184	9	6669
Welcome	SC	34.827	-82.439	33	6668
Normandy Park	WA	47.436	-122.341	29	6668
Greenville	IL	38.892	-89.413	5	6666
Noble	OK	35.139	-97.395	5	6666
East Rochester	NY	43.109	-77.487	33	6666
East Shoreham	NY	40.945	-72.880	33	6666
North Riverside	IL	41.843	-87.823	5	6665
Brownsburg-Chatham	QC	45.683	-74.416	45	6664
Madras	OR	44.633	-121.129	29	6662
North Caldwell	NJ	40.865	-74.258	33	6661
Ancient Oaks	PA	40.547	-75.589	33	6661
Opp	AL	31.283	-86.256	5	6658
Litchfield	MN	45.127	-94.528	5	6657
Ponoka	AB	52.677	-113.581	11	6656
Harbourview	NS	44.677	-63.585	15	6656
Boyes Hot Springs	CA	38.314	-122.482	29	6656
Brier	WA	47.785	-122.274	29	6656
Millrise	AB	50.917	-114.085	11	6655
Las Piedras	PR	18.183	-65.866	39	6655
Glen Oaks	NY	40.747	-73.712	33	6655
Wollochet	WA	47.269	-122.584	29	6651
Hapeville	GA	33.660	-84.410	33	6650
Pea Ridge	WV	38.414	-82.320	33	6650
Montevallo	AL	33.101	-86.864	5	6648
Pingree Grove	IL	42.069	-88.413	5	6648
Elsa	TX	26.293	-97.993	5	6647
Thermalito	CA	39.511	-121.587	29	6646
Tuckahoe	NY	40.950	-73.827	33	6643
Viera West	FL	28.245	-80.734	33	6641
Airway Heights	WA	47.645	-117.593	29	6639
Kiniski Gardens	AB	53.475	-113.401	11	6637
Folcroft	PA	39.891	-75.284	33	6637
West Hillhurst	AB	51.054	-114.121	11	6635
Port Haney	BC	49.212	-122.605	46	6630
Tecumseh	OK	35.258	-96.937	5	6630
Terwillegar Towne	AB	53.450	-113.578	11	6627
Camp H.M. Smith	HI	21.385	-157.910	49	6626
Barnesville	GA	33.055	-84.156	33	6625
Elmendorf Air Force Base	AK	61.257	-149.631	0	6621
Lakeshore Village	ON	43.488	-80.551	45	6620
North Vernon	IN	39.006	-85.624	16	6619
Green Hill	TN	36.223	-86.549	5	6618
Buena Vista	VA	37.734	-79.354	33	6618
East Glenville	NY	42.895	-73.928	33	6616
Horseheads	NY	42.167	-76.821	33	6616
Farr West	UT	41.297	-112.028	9	6616
Country Hills West	ON	43.411	-80.487	45	6615
Oneonta	AL	33.948	-86.473	5	6615
Wharton	NJ	40.893	-74.582	33	6613
Tappan	NY	41.022	-73.947	33	6613
Youngtown	AZ	33.594	-112.303	38	6613
Batesville	IN	39.300	-85.222	16	6611
Old Greenwich	CT	41.023	-73.565	33	6611
Gleneagle	CO	39.045	-104.824	9	6611
California	PA	40.066	-79.892	33	6608
Irvington	NY	41.039	-73.868	33	6607
Lacy-Lakeview	TX	31.629	-97.103	5	6604
Emmett	ID	43.873	-116.499	3	6604
Whitmore Park	SK	50.404	-104.607	41	6600
Ct 0003	QC	45.606	-73.527	45	6600
Springs	NY	41.016	-72.159	33	6592
Wildwood	FL	28.865	-82.041	33	6590
Middlebury (village)	VT	44.016	-73.169	33	6588
Shields	MI	43.415	-84.056	10	6587
Centerville	SC	34.532	-82.704	33	6586
Strasburg	VA	38.989	-78.359	33	6586
Saint John	MO	38.715	-90.346	5	6584
Enfield	NS	44.943	-63.536	15	6583
Carrollton	MI	43.459	-83.930	10	6583
Forest Glen	MD	39.015	-77.055	33	6582
Los Fresnos	TX	26.072	-97.476	5	6582
Gridley	CA	39.364	-121.694	29	6582
Alberta Avenue	AB	53.567	-113.483	11	6581
Renfrew	AB	51.063	-114.039	11	6580
Rittman	OH	40.978	-81.782	33	6580
Huron Park	ON	43.402	-80.479	45	6579
Beechborough-Greenbrook	ON	43.693	-79.479	45	6577
Roslyn Heights	NY	40.789	-73.647	33	6577
Ceiba	PR	18.446	-66.351	39	6576
Glamorgan	AB	51.018	-114.147	11	6575
Cornwall	PE	46.227	-63.218	15	6574
Bridesburg	PA	40.000	-75.070	33	6573
Lake Shore	WA	45.691	-122.691	29	6571
Canton	NY	44.596	-75.169	33	6570
Lower Allston	MA	42.365	-71.126	33	6570
Cochituate	MA	42.321	-71.364	33	6569
Mont-Joli	QC	48.584	-68.192	45	6568
Siesta Key	FL	27.268	-82.545	33	6565
Richboro	PA	40.215	-75.011	33	6563
Bedford	VA	37.334	-79.523	33	6561
Lawrence	NY	40.616	-73.730	33	6559
Abilene	KS	38.917	-97.214	5	6558
Hillsboro	OH	39.202	-83.612	33	6557
Pearlgate	NL	47.502	-52.803	43	6555
Crockett	TX	31.318	-95.457	5	6554
West Slope	OR	45.499	-122.765	29	6554
Southeast Arcadia	FL	27.186	-81.852	33	6554
Henderson	TN	35.439	-88.641	5	6552
Brook Farm	MA	42.289	-71.163	33	6551
Lago Vista	TX	30.460	-97.988	5	6550
West Fens	MA	42.343	-71.098	33	6548
Unionville	NC	35.087	-80.509	33	6547
Devon	AB	53.367	-113.735	11	6545
Ellettsville	IN	39.234	-86.625	16	6544
Inverness Highlands South	FL	28.801	-82.337	33	6542
Departure Bay	BC	49.202	-123.976	46	6540
Stephenville	NL	48.550	-58.582	43	6540
Nanoose Bay	BC	49.272	-124.193	46	6540
Seaside	OR	45.993	-123.923	29	6540
Silver Springs Shores	FL	29.104	-82.021	33	6539
Cherry Hills Village	CO	39.642	-104.959	9	6539
Geneseo	IL	41.448	-90.154	5	6538
Laurence Harbor	NJ	40.457	-74.247	33	6536
Yorketown	NJ	40.308	-74.338	33	6535
Lake Hallie	WI	44.876	-91.441	5	6535
Saint Joseph	MN	45.565	-94.318	5	6534
North Brighton	MA	42.358	-71.138	33	6531
Douglas	WY	42.760	-105.382	9	6531
Eliot	ME	43.153	-70.800	33	6528
Millidgeville	NB	45.302	-66.103	32	6527
Rocky Mountain House	AB	52.367	-114.919	11	6527
Upper Sandusky	OH	40.827	-83.281	33	6527
Catasauqua	PA	40.655	-75.475	33	6525
Lincoln	AL	33.613	-86.118	5	6524
Riverside	MD	39.273	-76.607	33	6523
New Milford	CT	41.577	-73.408	33	6523
Decatur	TX	33.234	-97.586	5	6521
Sherwood	AB	51.160	-114.153	11	6520
Eatonton	GA	33.327	-83.388	33	6520
Boyette	FL	27.818	-82.223	33	6518
Belle Haven	VA	38.785	-77.063	33	6518
Port-Cartier	QC	50.033	-66.865	45	6516
Rossford	OH	41.610	-83.564	33	6512
Punjabi Market	BC	49.233	-123.102	46	6510
Calverton	NY	40.906	-72.743	33	6510
Monticello	NY	41.656	-74.689	33	6505
Ambler	PA	40.155	-75.222	33	6505
Avon	CO	39.631	-106.522	9	6505
Lutherville	MD	39.421	-76.626	33	6504
Washington	NJ	40.758	-74.979	33	6498
Ladera Heights	CA	33.994	-118.375	29	6498
Champion Heights	OH	41.290	-80.846	33	6498
Vandenberg Village	CA	34.708	-120.468	29	6497
De Soto	MO	38.139	-90.555	5	6495
Rockaway	NJ	40.901	-74.514	33	6494
Hurricane	WV	38.433	-82.020	33	6493
Collinsville	OK	36.365	-95.839	5	6492
Johnson Lane	NV	39.048	-119.722	29	6490
Macclenny	FL	30.282	-82.122	33	6487
Lovejoy	GA	33.436	-84.314	33	6487
Cheverly	MD	38.928	-76.916	33	6485
Kentfield	CA	37.952	-122.557	29	6485
East Farmingdale	NY	40.729	-73.417	33	6484
Medfield	MA	42.188	-71.306	33	6483
Ishpeming	MI	46.489	-87.668	10	6483
Prospect Park	PA	39.888	-75.308	33	6481
Castroville	CA	36.766	-121.758	29	6481
Midnapore	AB	50.915	-114.059	11	6480
Belpre	OH	39.274	-81.573	33	6476
Brookings	OR	42.053	-124.284	29	6476
Fort Pierce North	FL	27.474	-80.359	33	6474
Spring Lake Park	MN	45.108	-93.238	5	6473
Milford	MI	42.594	-83.599	10	6472
Plattsmouth	NE	41.011	-95.882	5	6462
Powell	WY	44.754	-108.757	9	6462
Union	OH	39.898	-84.306	33	6461
Lauderdale-by-the-Sea	FL	26.192	-80.096	33	6460
San Antonio	PR	18.449	-66.303	39	6456
Ridgefield	WA	45.815	-122.743	29	6455
Lihue	HI	21.981	-159.372	49	6455
University Town Center	CA	33.652	-117.834	29	6455
Thurmont	MD	39.624	-77.411	33	6454
Hamlet	NC	34.885	-79.694	33	6454
Lanett	AL	32.869	-85.191	27	6452
Kula	HI	20.791	-156.327	49	6452
Nibley	UT	41.674	-111.833	9	6451
Bethel	AK	60.792	-161.756	0	6450
Mundy Pond	NL	47.549	-52.746	43	6448
Covedale	OH	39.121	-84.606	33	6447
Geneva	OH	39.662	-82.433	33	6447
Nuevo	CA	33.801	-117.146	29	6447
Mattydale	NY	43.098	-76.145	33	6446
Forest Hills	PA	40.420	-79.850	33	6443
Oakmont	PA	40.522	-79.842	33	6443
Sudden Valley	WA	48.723	-122.347	29	6441
Ct 0011	QC	45.584	-73.535	45	6439
Pocahontas	AR	36.261	-90.971	5	6438
Bronxville	NY	40.938	-73.832	33	6438
Wheelersburg	OH	38.730	-82.855	33	6437
Landing	NJ	40.905	-74.665	33	6436
Hudson	NY	42.253	-73.791	33	6436
Twin Brooks	AB	53.443	-113.530	11	6435
Kermit	TX	31.858	-103.093	5	6434
South Monroe	MI	41.896	-83.418	10	6433
Gladewater	TX	32.537	-94.943	5	6432
Exeter	RI	41.578	-71.538	33	6426
Solvay	NY	43.058	-76.207	33	6425
Cynthiana	KY	38.390	-84.294	33	6423
Whitmore Lake	MI	42.440	-83.745	10	6423
Corry	PA	41.920	-79.640	33	6420
Monument	CO	39.092	-104.873	9	6420
Hillsborough	NC	36.075	-79.100	33	6415
Angora	PA	39.944	-75.238	33	6413
Cumberland	AB	53.611	-113.553	11	6411
Talent	OR	42.246	-122.789	29	6411
Riverton	WA	47.484	-122.295	29	6407
Holtville	CA	32.811	-115.380	29	6404
Inwood	FL	28.037	-81.765	33	6403
Sealy	TX	29.781	-96.157	5	6403
Pointe-Calumet	QC	45.500	-73.966	45	6396
Dahlonega	GA	34.533	-83.985	33	6394
West Somerville/Davis Square	MA	42.396	-71.123	33	6393
Waveland	MS	30.287	-89.376	5	6391
Westmount	NS	44.647	-63.611	15	6388
Milliken	CO	40.329	-104.855	9	6388
Camp Swift	TX	30.191	-97.292	5	6383
Bartonville	IL	40.650	-89.652	5	6382
Blue Grass	PA	40.066	-75.027	33	6382
Bridgeport	TX	33.210	-97.755	5	6381
Eudora	KS	38.943	-95.099	5	6378
Mattapoisett	MA	41.658	-70.816	33	6378
Saint-Honoré	QC	48.533	-71.082	45	6376
Salinas	PR	17.977	-66.298	39	6375
Wimauma	FL	27.713	-82.299	33	6373
Moraine	OH	39.706	-84.219	33	6373
Purcell	OK	35.014	-97.361	5	6370
Prairie View	TX	30.093	-95.988	5	6369
Fort Lincoln	DC	38.922	-76.956	33	6367
Cherry Valley	CA	33.973	-116.977	29	6362
Hampstead	MD	39.605	-76.850	33	6359
Bremen	GA	33.721	-85.145	33	6355
Beauceville	QC	46.218	-70.779	45	6354
Everman	TX	32.631	-97.289	5	6352
Bellwood	VA	37.422	-77.437	33	6352
Howland Center	OH	41.251	-80.745	33	6351
Woodfin	NC	35.633	-82.582	33	6349
Pelican Bay	FL	26.231	-81.806	33	6346
White Oak	TX	32.528	-94.861	5	6345
Walnut Hills	OH	39.127	-84.484	33	6344
Iowa Park	TX	33.951	-98.669	5	6344
Garrett	IN	41.349	-85.136	16	6344
Dunluce	AB	53.623	-113.527	11	6341
Eastwood	MI	42.303	-85.550	10	6340
Huntington Woods	MI	42.481	-83.167	10	6340
Morton	PA	40.042	-75.183	33	6338
Edinboro	PA	41.874	-80.132	33	6335
Metropolis	IL	37.151	-88.732	5	6334
Blakely	PA	41.481	-75.595	33	6334
Linglestown	PA	40.334	-76.789	33	6334
Pembroke Park	FL	25.988	-80.175	33	6333
Leesville	LA	31.144	-93.261	5	6333
Arlington Heights	PA	40.990	-75.216	33	6333
Kathleen	FL	28.121	-82.023	33	6332
Capitol Hill	BC	49.283	-122.983	46	6330
Sapperton	BC	49.226	-122.895	46	6327
Glenarden	MD	38.929	-76.862	33	6326
Clarkston Heights-Vineland	WA	46.387	-117.083	29	6326
Mount Pleasant	AB	51.073	-114.077	11	6325
Roseland	CA	38.422	-122.728	29	6325
Gulf Breeze	FL	30.357	-87.164	5	6323
Parry Sound	ON	45.347	-80.035	45	6321
Red Lion	PA	39.901	-76.606	33	6321
Canutillo	TX	31.911	-106.600	9	6321
Walker	LA	30.488	-90.861	5	6318
Mulvane	KS	37.474	-97.244	5	6314
Louisville	MS	33.124	-89.055	5	6314
Willis	TX	30.425	-95.480	5	6313
Johnsburg	IL	42.380	-88.242	5	6310
Selma	NC	35.537	-78.284	33	6307
Franklin	PA	41.398	-79.831	33	6302
Zuni Pueblo	NM	35.073	-108.851	9	6302
Agassiz	BC	49.233	-121.769	46	6300
Downtown Dartmouth	NS	44.667	-63.566	15	6300
Valley Falls	SC	35.016	-81.975	33	6299
Plain City	UT	41.298	-112.086	9	6299
Skowhegan	ME	44.765	-69.719	33	6297
Parkville	MO	39.195	-94.682	5	6296
Homeland Park	SC	34.471	-82.671	33	6296
Nutana	SK	52.119	-106.656	41	6294
Bee Cave	TX	30.309	-97.945	5	6292
Columbiana	OH	40.888	-80.694	33	6291
Rolesville	NC	35.923	-78.457	33	6289
Wendell	NC	35.781	-78.370	33	6285
Dighton	MA	41.814	-71.120	33	6283
Fairmount	MA	42.251	-71.115	33	6282
Marble Falls	TX	30.578	-98.275	5	6281
South Williamsport	PA	41.232	-76.999	33	6281
Carlstadt	NJ	40.840	-74.091	33	6279
Spreckelsville	HI	20.897	-156.415	49	6276
Back of the Hill	MA	42.329	-71.111	33	6272
Wainwright	AB	52.835	-110.853	11	6270
Knottsville	KY	37.772	-86.904	5	6270
Williams Lake	NS	44.618	-63.609	15	6268
Fowler	CA	36.631	-119.678	29	6266
Enoch	UT	37.773	-113.024	9	6265
Amqui	QC	48.464	-67.431	45	6261
Red Chute	LA	32.556	-93.613	5	6261
Clyde	OH	41.304	-82.975	33	6260
Estes Park	CO	40.377	-105.522	9	6257
Inglewood	AB	53.562	-113.536	11	6255
Shrewsbury	MO	38.590	-90.337	5	6254
Kodiak	AK	57.789	-152.405	0	6253
Bellefonte	PA	40.913	-77.778	33	6248
Sabana Seca	PR	18.427	-66.185	39	6247
Wilmore	KY	37.862	-84.662	33	6247
Merrimac	MA	42.831	-71.002	33	6245
Jackson	OH	39.052	-82.637	33	6243
Hammonds Plains	NS	44.734	-63.776	15	6242
Danville	AL	34.415	-87.088	5	6242
Ave Maria	FL	26.337	-81.438	33	6242
Ramtown	NJ	40.121	-74.144	33	6242
Crescent Heights	AB	51.063	-114.068	11	6240
Burnet	TX	30.758	-98.228	5	6239
Forest Hills	ON	43.428	-80.509	45	6238
Margate City	NJ	39.328	-74.503	33	6237
Ironwood	BC	49.126	-123.095	46	6236
East Aurora	NY	42.768	-78.613	33	6236
Dunlap	IN	41.638	-85.922	16	6235
Ben Lomond	CA	37.089	-122.086	29	6234
Eldridge	IA	41.658	-90.585	5	6232
Columbia	MS	31.252	-89.838	5	6229
Conley	GA	33.645	-84.326	33	6228
Cullowhee	NC	35.314	-83.177	33	6228
Chillicothe	IL	40.922	-89.486	5	6226
Kingston	NH	42.936	-71.053	33	6225
Harriman	TN	35.934	-84.552	33	6224
Mila Doce	TX	26.226	-97.959	5	6222
Harrisville	UT	41.281	-111.988	9	6221
Hobart	WA	47.422	-121.973	29	6221
Indian River Estates	FL	27.364	-80.310	33	6220
Aptos	CA	36.977	-121.899	29	6220
Otis Orchards-East Farms	WA	47.710	-117.080	29	6220
Pittville	PA	40.057	-75.145	33	6218
Salem	IN	38.606	-86.101	16	6217
Swarthmore	PA	39.902	-75.350	33	6211
Steilacoom	WA	47.170	-122.603	29	6211
Tarrant	AL	33.583	-86.773	5	6210
College Park	SK	52.121	-106.595	41	6208
East Garden City	NY	40.731	-73.598	33	6208
Pepper Pike	OH	41.478	-81.464	33	6204
New Dorp Beach	NY	40.565	-74.103	33	6201
Green Knoll	NJ	40.600	-74.612	33	6200
Orange City	IA	43.007	-96.058	5	6198
Old City	PA	39.947	-75.147	33	6197
Saint-Joseph-du-Lac	QC	45.533	-73.999	45	6195
Saint Johnsbury	VT	44.419	-72.015	33	6193
King Edward	MB	49.885	-97.213	48	6190
Lionville	PA	40.054	-75.660	33	6189
Raton	NM	36.903	-104.439	9	6187
Portland	IN	40.434	-84.978	16	6186
Satsuma	AL	30.853	-88.056	5	6182
Waltherson	MD	39.346	-76.563	33	6181
Marvin	NC	34.992	-80.815	33	6181
Keene	TX	32.397	-97.324	5	6181
Boonville	IN	38.049	-87.274	5	6180
Inniswold	LA	30.405	-91.083	5	6180
Goddard	MD	38.990	-76.853	33	6177
Plymouth Meeting	PA	40.102	-75.274	33	6177
Guadalupe	AZ	33.371	-111.963	38	6177
Saint Augustine Beach	FL	29.851	-81.265	33	6176
East Alton	IL	38.880	-90.111	5	6176
Princeton	KY	37.109	-87.882	5	6174
Killingworth	CT	41.358	-72.564	33	6174
Ambleside	AB	53.430	-113.599	11	6173
Braidwood	IL	41.265	-88.212	5	6172
Elm Grove	WI	43.043	-88.079	5	6172
Pigeon Forge	TN	35.788	-83.554	33	6171
Schuyler	NE	41.447	-97.059	5	6171
Cold Spring	KY	39.022	-84.440	33	6170
Ware	MA	42.260	-72.240	33	6170
Holly	MI	42.792	-83.628	10	6169
Kennett Square	PA	39.847	-75.712	33	6167
Northborough	MA	42.320	-71.641	33	6167
Puerto Real	PR	18.075	-67.187	39	6166
Grafton	OH	41.273	-82.055	33	6165
Jamul	CA	32.717	-116.876	29	6163
Sandtown-Winchester	MD	39.304	-76.643	33	6162
Beaurivage	NB	46.682	-64.960	32	6160
International Falls	MN	48.601	-93.411	5	6158
Oxford Heights	BC	49.281	-122.760	46	6156
Darlington	SC	34.300	-79.876	33	6155
Bella Vista	PA	39.935	-75.157	33	6154
Sky Lake	FL	28.457	-81.391	33	6153
Oelwein	IA	42.673	-91.913	5	6153
Pauls Valley	OK	34.740	-97.222	5	6152
Aztec	NM	36.822	-107.993	9	6147
Village of Oak Creek (Big Park)	AZ	34.781	-111.762	38	6147
Elsmere	DE	39.739	-75.598	33	6146
Miramar Beach	FL	30.374	-86.359	5	6146
Clair Hills	ON	43.456	-80.582	45	6145
District Heights	MD	38.858	-76.889	33	6144
East Pasadena	CA	34.138	-118.074	29	6144
Groveland	MA	42.760	-71.031	33	6143
Keolu Hills	HI	21.376	-157.725	49	6143
Hautes-Terres	NB	47.629	-65.093	32	6140
Lā‘ie	HI	21.645	-157.923	49	6138
Carolina Beach	NC	34.035	-77.894	33	6137
Bell Road (historical)	PA	39.907	-75.234	33	6137
Añasco	PR	18.283	-67.140	39	6136
Russell	ON	45.250	-75.366	45	6135
Lincroft	NJ	40.331	-74.121	33	6135
West Greenwich	RI	41.637	-71.660	33	6135
Rockford	MI	43.120	-85.560	10	6134
Lynchburg	TN	35.283	-86.374	5	6132
Larchmont	NY	40.928	-73.752	33	6132
Castleridge	AB	51.106	-113.956	11	6130
Theodore	AL	30.548	-88.175	5	6130
Hampshire	IL	42.098	-88.530	5	6130
Eldorado at Santa Fe	NM	35.526	-105.935	9	6130
Orlovista	FL	28.538	-81.460	33	6123
Kasson	MN	44.030	-92.751	5	6123
Brunswick	MD	39.314	-77.628	33	6116
Saint Martinville	LA	30.125	-91.833	5	6114
Ontario	OH	40.760	-82.590	33	6111
Enola	PA	40.290	-76.934	33	6111
Monroeville	AL	31.528	-87.325	5	6110
Stone Mountain	GA	33.808	-84.170	33	6109
Munford	TN	35.449	-89.815	5	6108
‘Ewa Villages	HI	21.341	-158.040	49	6108
Patterson	LA	29.693	-91.302	5	6106
Town Plat	NB	45.961	-66.650	32	6104
Oxford	MA	42.117	-71.865	33	6103
Twin Lakes	CO	39.825	-105.005	9	6101
Childress	TX	34.426	-100.204	5	6101
Fundy Albert	NB	45.803	-64.660	32	6100
Osprey	FL	27.196	-82.490	33	6100
Drayton Valley	AB	53.217	-114.985	11	6099
Ulysses	KS	37.581	-101.355	5	6097
Argyle Park	SK	50.490	-104.628	41	6095
Southwood	AB	50.956	-114.085	11	6095
Pimmit Hills	VA	38.913	-77.201	33	6094
Twin Lakes	WI	42.531	-88.248	5	6094
Sheridan	OR	45.099	-123.395	29	6094
Lucas Valley-Marinwood	CA	38.040	-122.576	29	6094
Monticello	KY	36.830	-84.849	28	6090
Littlefield	TX	33.917	-102.325	5	6090
Clarion	PA	41.215	-79.385	33	6089
Harvard	MA	42.500	-71.583	33	6085
Manistee	MI	44.244	-86.324	10	6084
Indiantown	FL	27.027	-80.486	33	6083
Latimer	MS	30.535	-88.867	5	6079
Truth or Consequences	NM	33.128	-107.253	9	6079
Chippawa	ON	43.057	-79.047	45	6077
Rushville	IN	39.609	-85.446	16	6077
Queen Village	PA	39.934	-75.149	33	6077
Jordan	MN	44.667	-93.627	5	6076
Gunnison	CO	38.546	-106.925	9	6076
De Soto	KS	38.979	-94.969	5	6074
Slaton	TX	33.437	-101.643	5	6072
Fruit Heights	UT	41.032	-111.902	9	6072
Pahokee	FL	26.820	-80.665	33	6071
Willows	CA	39.524	-122.194	29	6069
Blue Bell	PA	40.152	-75.266	33	6067
Joshua	TX	32.462	-97.388	5	6066
Rochester	IN	41.065	-86.216	16	6065
Willard	OH	41.053	-82.726	33	6063
Los Ranchos de Albuquerque	NM	35.162	-106.643	9	6063
Bangor Trident Base	WA	47.723	-122.714	29	6054
Avra Valley	AZ	32.438	-111.315	38	6050
Sylvester	GA	31.531	-83.837	33	6049
Rindge	NH	42.751	-72.010	33	6049
Mount Cashel	NL	47.589	-52.710	43	6047
Sunnyvale	TX	32.797	-96.561	5	6044
Hillandale	MD	39.026	-76.974	33	6043
Glenrosa	BC	49.850	-119.667	46	6039
Mount Healthy	OH	39.234	-84.546	33	6039
Sheridan	CO	39.647	-105.025	9	6039
East Falmouth	MA	41.578	-70.559	33	6038
Stewartville	MN	43.856	-92.489	5	6037
Las Flores	CA	34.037	-118.636	29	6037
Union Gap	WA	46.557	-120.475	29	6037
Bay Harbor Islands	FL	25.888	-80.131	33	6036
Huntingburg	IN	38.299	-86.955	22	6035
Princeton	WV	37.366	-81.103	33	6035
Somerset	PA	40.008	-79.078	33	6032
Cambria	CA	35.564	-121.081	29	6032
Berthoud	CO	40.308	-105.081	9	6031
Kingsland	TX	30.658	-98.441	5	6030
Clearfield	PA	41.027	-78.439	33	6030
Saint-Félix-de-Valois	QC	46.170	-73.425	45	6029
Fair Haven	NJ	40.361	-74.038	33	6029
Jamesburg	NJ	40.353	-74.440	33	6029
Independence	IA	42.469	-91.889	5	6028
West Concord	MA	42.458	-71.395	33	6028
Taylor	PA	41.395	-75.707	33	6025
Surfside	FL	25.878	-80.126	33	6024
Meridianville	AL	34.851	-86.572	5	6021
Stride Hill	BC	49.210	-122.964	46	6019
Yoakum	TX	29.288	-97.152	5	6016
Old Tappan	NJ	41.011	-73.991	33	6016
Lakemoor	IL	42.329	-88.199	5	6015
Waupaca	WI	44.358	-89.086	5	6014
Whitestown	IN	39.997	-86.346	16	6013
Bay Roberts	NL	47.600	-53.265	43	6012
West Yarmouth	MA	41.650	-70.241	33	6012
Finley	WA	46.154	-119.034	29	6012
Estherville	IA	43.402	-94.833	5	6011
Northville	MI	42.431	-83.483	10	6010
Lake Mohegan	NY	41.318	-73.846	33	6010
McKees Rocks	PA	40.466	-80.066	33	6010
West Haven	OR	45.518	-122.770	29	6009
Roanoke	AL	33.151	-85.372	5	6005
Stow	MA	42.437	-71.506	33	6005
Countryside	IL	41.783	-87.878	5	6002
Battlefield	MO	37.116	-93.370	5	6001
Beaver Bank	NS	44.825	-63.681	15	6000
Ganges	BC	48.853	-123.500	46	6000
Cedar Cove	BC	49.286	-123.061	46	6000
James Island	SC	32.724	-79.963	33	6000
Albion	NY	43.246	-78.194	33	5998
Ralston	NE	41.205	-96.043	5	5994
Walkersville	MD	39.486	-77.352	33	5993
Posen	IL	41.632	-87.681	5	5992
Hartford City	IN	40.451	-85.370	16	5992
Glastonbury	AB	53.503	-113.670	11	5991
Paulsboro	NJ	39.830	-75.240	33	5989
Maquoketa	IA	42.069	-90.666	5	5989
Dundonald	SK	52.148	-106.728	41	5988
Forest Heights	AB	51.049	-113.970	11	5985
Gun Barrel City	TX	32.335	-96.151	5	5985
Milan	MI	42.085	-83.682	10	5983
Spring Hill	KS	38.743	-94.826	5	5981
Glenham-Belhar	MD	39.350	-76.549	33	5981
Erwin	TN	36.145	-82.417	33	5979
Peoria Heights	IL	40.747	-89.574	5	5979
Cut Off	LA	29.543	-90.338	5	5976
Bonnyville	AB	54.267	-110.735	11	5975
Fort Meade	FL	27.752	-81.802	33	5975
Cherryville	NC	35.379	-81.379	33	5974
Medina	MN	45.035	-93.582	5	5973
Notre Dame	IN	41.700	-86.238	16	5973
Saint-Césaire	QC	45.409	-73.001	45	5972
Estancias de Florida	PR	18.367	-66.570	39	5972
North Manchester	IN	41.001	-85.769	16	5971
Kekaha-Waimea	HI	21.972	-159.693	49	5971
Homeland	CA	33.743	-117.109	29	5969
Gas City	IN	40.487	-85.613	16	5968
Naples Park	FL	26.262	-81.809	33	5967
Northern Liberties	PA	39.966	-75.146	33	5966
Belmont	VA	39.065	-77.510	33	5966
West Miami	FL	25.763	-80.296	33	5965
Villa Park	CA	33.814	-117.813	29	5964
South Valley Stream	NY	40.656	-73.718	33	5962
Forest Grove	SK	52.142	-106.591	41	5957
Marion	VA	36.835	-81.515	33	5957
Port Clinton	OH	41.512	-82.938	33	5957
Chickasaw	AL	30.764	-88.075	5	5954
Prospect Park	NJ	40.937	-74.174	33	5953
Alpine	TX	30.359	-103.662	5	5952
Silver Hill	MD	38.842	-76.946	33	5950
Du Quoin	IL	38.011	-89.236	5	5949
Roxboro	QC	45.508	-73.808	45	5948
Yaphank	NY	40.837	-72.917	33	5945
Pontotoc	MS	34.248	-88.999	5	5944
Wailea	HI	20.690	-156.442	49	5938
McMasterville	QC	45.550	-73.266	45	5936
Cedarbrae	AB	50.956	-114.130	11	5935
Douglas	NB	45.978	-66.731	32	5935
Wesley Hills	NY	41.159	-74.070	33	5935
Colusa	CA	39.214	-122.009	29	5935
Steelton	PA	40.235	-76.841	33	5932
Sweetwater	TN	35.601	-84.461	33	5931
Topsham	ME	43.928	-69.976	33	5931
Caruthersville	MO	36.193	-89.656	5	5930
Laveen	AZ	33.363	-112.169	38	5930
Hebron	KY	39.066	-84.701	33	5929
Glendale	MO	38.596	-90.377	5	5927
Rensselaer	IN	40.937	-87.151	5	5927
Mayland Heights	AB	51.061	-114.011	11	5925
Abbeydale	AB	51.059	-113.929	11	5925
Cocoa West	FL	28.359	-80.771	33	5925
Progreso	TX	26.092	-97.957	5	5922
Hilton	NY	43.288	-77.793	33	5921
East Port Orchard	WA	47.523	-122.624	29	5919
Walpole	MA	42.142	-71.249	33	5918
Woodcliff Lake	NJ	41.023	-74.067	33	5917
Watchung	NJ	40.638	-74.451	33	5916
Lymburn	AB	53.508	-113.642	11	5914
Little Silver	NJ	40.337	-74.047	33	5913
Roseburg North	OR	43.269	-123.351	29	5912
West Hattiesburg	MS	31.319	-89.375	5	5909
Yorktown	PA	39.973	-75.153	33	5909
Dunnville	ON	42.900	-79.616	45	5907
Ramblewood	NJ	39.929	-74.944	33	5907
New Whiteland	IN	39.558	-86.095	16	5906
Reservoir	MA	42.335	-71.148	33	5904
Bridgeport	ON	43.483	-80.483	45	5902
Kilbride	NL	47.506	-52.756	43	5901
Westmount	AB	53.555	-113.542	11	5900
Brookville	OH	39.837	-84.411	33	5900
James City	NC	35.089	-77.035	33	5899
Charles Town	WV	39.289	-77.860	33	5899
Attalla	AL	34.022	-86.089	5	5899
Norwood	PA	39.892	-75.300	33	5898
Carrizo Springs	TX	28.522	-99.861	5	5898
Heathrow	FL	28.763	-81.372	33	5896
Trenton	MO	40.079	-93.617	5	5896
Raleigh Hills	OR	45.481	-122.762	29	5896
Robertsdale	AL	30.554	-87.712	5	5894
Bellevue	KY	39.106	-84.479	33	5892
Central City	KY	37.294	-87.123	5	5892
Tanglewilde-Thompson Place	WA	47.051	-122.781	29	5892
Tanglewilde	WA	47.051	-122.782	29	5892
Harrah	OK	35.490	-97.164	5	5891
Laurel Bay	SC	32.450	-80.785	33	5891
New Brighton	PA	40.730	-80.310	33	5891
Bridgewater	VA	38.382	-78.977	33	5889
Vancleave	MS	30.540	-88.688	5	5886
Fulshear	TX	29.690	-95.900	5	5886
Garden City	BC	49.167	-123.122	46	5885
Lecanto	FL	28.852	-82.488	33	5882
Dickson City	PA	41.471	-75.608	33	5877
Roseland	NJ	40.821	-74.294	33	5876
Crafton	PA	40.435	-80.066	33	5876
South Patrick Shores	FL	28.202	-80.609	33	5875
Delano	MN	45.042	-93.789	5	5875
Lewistown	MT	47.062	-109.428	9	5874
Chesapeake Beach	MD	38.686	-76.535	33	5873
Wescosville	PA	40.567	-75.553	33	5872
Yarmouth	ME	43.801	-70.187	33	5869
Norwood	NJ	40.998	-73.962	33	5869
Prosser	WA	46.207	-119.769	29	5869
Flin Flon	MB	54.767	-101.874	48	5865
Zephyrhills West	FL	28.231	-82.206	33	5865
Richmond	MI	42.809	-82.756	10	5864
Mount Zion	IL	39.771	-88.874	5	5862
Portland	CT	41.573	-72.641	33	5862
Punxsutawney	PA	40.944	-78.971	33	5861
Lee Acres	NM	35.149	-106.647	9	5858
Candelaria Arenas	PR	18.417	-66.217	39	5854
Plumas Lake	CA	39.021	-121.558	29	5853
Dowagiac	MI	41.984	-86.109	10	5851
Orange Beach	AL	30.294	-87.574	5	5850
Shawmont	PA	40.053	-75.236	33	5850
Berkley	MA	41.846	-71.083	33	5849
Ottewell	AB	53.528	-113.430	11	5848
Kingston	TN	35.881	-84.509	33	5846
Junction City	OR	44.219	-123.206	29	5842
Woodland	WA	45.905	-122.744	29	5842
Country Homes	WA	47.748	-117.404	29	5841
Sioux Lookout	ON	50.099	-91.922	48	5839
Buckner	KY	38.384	-85.440	33	5837
Simsbury Center	CT	41.881	-72.811	33	5836
Plymouth	PA	41.240	-75.945	33	5832
High Springs	FL	29.827	-82.597	33	5831
Woodlands	AB	50.942	-114.108	11	5830
Sandown	NH	42.929	-71.187	33	5827
Medina	NY	43.220	-78.387	33	5827
Hellertown	PA	40.580	-75.341	33	5824
Byron Center	MI	42.812	-85.723	10	5822
Heathcote	NJ	40.389	-74.576	33	5821
Louiseville	QC	46.256	-72.941	45	5819
Bensley	VA	37.447	-77.443	33	5819
Greenville	PA	41.404	-80.391	33	5819
Branford Center	CT	41.277	-72.815	33	5819
Carterville	IL	37.760	-89.077	5	5818
Meraux	LA	29.930	-89.916	5	5816
Charleston	MO	36.921	-89.351	5	5815
Manasquan	NJ	40.126	-74.049	33	5815
Saint Helena	CA	38.505	-122.470	29	5814
Ada	OH	40.770	-83.823	33	5811
Lucerne Valley	CA	34.444	-116.968	29	5811
Warren	AR	33.613	-92.065	5	5804
Coco	PR	18.007	-66.259	39	5803
Punta Santiago	PR	18.166	-65.748	39	5803
Shady Side	MD	38.842	-76.512	33	5803
Volney	NY	43.343	-76.358	33	5801
Fruitridge Pocket	CA	38.533	-121.456	29	5800
The Village of Indian Hill	OH	39.179	-84.335	33	5798
Lake Mills	WI	43.081	-88.912	5	5798
Ranchettes	WY	41.219	-104.790	9	5798
Tierra Buena	CA	39.149	-121.667	29	5797
Sandstone Valley	AB	51.138	-114.094	11	5795
DeFuniak Springs	FL	30.721	-86.115	5	5795
Union	KY	38.946	-84.680	33	5795
Spring Ridge	MD	39.401	-77.352	33	5795
Windcrest	TX	29.516	-98.380	5	5794
Edna	TX	28.979	-96.646	5	5792
Belvedere	SC	33.531	-81.945	33	5792
Selinsgrove	PA	40.799	-76.862	33	5792
Tellico Village	TN	35.683	-84.255	33	5791
Locust Grove	GA	33.346	-84.109	33	5790
Boiling Spring Lakes	NC	34.030	-78.067	33	5789
Washingtonville	NY	41.428	-74.166	33	5788
Cheshire Village	CT	41.503	-72.900	33	5786
Hollidaysburg	PA	40.427	-78.389	33	5784
Fort Wright	KY	39.052	-84.534	33	5781
Melfort	SK	52.867	-104.618	41	5778
Cheraw	SC	34.698	-79.883	33	5778
Chadron	NE	42.829	-103.000	9	5775
Lewisburg	PA	40.965	-76.884	33	5774
McCordsville	IN	39.908	-85.923	16	5773
Belding	MI	43.098	-85.229	10	5769
Henryetta	OK	35.440	-95.982	5	5765
Luling	TX	29.681	-97.647	5	5764
Milton Center	MA	42.254	-71.080	33	5763
Vine Grove	KY	37.810	-85.981	33	5760
Prairie du Chien	WI	43.052	-91.141	5	5757
Malone	NY	44.849	-74.295	33	5756
Gustine	CA	37.258	-120.999	29	5756
Jamestown	RI	41.497	-71.367	33	5755
Norway House	MB	53.982	-97.833	48	5753
Sandersville	GA	32.982	-82.810	33	5752
Moosic	PA	41.353	-75.738	33	5751
Holdenville	OK	35.080	-96.399	5	5750
Bay Harbor	MI	45.364	-85.082	10	5749
Elburn	IL	41.892	-88.472	5	5748
Southold	NY	41.065	-72.426	33	5748
Lac-Mégantic	QC	45.583	-70.882	45	5747
Granville	OH	40.068	-82.520	33	5747
Sutherland	SK	52.139	-106.604	41	5746
Centerville	IA	42.093	-93.936	5	5745
Kuli‘ou‘ou	HI	21.288	-157.739	49	5745
Clover	SC	35.111	-81.226	33	5744
Trooper	PA	40.150	-75.402	33	5744
South Oroville	CA	39.481	-121.536	29	5742
Solvang	CA	34.596	-120.138	29	5741
McRae	GA	32.068	-82.901	33	5740
Taos	NM	36.407	-105.573	9	5740
Oceanport	NJ	40.318	-74.015	33	5739
Beardstown	IL	40.018	-90.424	5	5738
Groveport	OH	39.878	-82.884	33	5737
Grayson Valley	AL	33.648	-86.639	5	5736
Sinton	TX	28.037	-97.509	5	5736
Augusta	WV	39.295	-78.638	33	5734
Citra	FL	29.412	-82.110	33	5732
Loudon	TN	35.733	-84.334	33	5731
St. Paul	AB	53.983	-111.285	11	5728
South Apopka	FL	28.662	-81.510	33	5728
Mount Carmel	PA	40.797	-76.412	33	5728
Center	TX	31.511	-96.425	5	5727
Hutchins	TX	32.649	-96.713	5	5727
Hillsboro	IL	39.161	-89.495	5	5726
Grand Lake	NB	46.113	-65.957	32	5725
White Rock	NM	35.828	-106.204	9	5725
Gulf Park Estates	MS	30.392	-88.761	5	5719
Petoskey	MI	45.373	-84.955	10	5719
Cumming	GA	34.207	-84.140	33	5718
Palmview	TX	26.233	-98.371	5	5715
South Tucson	AZ	32.200	-110.968	38	5715
Belmar	NJ	40.178	-74.022	33	5712
Spring Grove	IL	42.444	-88.236	5	5711
Vegreville	AB	53.500	-112.052	11	5708
Rupert	ID	42.619	-113.677	3	5705
Waynesboro	GA	33.090	-82.016	33	5704
Sharon Hill	PA	39.907	-75.272	33	5702
Braeside	AB	50.954	-114.105	11	5700
Rosedale	BC	49.183	-121.800	46	5700
Spencer	MA	42.244	-71.992	33	5700
Kilkenny	AB	53.608	-113.453	11	5699
North Sydney	NS	46.208	-60.255	13	5699
Ocean Shores	WA	46.974	-124.156	29	5699
Penn Wynne	PA	39.986	-75.275	33	5697
Belle Fourche	SD	44.671	-103.852	9	5696
Forest	MS	32.365	-89.474	5	5695
Willow Springs	IL	41.741	-87.860	5	5695
Ct 0013	QC	45.569	-73.544	45	5694
Wilmington	IL	41.308	-88.147	5	5694
Princeville	QC	46.172	-71.875	45	5693
Bright	IN	39.218	-84.856	33	5693
New Carlisle	OH	39.936	-84.025	33	5693
Quilchena	BC	49.243	-123.151	46	5692
Lindale	TX	32.516	-95.409	5	5692
Blauvelt	NY	41.063	-73.958	33	5689
South Gate Ridge	FL	27.286	-82.497	33	5688
Corunna	ON	42.883	-82.433	45	5686
Kingston Estates	NJ	39.924	-74.988	33	5685
Tenleytown	DC	38.950	-77.086	33	5684
Moores Mill	AL	34.844	-86.518	5	5682
Barnhart	MO	38.344	-90.393	5	5682
Deer Park	OH	39.205	-84.395	33	5682
Marlin	TX	31.306	-96.898	5	5682
West Modesto	CA	37.618	-121.039	29	5682
Nazareth	PA	40.740	-75.310	33	5681
Lebanon	KY	37.570	-85.253	33	5680
Oreland	PA	40.118	-75.178	33	5678
Edgemoor	DE	39.750	-75.500	33	5677
Hopkinton	NH	43.191	-71.675	33	5676
Corona de Tucson	AZ	31.965	-110.776	38	5675
Lake Bluff	IL	42.279	-87.834	5	5674
La Ronge	SK	55.100	-105.284	41	5671
Wailea-Makena	HI	20.663	-156.427	49	5671
Nicolet	QC	46.231	-72.613	45	5669
Douglass Hills	KY	38.238	-85.553	27	5669
West Rancho Dominguez	CA	33.894	-118.271	29	5669
Second Street	BC	49.224	-122.922	46	5666
Snowflake	AZ	34.513	-110.078	38	5666
Fountainhead-Orchard Hills	MD	39.686	-77.719	33	5666
Carlinville	IL	39.280	-89.882	5	5665
Briar	TX	32.995	-97.543	5	5665
Ingenio	PR	18.442	-66.226	39	5664
Westville	IN	41.541	-86.901	5	5662
Richland	NY	43.570	-76.048	33	5661
Barberton	WA	45.693	-122.599	29	5661
Sherwood-McCarthy	SK	50.492	-104.681	41	5660
Booth	MB	49.885	-97.270	48	5660
Covington	VA	37.793	-79.994	33	5658
Sharon	MA	42.124	-71.179	33	5658
Buckhannon	WV	38.994	-80.232	33	5657
Gardnerville	NV	38.941	-119.750	29	5656
Ct 0007	QC	45.595	-73.529	45	5655
Mena	AR	34.586	-94.240	5	5653
Morristown	VT	44.557	-72.624	33	5653
Florida	PR	18.362	-66.561	39	5652
Pevely	MO	38.283	-90.395	5	5652
Rib Mountain	WI	44.913	-89.675	5	5651
Hingham	MA	42.242	-70.890	33	5650
Monaca	PA	40.687	-80.271	33	5649
Highland	NY	41.721	-73.960	33	5647
Evansdale	AB	53.610	-113.481	11	5645
Vinita	OK	36.639	-95.154	5	5643
Ashburnham	MA	42.636	-71.908	33	5643
Lakeview	AB	50.997	-114.120	11	5640
Coldstream Homestead Montebello	MD	39.323	-76.595	33	5638
Pontoon Beach	IL	38.732	-90.080	5	5637
Bath	NY	42.337	-77.318	33	5635
Petrolia	ON	42.882	-82.152	45	5632
Lac-Brome	QC	45.217	-72.516	45	5629
Tequesta	FL	26.959	-80.088	33	5629
Ashton-Sandy Spring	MD	39.150	-77.005	33	5628
Timberlea	NS	44.662	-63.746	15	5627
Île-de-Lamèque	NB	47.847	-64.596	32	5627
Indian Hills	NV	39.086	-119.784	29	5627
Zeeland	MI	42.813	-86.019	10	5626
Foxborough	MA	42.065	-71.248	33	5625
Lakeview	NY	42.432	-75.865	33	5625
Pawcatuck	CT	41.377	-71.834	33	5624
Silver Lakes	CA	34.746	-117.341	29	5623
Hatillo	PR	18.486	-66.825	39	5622
Oakridge	AB	50.968	-114.129	11	5620
Quebradillas	PR	18.474	-66.939	39	5620
MacEwan	AB	53.428	-113.527	11	5618
Marlow Heights	MD	38.833	-76.952	33	5618
Long Beach	NC	33.910	-78.118	33	5618
Rusk	TX	31.796	-95.150	5	5618
Sterling	AK	60.537	-150.765	0	5617
Big Stone Gap	VA	36.882	-82.747	33	5614
Potomac Mills	VA	38.646	-77.294	33	5614
Snyderville	UT	40.694	-111.544	9	5612
Loch Raven	MD	39.361	-76.582	33	5611
Coral Springs	AB	51.101	-113.931	11	5610
Rosemount	ON	43.457	-80.464	45	5610
Bellaire	NY	40.714	-73.754	33	5610
Dresher	PA	40.141	-75.167	33	5610
Rockdale	TX	30.655	-97.001	5	5609
Lively	ON	46.433	-81.150	45	5608
Okeechobee	FL	27.244	-80.830	33	5608
Pana	IL	39.389	-89.080	5	5607
Atlanta	TX	33.114	-94.164	5	5605
Sainte-Anne-des-Monts	QC	49.124	-66.492	45	5602
Keyes	CA	37.557	-120.915	29	5601
Chartersville	NB	46.085	-64.733	32	5600
Marieville	QC	45.433	-73.166	45	5600
Finderne	NJ	40.563	-74.578	33	5600
Silver Lake	NC	34.149	-77.914	33	5598
Gardiner	ME	44.230	-69.775	33	5597
Exeter	PA	41.321	-75.819	33	5596
Richmond	MO	39.279	-93.977	5	5595
Union Beach	NJ	40.447	-74.178	33	5595
Charlemagne	QC	45.717	-73.482	45	5594
Pelham Manor	NY	40.895	-73.807	33	5594
Milton	WI	42.776	-88.944	5	5593
West Hills	NY	40.816	-73.432	33	5592
Kensington	PA	39.986	-75.132	33	5590
Breckenridge	TX	32.756	-98.902	5	5590
Coraopolis	PA	40.518	-80.167	33	5590
Whiteville	NC	34.339	-78.703	33	5589
Woods Creek	WA	47.879	-121.898	29	5589
Salamanca	NY	42.158	-78.715	33	5586
Gray	LA	29.698	-90.786	5	5584
Wadesboro	NC	34.968	-80.077	33	5584
Creston	BC	49.100	-116.502	6	5583
West Samoset	FL	27.469	-82.557	33	5583
Callingwood South	AB	53.500	-113.625	11	5581
Convoy Place	NS	44.668	-63.614	15	5581
Redcliff	AB	50.083	-110.785	11	5581
Three Points	AZ	32.077	-111.314	38	5581
Hidden Valley Lake	CA	38.808	-122.558	29	5579
Ala Moana	HI	21.292	-157.843	49	5579
Combee Settlement	FL	28.058	-81.905	33	5577
Alma	AR	35.478	-94.222	5	5575
Weldon Spring	MO	38.713	-90.689	5	5575
Palmview South	TX	26.216	-98.379	5	5575
Paoli	PA	40.042	-75.476	33	5575
Perth	ON	44.900	-76.249	45	5573
Jan-Phyl Village	FL	28.015	-81.772	33	5573
Princeville	NS	45.767	-61.299	15	5571
Falcon Heights	MN	44.992	-93.166	5	5571
Greenwood	MO	38.852	-94.344	5	5569
Wayne	NE	42.231	-97.018	5	5569
Bearspaw	AB	51.133	-114.302	11	5567
Swartz Creek	MI	42.957	-83.831	10	5567
Greenacres	CA	35.383	-119.110	29	5566
Crozet	VA	38.070	-78.701	33	5565
Newberry	FL	29.646	-82.606	33	5564
Naples Manor	FL	26.089	-81.726	33	5562
Fussels Corner	FL	28.054	-81.861	33	5561
Holdrege	NE	40.440	-99.370	5	5561
Woodside	CA	37.430	-122.254	29	5561
Idlewood	ON	43.450	-80.428	45	5560
Nephi	UT	39.710	-111.836	9	5560
Lake Fenton	MI	42.846	-83.708	10	5559
Shippensburg	PA	40.051	-77.520	33	5559
Osoyoos	BC	49.033	-119.452	46	5556
Kenosha Streetcar	WI	42.587	-87.810	5	5555
Woodstock	NB	46.158	-67.584	32	5553
Ellerslie	AB	53.429	-113.456	11	5552
Corcoran	MN	45.095	-93.547	5	5552
Wappingers Falls	NY	41.596	-73.911	33	5552
Gateway	AK	61.573	-149.241	0	5552
Ocean City	FL	30.441	-86.614	5	5550
Vieux-Montréal	QC	45.506	-73.542	45	5549
Brady	TX	31.135	-99.335	5	5549
Helena	AR	34.530	-90.592	5	5548
Bessemer City	NC	35.285	-81.284	33	5548
Eastham	MA	41.830	-69.974	33	5548
Nurillo	TX	26.267	-98.121	5	5547
Kensington	SK	52.134	-106.760	41	5545
Marbletown	NY	41.883	-74.113	33	5544
Willowdale	NS	44.651	-63.478	15	5543
Fairhaven	SK	52.121	-106.728	41	5542
Alton North (historical)	TX	26.295	-98.304	5	5541
Grissom Air Force Base	IN	40.658	-86.148	16	5537
Heron Bay	NB	48.022	-66.396	32	5536
Duquesne	PA	40.381	-79.860	33	5535
Webster	NY	43.212	-77.430	33	5534
Marksville	LA	31.128	-92.066	5	5533
Litchfield Park	AZ	33.493	-112.358	38	5533
Morris Plains	NJ	40.822	-74.481	33	5532
Edgerton	WI	42.835	-89.068	5	5532
Waipi‘o Acres	HI	21.465	-158.013	49	5531
Paola	KS	38.572	-94.879	5	5527
Jeanerette	LA	29.911	-91.663	5	5527
Old Bethpage	NY	40.763	-73.453	33	5523
West Loch Estates	HI	21.372	-158.024	49	5523
Lake Forest	FL	25.978	-80.183	33	5522
Glencoe	MN	44.769	-94.152	5	5521
Hamlin	NY	43.303	-77.921	33	5521
Minot Air Force Base	ND	48.421	-101.339	5	5521
Montcalm	MB	49.812	-97.153	48	5520
Rochelle Park	NJ	40.907	-74.075	33	5518
Durham	CA	39.646	-121.800	29	5518
Downtown Charlottetown	PE	46.233	-63.127	15	5517
Hightstown	NJ	40.270	-74.523	33	5517
Anthony	TX	31.999	-106.606	9	5517
West Side Highway	WA	46.184	-122.917	29	5517
Adams	MA	42.624	-73.118	33	5515
Fairview	NY	41.724	-73.920	33	5515
Mayflower Village	CA	34.115	-118.010	29	5515
Homer	AK	59.642	-151.549	0	5515
Crystal Lake	FL	28.036	-81.908	33	5514
Fellsmere	FL	27.768	-80.601	33	5514
Waterville	OH	41.501	-83.718	33	5514
The Pas	MB	53.822	-101.245	48	5513
Century City	CA	34.056	-118.418	29	5513
West Bountiful	UT	40.894	-111.902	9	5511
Monticello	IL	40.028	-88.573	5	5509
Williamston	NC	35.855	-77.056	33	5508
Centerport	NY	40.885	-73.376	33	5508
Harris Hill	NY	42.965	-78.678	33	5508
Hamilton	BC	49.174	-122.974	46	5505
Richlands	VA	37.093	-81.794	33	5504
Germantown	OH	39.626	-84.369	33	5503
Highway 11	BC	49.036	-122.284	46	5500
Pass Christian	MS	30.316	-89.248	5	5498
Wyndmoor	PA	40.081	-75.189	33	5498
Harrisburg	SD	43.431	-96.697	5	5498
Mount Vernon	MD	39.298	-76.616	33	5497
Emporia	VA	36.686	-77.542	33	5496
Lyndon	VT	44.514	-72.011	33	5496
Stettler	AB	52.317	-112.719	11	5494
Wellston	OH	39.123	-82.533	33	5494
Elverta	CA	38.714	-121.463	29	5492
Glendive	MT	47.105	-104.712	9	5490
Coal City	IL	41.288	-88.286	5	5489
Rancho Murieta	CA	38.502	-121.095	29	5488
Fort Myers Shores	FL	26.709	-81.746	33	5487
Canal Fulton	OH	40.890	-81.598	33	5487
‘Aiea Heights	HI	21.391	-157.921	49	5487
Chester	SC	34.705	-81.214	33	5486
Saint Clair	MI	42.821	-82.486	10	5485
Northfield	IL	42.100	-87.781	5	5484
Lake Murray of Richland	SC	34.120	-81.264	33	5484
Southampton	MA	42.229	-72.730	33	5481
Robbins	IL	41.644	-87.704	5	5480
College Heights	ON	48.441	-89.235	45	5476
Hillhurst	AB	51.054	-114.094	11	5475
Lake Alfred	FL	28.092	-81.723	33	5475
VA Boston Healthcare System, Brockton Campus	MA	42.366	-71.059	33	5474
Mascotte	FL	28.578	-81.887	33	5473
Red Oak	IA	41.010	-95.226	5	5472
Hawkinsville	GA	32.284	-83.472	33	5471
Wake Village	TX	33.427	-94.106	5	5471
Saanich Core	BC	48.455	-123.375	46	5470
Iola	KS	37.924	-95.400	5	5470
Algona	IA	43.070	-94.233	5	5470
Turner	ME	44.256	-70.256	33	5470
Anamosa	IA	42.108	-91.285	5	5469
Northwood	OH	40.473	-83.732	33	5469
Cumberland	IN	39.776	-85.957	16	5467
El Granada	CA	37.503	-122.469	29	5467
Salida	CO	38.535	-105.999	9	5467
Isanti	MN	45.490	-93.248	5	5464
Vail	CO	39.640	-106.374	9	5461
Nashville	NC	35.975	-77.966	33	5460
Somerdale	NJ	39.844	-75.023	33	5460
Cameron	TX	30.853	-96.977	5	5460
Brush	CO	40.259	-103.624	9	5459
Gananoque	ON	44.333	-76.166	45	5458
Chamberlayne	VA	37.627	-77.429	33	5456
Comstock Northwest	MI	42.322	-85.518	10	5455
Willard	MO	37.305	-93.429	5	5454
La Habra Heights	CA	33.961	-117.951	29	5454
Saint-Roch-de-l'Achigan	QC	45.859	-73.590	45	5453
Waimanalo	HI	21.346	-157.724	49	5451
Terra Nova	BC	49.170	-123.189	46	5447
Lebanon	ME	43.395	-70.851	33	5446
Fort Washington	PA	40.142	-75.209	33	5446
Los Chavez	NM	34.726	-106.757	9	5446
Connell	WA	46.663	-118.861	29	5446
North Hills	NY	40.781	-73.677	33	5444
Stroudsburg	PA	40.987	-75.195	33	5444
Batesburg-Leesville	SC	33.910	-81.537	33	5441
Saint-Pie	QC	45.503	-72.909	45	5438
Williamson	AZ	34.690	-112.541	38	5438
Patterson Park Neighborhood	MD	39.293	-76.575	33	5438
Academy Garden	PA	40.062	-74.996	33	5437
Macon	MO	39.742	-92.473	5	5436
Butternut Valley	NB	45.833	-65.535	32	5435
Brewton	AL	31.105	-87.072	5	5434
Dayton	KY	39.113	-84.473	33	5433
Parkridge	SK	52.124	-106.751	41	5430
Viscount Alexander Park	ON	45.453	-75.631	45	5430
New Holland	PA	40.102	-76.085	33	5430
Glasgow Village	MO	38.754	-90.198	5	5429
Mount Carmel	TN	36.545	-82.661	33	5425
Rockwood	TN	35.866	-84.685	5	5425
Sayre	PA	41.979	-76.516	33	5424
Berlin	WI	43.968	-88.943	5	5420
Clarinda	IA	40.740	-95.038	5	5418
South Hooksett	NH	43.026	-71.435	33	5418
Colby	KS	39.396	-101.052	5	5417
Manchester	WA	47.556	-122.545	29	5413
Paxtonia	PA	40.317	-76.794	33	5412
Sherwood Manor	CT	42.013	-72.564	33	5410
Windsor	QC	45.567	-71.999	45	5408
Manchester	MD	39.661	-76.885	33	5408
White City	UT	40.566	-111.864	9	5407
Winfield	IN	41.405	-87.275	5	5406
Silver Heights	MB	49.881	-97.251	48	5405
Uhrichsville	OH	40.393	-81.347	33	5404
Englewood Cliffs	NJ	40.885	-73.952	33	5403
Basehor	KS	39.142	-94.939	5	5402
Brownsfield	LA	30.547	-91.121	5	5401
Diboll	TX	31.187	-94.781	5	5400
Eastwick	PA	39.890	-75.242	33	5398
Chisasibi	QC	53.783	-78.900	45	5397
Starke	FL	29.944	-82.110	33	5397
Aberdeen	MS	33.825	-88.544	5	5397
Goshen	NY	41.402	-74.324	33	5397
Strawberry	CA	37.897	-122.509	29	5393
Winston	OR	43.122	-123.413	29	5393
Progress Village	FL	27.900	-82.365	33	5392
Cochrane	ON	49.067	-81.033	45	5390
Lochbuie	CO	40.007	-104.716	9	5390
North End	NB	45.270	-66.081	32	5389
New Gloucester	ME	43.963	-70.283	33	5389
Islip Terrace	NY	40.743	-73.193	33	5389
Titusville	PA	41.627	-79.674	33	5389
Bowling Green	MO	39.342	-91.195	5	5388
Hidden Valley	IN	39.162	-84.843	33	5387
Terryville	CT	41.678	-73.011	33	5387
Huntertown	IN	41.228	-85.172	16	5387
Timber Pines	FL	28.470	-82.603	33	5386
Pinckneyville	IL	38.080	-89.382	5	5385
Oxford	PA	39.785	-75.979	33	5385
Ayr	ON	43.283	-80.450	45	5383
Fox Chapel	PA	40.513	-79.880	33	5383
New Castle	DE	39.659	-75.564	33	5382
Palermo	CA	39.435	-121.538	29	5382
Suncook	NH	43.131	-71.453	33	5379
Mendon	MA	42.106	-71.552	33	5378
Eureka	IL	40.721	-89.273	5	5377
Perezville	TX	26.225	-98.401	5	5376
Ballston Spa	NY	43.001	-73.849	33	5375
Waynesville	MO	37.829	-92.201	5	5374
Summit	AZ	32.067	-110.951	38	5372
Worland	WY	44.017	-107.955	9	5372
Berryville	AR	36.365	-93.568	5	5371
Lyndhurst	BC	49.265	-122.899	46	5370
Greenwood	NS	44.974	-64.932	15	5369
Rabbittown	NL	47.568	-52.723	43	5368
Manchester-by-the-Sea	MA	42.578	-70.769	33	5366
Valley Ridge	AB	51.097	-114.257	11	5365
Stapleton	NY	40.626	-74.078	33	5365
Old Fig Garden	CA	36.799	-119.805	29	5365
Waldon	CA	37.926	-122.056	29	5364
Contra Costa Centre	CA	37.928	-122.058	29	5364
Media	PA	39.917	-75.388	33	5363
Wilton	CA	38.412	-121.272	29	5363
Dowsett Highlands	HI	21.337	-157.834	49	5360
Waterford	WI	42.763	-88.214	5	5358
Ripley	MS	34.730	-88.951	5	5357
Tyrone	PA	40.671	-78.239	33	5353
Highwood	IL	42.200	-87.809	5	5352
Morris	MN	45.586	-95.914	5	5352
Smithers	BC	54.780	-127.174	46	5351
Fairport	NY	43.099	-77.442	33	5351
Dundarave	BC	49.336	-123.188	46	5350
Zimmerman	MN	45.443	-93.590	5	5350
Post	TX	33.191	-101.379	5	5349
Lang's Farm	ON	43.398	-80.336	45	5347
Cookshire-Eaton	QC	45.417	-71.632	45	5344
Delhi	ON	42.850	-80.500	45	5344
Wind Lake	WI	42.829	-88.159	5	5342
Hazard	KY	37.250	-83.193	33	5341
Cave Creek	AZ	33.833	-111.951	38	5341
Southlands	NL	47.493	-52.824	43	5340
Stokesdale	NC	36.237	-79.979	33	5340
Cape May Court House	NJ	39.083	-74.824	33	5338
Nassau Village-Ratliff	FL	30.511	-81.809	33	5337
Manitou Springs	CO	38.860	-104.917	9	5334
Watertown Square	MA	42.365	-71.185	33	5331
Dacula	GA	33.989	-83.898	33	5330
Calistoga	CA	38.579	-122.580	29	5330
Rothschild	WI	44.887	-89.620	5	5329
Byron	MN	44.033	-92.645	5	5328
Hildegarde	NB	46.123	-64.854	32	5327
Armstrong	BC	50.450	-119.202	46	5323
Pumphrey	MD	39.217	-76.637	33	5322
Monticello	IN	40.745	-86.765	16	5322
Yarmouth Port	MA	41.702	-70.249	33	5320
Deer Lake	NL	49.167	-57.432	43	5319
Savin Hill	MA	42.313	-71.058	33	5318
Weiser	ID	44.251	-116.969	3	5317
Adel	GA	31.137	-83.424	33	5316
Ormsby Place	AB	53.499	-113.642	11	5314
Spring Valley	IL	41.328	-89.200	5	5314
Poland	ME	44.061	-70.394	33	5314
Lehighton	PA	40.834	-75.714	33	5314
Eucalyptus Hills	CA	32.880	-116.947	29	5313
South Gastonia	NC	35.219	-81.206	33	5312
New Hempstead	NY	41.150	-74.034	33	5312
Mount Royal	SK	52.136	-106.701	41	5305
Palmerton	PA	40.801	-75.612	33	5305
Cross Country	MD	39.366	-76.698	33	5305
Aldergrove	AB	53.517	-113.641	11	5304
Donovans	NL	47.522	-52.836	43	5302
Edgewater	CO	39.753	-105.064	9	5302
Hardeeville	SC	32.287	-81.081	33	5301
Smiths Station	AL	32.540	-85.099	27	5300
Mount Arlington	NJ	40.926	-74.635	33	5300
Carpenter	PA	40.052	-75.200	33	5300
East Kapolei	HI	21.359	-158.051	49	5299
Sussex	NB	45.723	-65.507	32	5298
Briarwood	SK	52.111	-106.559	41	5297
Newmarket	NH	43.083	-70.935	33	5297
Greenbrier	AR	35.234	-92.388	5	5296
McKenzie	TN	36.133	-88.519	5	5296
Silver Springs	NV	39.415	-119.225	29	5296
Bridgwater Forest	MB	49.805	-97.183	48	5295
Pecan Plantation	TX	32.360	-97.676	5	5294
Williamsburg	KY	36.743	-84.160	33	5293
Hartsdale	NY	41.019	-73.798	33	5293
Jonesborough	TN	36.294	-82.473	33	5291
Asbury	IA	42.514	-90.752	5	5291
Jubilee	BC	48.430	-123.328	46	5290
Indian Wells	CA	33.718	-116.343	29	5289
Cahaba Heights	AL	33.464	-86.732	5	5287
Terrell Hills	TX	29.475	-98.451	5	5287
Collegeville	PA	40.186	-75.452	33	5287
Boulevard Park	WA	47.513	-122.317	29	5287
Lawson Heights	SK	52.171	-106.620	41	5285
Eastman	GA	32.198	-83.178	33	5285
Linton	IN	39.035	-87.166	16	5284
New Ipswich	NH	42.748	-71.854	33	5283
South Haven	IN	41.542	-87.137	5	5282
Warrenton	OR	46.165	-123.924	29	5282
Harvest	AL	34.856	-86.751	5	5281
Harpswell Center	ME	43.802	-69.984	33	5281
Bliss Corner	MA	41.612	-70.938	33	5280
Bluefield	VA	37.253	-81.271	33	5279
Saint Paul Park	MN	44.842	-92.991	5	5279
Walterboro	SC	32.905	-80.667	33	5278
Bellevue	MA	42.288	-71.145	33	5277
Rye	NH	43.013	-70.771	33	5277
Big Flats	NY	42.137	-76.937	33	5277
Zephyrhills South	FL	28.215	-82.189	33	5276
Saranac Lake	NY	44.330	-74.131	33	5274
Creve Coeur	IL	40.647	-89.591	5	5272
Turtle Creek	PA	40.406	-79.825	33	5272
Uplands	SK	50.493	-104.606	41	5270
Baturyn	AB	53.633	-113.501	11	5267
Southdale	ON	43.434	-80.491	45	5267
Meadow Lake	SK	54.133	-108.435	41	5266
Schlusser	PA	40.242	-77.177	33	5265
Shillington	PA	40.308	-75.965	33	5265
Ivy City	DC	38.911	-76.985	33	5264
Reservoir Hill	MD	39.314	-76.633	33	5263
Hampden	MA	42.064	-72.413	33	5261
West Clarkston-Highland	WA	46.403	-117.064	29	5261
Delhi Hills	OH	39.093	-84.613	33	5259
Carlisle	OH	39.582	-84.320	33	5259
Lajas	PR	18.050	-67.059	39	5255
Fairfield	IL	42.219	-88.061	5	5255
Williamsville	NY	42.964	-78.738	33	5254
Palm Springs North	FL	25.935	-80.334	33	5253
Glenwood	IA	41.047	-95.743	5	5253
Richmond	AB	51.031	-114.114	11	5250
Fernie	BC	49.500	-115.069	11	5249
East Moriches	NY	40.805	-72.761	33	5249
Tonganoxie	KS	39.110	-95.088	5	5248
Woodstock	VA	38.882	-78.506	33	5248
Keyser	WV	39.441	-78.974	33	5248
Folkston	GA	30.831	-82.011	33	5247
Grove Hall	MA	42.311	-71.075	33	5245
Scituate	MA	42.196	-70.726	33	5245
Forked River	NJ	39.840	-74.190	33	5244
Dove Valley	CO	39.578	-104.829	9	5243
Pea Ridge	AR	36.454	-94.115	5	5242
De Witt	IA	41.823	-90.538	5	5242
Chester	NH	42.957	-71.257	33	5236
Moab	UT	38.573	-109.550	9	5235
Sunset Beach-Pūpūkea	HI	21.662	-158.054	49	5235
Tracyton	WA	47.609	-122.655	29	5233
Grosse Pointe	MI	42.386	-82.912	10	5232
Paulden	AZ	34.886	-112.468	38	5231
Schuylkill Haven	PA	40.631	-76.171	33	5228
Evansville	WI	42.780	-89.299	5	5228
Arbor Creek	SK	52.132	-106.572	41	5226
Fundy-St. Martins	NB	45.408	-65.439	32	5225
Eaton Rapids	MI	42.509	-84.656	10	5225
Hugo	OK	34.011	-95.510	5	5224
Midfield	AL	33.462	-86.909	5	5222
River Park	FL	27.314	-80.347	33	5222
Grand Falls	NB	47.046	-67.742	32	5220
Crossett	AR	33.128	-91.961	5	5220
Hoopeston	IL	40.467	-87.668	5	5220
Pine Island Ridge	FL	26.095	-80.274	33	5218
Concordia	KS	39.571	-97.663	5	5218
New Martinsville	WV	39.645	-80.858	33	5218
Floral City	FL	28.750	-82.297	33	5217
Dumfries	VA	38.568	-77.328	33	5217
Montevideo	MN	44.948	-95.717	5	5217
Fruitland	MD	38.322	-75.620	33	5215
Kennebunk	ME	43.384	-70.545	33	5214
Guayanilla	PR	18.019	-66.792	39	5213
Lone Grove	OK	34.175	-97.263	5	5213
Marion	MA	41.700	-70.763	33	5213
Big Bear Lake	CA	34.244	-116.911	29	5213
Preston	ID	42.096	-111.877	3	5212
Val-David	QC	46.033	-74.216	45	5209
Oak Park	IN	38.306	-85.696	27	5209
Grambling	LA	32.528	-92.714	5	5209
Richelieu	QC	45.443	-73.246	45	5208
Slinger	WI	43.334	-88.286	5	5208
Bisbee	AZ	31.448	-109.928	38	5208
Chelsea	MI	42.318	-84.022	10	5205
Marystown	NL	47.167	-55.148	43	5204
Berkeley	IL	41.889	-87.903	5	5203
Bangor	PA	40.866	-75.207	33	5203
Grandwood Park	IL	42.393	-87.987	5	5202
Saranap	CA	37.885	-122.076	29	5202
Clayton Park	NS	44.660	-63.647	15	5201
Poolesville	MD	39.146	-77.417	33	5201
Hutchinson Island South	FL	27.299	-80.220	33	5201
Camp Pendleton North	CA	33.315	-117.316	29	5200
Creswell	OR	43.918	-123.025	29	5199
Belmont	AB	53.592	-113.394	11	5198
Rockingham	VT	43.188	-72.489	33	5198
Glendale	CO	39.705	-104.934	9	5198
Sainte-Anne-de-Bellevue	QC	45.406	-73.946	45	5197
Nelsonville	OH	39.459	-82.232	33	5197
Coolidge Corner	MA	42.346	-71.124	33	5197
Orchard Homes	MT	46.863	-114.048	9	5197
Hilmar-Irwin	CA	37.405	-120.850	29	5197
Genoa	IL	42.097	-88.693	5	5196
Williams	CA	39.155	-122.149	29	5196
Silverspring	SK	52.156	-106.592	41	5195
South Highpoint	FL	27.917	-82.713	33	5195
Iowa Falls	IA	42.522	-93.251	5	5195
Downtown Fredericton	NB	45.962	-66.640	32	5193
Mont Belvieu	TX	29.848	-94.891	5	5193
Springfield	MI	42.326	-85.239	10	5192
Abbeville	SC	34.178	-82.379	33	5191
Lakeshore North-Conservation	ON	43.497	-80.561	45	5190
Hollick-Kenyon	AB	53.622	-113.425	11	5189
Kayenta	AZ	36.728	-110.255	9	5189
Rawdon	QC	46.050	-73.716	45	5188
Wailua Homesteads	HI	22.072	-159.377	49	5188
Gilmer	TX	32.729	-94.942	5	5187
Prairie Grove	AR	35.976	-94.318	5	5186
Muleshoe	TX	34.226	-102.724	5	5185
Montréal-Ouest	QC	45.453	-73.649	45	5184
Saint Clairsville	OH	40.081	-80.900	33	5184
Sunset	UT	41.136	-112.031	9	5183
Beaverbrook	ON	45.330	-75.906	45	5182
Albertson	NY	40.773	-73.643	33	5182
White Hall	AR	34.274	-92.091	5	5180
Alva	OK	36.805	-98.667	5	5180
Brintnell	AB	53.621	-113.408	11	5178
Odessa	MO	38.999	-93.954	5	5178
Chackbay	LA	29.884	-90.797	5	5177
Montrose-Ghent	OH	41.154	-81.644	33	5177
Empire Park	AB	53.485	-113.501	11	5176
Winterset	IA	41.331	-94.014	5	5176
Monticello	LA	30.489	-91.049	5	5172
Livingston	TX	30.711	-94.933	5	5172
Bear Valley Springs	CA	35.159	-118.628	29	5172
Brookhaven	WV	39.612	-79.905	33	5171
Pleasant Hill	SK	52.126	-106.700	41	5169
Layhill	MD	39.092	-77.044	33	5169
Mechanicville	NY	42.903	-73.687	33	5169
Santa Barbara	PR	18.394	-65.919	39	5168
Central	SC	34.724	-82.781	33	5167
Tuxedo Park	AB	51.075	-114.060	11	5165
Pauoa	HI	21.321	-157.838	49	5165
Mount Pleasant	PA	40.060	-75.183	33	5163
Grand Bay-Westfield	NB	45.362	-66.242	32	5162
Northumberland	NY	43.127	-73.588	33	5159
Birdsboro	PA	40.265	-75.804	33	5159
Flat River	MO	37.850	-90.517	5	5157
Glencoe	AL	33.957	-85.932	5	5153
Sunnyslope	CA	34.012	-117.433	29	5153
Bret Harte	CA	37.602	-121.005	29	5152
Pennsylvania Avenue SE	DC	38.868	-76.958	33	5151
Mocksville	NC	35.894	-80.561	33	5151
Laurelwood	ON	43.469	-80.580	45	5150
Waverley Heights	MB	49.808	-97.168	48	5150
Lakehills	TX	29.605	-98.943	5	5150
Wildwood	NJ	38.992	-74.815	33	5149
Grafton	WV	39.341	-80.019	33	5148
Vinton	IA	42.169	-92.024	5	5148
Chardon	OH	41.614	-81.149	33	5148
Stansbury park	UT	40.638	-112.296	9	5145
Tipton	IN	40.282	-86.041	16	5144
Tottenham	ON	44.024	-79.806	45	5143
Daleville	AL	31.310	-85.713	5	5141
Poplar Grove	IL	42.368	-88.822	5	5139
Maplewood	WA	47.402	-122.557	29	5138
Tichigan	WI	42.829	-88.198	5	5133
Kaser	NY	41.121	-74.067	33	5131
Kings Point	NY	40.820	-73.735	33	5131
Port Allen	LA	30.452	-91.210	5	5130
Wheatley Heights	NY	40.764	-73.370	33	5130
Pupukea	HI	21.655	-158.061	49	5130
Robinson Heights	HI	21.383	-158.029	49	5128
Bowie	TX	33.559	-97.849	5	5126
Tara Hills	CA	37.994	-122.316	29	5126
Bankview	AB	51.033	-114.100	11	5125
Dos Palos	CA	36.986	-120.627	29	5125
Homestead Meadows North	TX	31.850	-106.173	9	5124
Farrington	HI	21.332	-157.871	49	5124
Milton Village	MA	42.267	-71.072	33	5123
New Haven	MI	43.094	-84.153	10	5123
Brookshire	TX	29.786	-95.951	5	5120
Sugarcreek	PA	41.421	-79.881	33	5120
Carmi	IL	38.091	-88.159	5	5119
Shaw Heights	CO	39.852	-105.043	9	5116
Champdoré	NB	46.386	-64.782	32	5115
Olyphant	PA	41.468	-75.603	33	5111
Hanwell	NB	45.883	-66.769	32	5108
Savannah	MO	39.942	-94.830	5	5108
Dunlap	TN	35.371	-85.391	5	5108
Briar Chapel	NC	35.824	-79.117	33	5108
Byron	GA	32.654	-83.760	33	5105
Sawmills	NC	35.825	-81.475	33	5104
Pound Ridge	NY	41.209	-73.575	33	5104
Piedmont	SC	34.702	-82.465	33	5103
Imperoyal	NS	44.636	-63.527	15	5102
South Bay	FL	26.664	-80.716	33	5101
Colona	IL	41.484	-90.353	5	5100
El Cerrito Corona	CA	33.841	-117.523	29	5100
La Perle	AB	53.536	-113.640	11	5099
Turpin Hills	OH	39.110	-84.380	33	5099
Springhill	LA	33.006	-93.467	5	5097
Perry	OK	36.289	-97.288	5	5097
Sulphur	OK	34.508	-96.968	5	5097
Sunbury	OH	40.243	-82.859	33	5097
Sparta	TN	35.926	-85.464	5	5096
Milan	IL	41.453	-90.572	5	5096
Dayton	MN	45.244	-93.515	5	5096
Oliver	BC	49.183	-119.552	46	5094
Chestertown	MD	39.209	-76.067	33	5093
Bolivar	TN	35.256	-88.988	5	5093
Columbia Falls	MT	48.372	-114.182	9	5093
Bridgeville	PA	40.356	-80.110	33	5092
Wahneta	FL	27.953	-81.727	33	5091
Doffing	TX	26.275	-98.386	5	5091
Camilla	GA	31.231	-84.210	33	5089
Zapata	TX	26.907	-99.271	5	5089
Auburn	NH	43.005	-71.348	33	5089
Enchanted Lake	HI	21.381	-157.736	49	5089
Hudson	QC	45.450	-74.149	45	5088
Sheldon	IA	43.181	-95.856	5	5088
Fruitland	ID	44.008	-116.917	3	5087
Churchill Park	NL	47.577	-52.721	43	5086
Shannon	QC	46.880	-71.515	45	5086
Glennville	GA	31.937	-81.928	33	5086
Summerside	OH	39.105	-84.288	33	5083
Bridgeview	BC	49.208	-122.860	46	5082
Monee	IL	41.420	-87.742	5	5082
Buellton	CA	34.614	-120.193	29	5082
South Pasadena	FL	27.755	-82.738	33	5081
Adjuntas	PR	18.163	-66.722	39	5080
North Scituate	MA	42.219	-70.786	33	5077
Kensington	CA	37.910	-122.280	29	5077
Deschutes River Woods	OR	43.992	-121.358	29	5077
Bible Hill	NS	45.375	-63.238	15	5076
Fairvale	NB	45.401	-65.972	32	5075
Eleanor Roosevelt	PR	18.416	-66.064	39	5075
Lake Norman of Catawba	NC	35.587	-80.960	33	5075
Manchester	IA	42.484	-91.455	5	5073
Paris	ME	44.260	-70.501	33	5073
Kenneth City	FL	27.816	-82.720	33	5072
Granite Shoals	TX	30.589	-98.384	5	5071
Allegan	MI	42.529	-85.855	10	5071
Watseka	IL	40.776	-87.736	5	5070
Cold Spring Harbor	NY	40.871	-73.457	33	5070
New Burlington	OH	39.260	-84.557	33	5069
Kingsford	MI	45.795	-88.072	30	5069
North Harford Road	MD	39.366	-76.546	33	5069
Wapato	WA	46.448	-120.420	29	5068
Metchosin	BC	48.383	-123.536	46	5067
Cidra	PR	18.176	-66.161	39	5067
Berlin	MD	38.323	-75.218	33	5065
Giddings	TX	30.183	-96.936	5	5064
McGregor	TX	31.444	-97.409	5	5064
Fort Pierce South	FL	27.410	-80.355	33	5062
Warm Mineral Springs	FL	27.060	-82.260	33	5061
Redwood Falls	MN	44.539	-95.117	5	5061
Apple Valley	OH	40.439	-82.354	33	5058
Fells Point	MD	39.283	-76.593	33	5057
Howard Park	MD	39.331	-76.695	33	5057
Punahou	HI	21.300	-157.827	49	5057
Blaine	WA	48.994	-122.747	29	5056
Spallumcheen	BC	50.401	-119.220	46	5055
Breslau	ON	43.467	-80.416	45	5053
Ayden	NC	35.473	-77.416	33	5053
Hampton	MD	39.423	-76.585	33	5052
Eagleton Village	TN	35.795	-83.932	33	5052
Shanor-Northvue	PA	40.910	-79.916	33	5051
Willow Park	AB	50.956	-114.056	11	5050
Demarest	NJ	40.957	-73.963	33	5050
Northfield	NH	43.433	-71.592	33	5049
Alexandria	IN	40.263	-85.676	16	5047
Samsula-Spruce Creek	FL	29.049	-81.062	33	5047
Childersburg	AL	33.278	-86.355	5	5046
Gretna	NE	41.141	-96.240	5	5046
Ermineskin	AB	53.458	-113.504	11	5045
Newton Corner	MA	42.361	-71.195	33	5042
Readville	MA	42.240	-71.137	33	5041
Mount Forest	ON	43.979	-80.722	45	5040
Morganville	NJ	40.377	-74.244	33	5040
Lemmon Valley	NV	39.636	-119.843	29	5040
Almonte	ON	45.230	-76.196	45	5039
Forest Hills	TN	36.068	-86.844	5	5039
Mathis	TX	28.094	-97.828	5	5037
Waterloo	NY	42.905	-76.863	33	5036
Moultonborough	NH	43.755	-71.397	33	5034
Bolton Hill	MD	39.308	-76.626	33	5034
Thiells	NY	41.211	-74.018	33	5032
Vandergrift	PA	40.603	-79.565	33	5032
Rainsville	AL	34.494	-85.848	5	5031
Fairwood	MD	38.957	-76.778	33	5031
Mount Hope Huron Park	ON	43.459	-80.496	45	5030
Cherokee	IA	42.749	-95.552	5	5030
Memramcook	NB	46.004	-64.552	32	5029
Kutztown	PA	40.517	-75.777	33	5028
Centreville	IL	38.583	-90.125	5	5027
Lake City	MN	44.450	-92.268	5	5027
Rural Saanich	BC	48.497	-123.429	46	5025
Frankenmuth	MI	43.332	-83.738	10	5025
Sea Cliff	NY	40.849	-73.645	33	5025
Tucumcari	NM	35.172	-103.727	9	5025
Valparaiso	FL	30.509	-86.503	5	5023
Sainte Catherine de la Jacques Cartier	QC	46.852	-71.621	45	5021
Shenandoah	IA	40.766	-95.372	5	5021
Munroe Falls	OH	41.145	-81.440	33	5019
Holbrook	AZ	34.902	-110.158	38	5019
Belvedere	AB	53.593	-113.439	11	5018
Staunton	IL	39.012	-89.791	5	5018
Spirit Lake	IA	43.422	-95.102	5	5018
Port Isabel	TX	26.073	-97.209	5	5016
Highland	MA	42.285	-71.157	33	5016
Lakeburn	NB	46.100	-64.682	32	5014
Saint-Joseph-de-Beauce	QC	46.300	-70.867	45	5014
Penn Yan	NY	42.661	-77.054	33	5014
West Salem	WI	43.899	-91.081	5	5014
Richland Center	WI	43.335	-90.387	5	5013
Glen Willow	PA	40.035	-75.226	33	5012
Dellwood	MO	38.749	-90.286	5	5011
West Sayville	NY	40.728	-73.098	33	5011
Bryn Mawr	PA	40.304	-80.087	33	5009
Conklin	NY	42.034	-75.804	33	5008
Peachland	BC	49.769	-119.746	46	5006
Saltillo	MS	34.376	-88.682	5	5004
Shady Hollow	TX	30.165	-97.862	5	5004
North Fond du Lac	WI	43.811	-88.483	5	5004
Antigonish	NS	45.617	-61.999	15	5003
Harlan	IA	41.653	-95.326	5	5002
Houlton	ME	46.126	-67.840	33	5002
Ironwood	MI	46.455	-90.171	30	5002
Mendham	NJ	40.776	-74.601	33	5001
Breakeyville	QC	46.680	-71.223	45	5000
Univercity	BC	49.278	-122.905	46	5000
Preston City	CT	41.529	-71.974	33	5000
Cutler	CA	36.523	-119.287	29	5000
Sorrento Valley	CA	32.900	-117.195	29	5000
Saint Augustine South	FL	29.842	-81.314	33	4998
Tillamook	OR	45.456	-123.846	29	4997
Bondurant	IA	41.701	-93.462	5	4996
Boxborough	MA	42.491	-71.529	33	4996
Columbus	WI	43.338	-89.015	5	4996
East Flat Rock	NC	35.280	-82.422	33	4995
Travelers Rest	SC	34.968	-82.443	33	4994
South Amherst	MA	42.340	-72.505	33	4994
Salem	MO	37.646	-91.536	5	4992
Thatcher	AZ	32.849	-109.759	38	4992
Lafayette	TN	36.521	-86.026	5	4991
Lake Wildwood	CA	39.233	-121.201	29	4991
Krum	TX	33.262	-97.238	5	4990
Mayville	WI	43.494	-88.545	5	4989
Larkspur	AB	53.479	-113.381	11	4988
Stafford Springs	CT	41.954	-72.302	33	4988
Olympia Fields	IL	41.513	-87.674	5	4988
Jay	ME	44.504	-70.216	33	4988
Arnold	PA	40.580	-79.767	33	4988
College Park East	SK	52.119	-106.576	41	4987
Grymes Hill	NY	40.619	-74.093	33	4985
Swoyersville	PA	41.292	-75.875	33	4984
Needles	CA	34.848	-114.614	29	4984
Jackson	GA	33.295	-83.966	33	4983
Chisholm	MN	47.489	-92.884	5	4981
Carle Place	NY	40.753	-73.610	33	4981
Bloomingdale	DC	38.917	-77.011	33	4980
Normandy	MO	38.721	-90.297	5	4978
Placitas	NM	35.307	-106.425	9	4977
Waynesboro	MS	31.675	-88.646	5	4975
Violet	LA	29.896	-89.898	5	4973
Lake Barrington	IL	42.213	-88.153	5	4973
Osceola	IA	41.034	-93.766	5	4972
Angier	NC	35.507	-78.739	33	4970
San Leon	TX	29.483	-94.922	5	4970
Ocean Bluff-Brant Rock	MA	42.102	-70.657	33	4970
Walkertown	NC	36.175	-80.153	33	4969
North Oaks	MN	45.103	-93.079	5	4968
Green Tree	PA	40.412	-80.046	33	4968
Jackson	AL	31.509	-87.894	5	4967
West Elmira	NY	42.078	-76.845	33	4967
Rockport	MA	42.656	-70.620	33	4966
Davison	MI	43.035	-83.518	10	4965
Moca	PR	18.395	-67.113	39	4964
Zebulon	NC	35.824	-78.315	33	4964
Marseilles	IL	41.331	-88.708	5	4963
Westvale	NY	43.048	-76.220	33	4963
He‘eia	HI	21.431	-157.816	49	4963
Hollywood	SC	32.734	-80.242	33	4962
Falfurrias	TX	27.227	-98.144	5	4962
Lawrenceburg	IN	39.091	-84.850	33	4960
Circle Pines	MN	45.149	-93.152	5	4958
Eastgate	WA	47.573	-122.146	29	4958
Scenic Oaks	TX	29.711	-98.676	5	4957
Airport Heights	NL	47.600	-52.748	43	4956
Avondale	LA	29.913	-90.204	5	4954
Pleasant Run	OH	39.300	-84.564	33	4953
Yosemite Lakes	CA	37.191	-119.773	29	4952
Butler Beach	FL	29.798	-81.267	33	4951
Winona Lake	IN	41.227	-85.822	16	4951
Bristol	WI	42.559	-88.049	5	4951
South Sarasota	FL	27.286	-82.533	33	4950
Clarks Summit	PA	41.489	-75.709	33	4950
Firthcliffe	NY	41.439	-74.045	33	4949
Clementon	NJ	39.812	-74.983	33	4947
Orange	VA	38.245	-78.111	33	4947
Mansfield	LA	32.038	-93.700	5	4946
Deale	MD	38.777	-76.555	33	4945
Penns Grove	NJ	39.730	-75.468	33	4945
Flora	IL	38.669	-88.486	5	4944
Utica	MI	42.626	-83.034	10	4942
Haskell	NJ	41.028	-74.296	33	4942
Medical Lake	WA	47.573	-117.682	29	4942
Ranson	WV	39.295	-77.861	33	4941
Baden	ON	43.400	-80.650	45	4940
Desloge	MO	37.871	-90.527	5	4939
Crystal Springs	MS	31.987	-90.357	5	4939
Westmont	PA	40.316	-78.952	33	4938
Wauchula	FL	27.547	-81.811	33	4935
Colby Village	NS	44.665	-63.485	15	4934
New Boston	NH	42.976	-71.694	33	4934
Boothwyn	PA	39.830	-75.442	33	4933
Highland Lake	NJ	41.177	-74.457	33	4933
Duryea	PA	41.344	-75.739	33	4933
Amelia	OH	39.028	-84.218	33	4932
Chisago City	MN	45.374	-92.890	5	4932
Stone Park	IL	41.906	-87.884	5	4931
Eaton	CO	40.530	-104.711	9	4928
Mount Albert	ON	44.133	-79.316	45	4925
Bulverde	TX	29.744	-98.453	5	4925
Fort Stewart	GA	31.872	-81.610	33	4924
Boulder Creek	CA	37.126	-122.122	29	4923
Aguilita	PR	18.023	-66.535	39	4922
Willow Park	TX	32.763	-97.651	5	4922
Lower Aiea	HI	21.379	-157.932	49	4921
Johnstown	OH	40.154	-82.685	33	4918
Twin Lakes	CA	36.967	-121.998	29	4917
Searingtown	NY	40.775	-73.656	33	4915
City Park	SK	52.138	-106.654	41	4912
Deer Run	AB	50.918	-114.010	11	4910
Meaford	ON	44.607	-80.611	45	4910
Ahoskie	NC	36.287	-76.985	33	4910
Hermon	ME	44.810	-68.913	33	4909
North Windham	ME	43.834	-70.438	33	4904
Kingsland	AB	50.990	-114.079	11	4900
Carthage	MS	32.733	-89.536	5	4899
Brent	AL	32.937	-87.165	5	4898
Wrightsboro	NC	34.288	-77.921	33	4896
Breckenridge	CO	39.482	-106.038	9	4896
Peppermill Village	MD	38.895	-76.887	33	4895
Salem	NJ	39.572	-75.467	33	4894
East Freehold	NJ	40.281	-74.251	33	4894
Spry	PA	39.918	-76.685	33	4891
Cicero	IN	40.124	-86.013	16	4891
Chittenango	NY	43.045	-75.867	33	4891
Union Grove	WI	42.688	-88.051	5	4891
Windsor Heights	IA	41.598	-93.708	5	4889
Seven Lakes	NC	35.278	-79.564	33	4888
Palos Park	IL	41.667	-87.830	5	4888
Benson	AZ	31.968	-110.295	38	4888
Peculiar	MO	38.719	-94.459	5	4885
Bay Hill	FL	28.468	-81.516	33	4884
Glenbrooke North	BC	49.217	-122.917	46	4882
Toronto	OH	40.464	-80.601	33	4882
Prospect	KY	38.345	-85.616	27	4881
Sawgrass	FL	30.193	-81.371	33	4880
Porter	IN	41.616	-87.074	5	4879
Hadley	MA	42.342	-72.588	33	4877
Brookdale	SC	33.507	-80.823	33	4873
Shenandoah	PA	40.820	-76.201	33	4873
Whiting	IN	41.680	-87.494	5	4872
East Harwich	MA	41.700	-70.027	33	4872
Blakely	GA	31.378	-84.934	33	4871
Longview	NC	35.729	-81.383	33	4871
Manheim	PA	40.163	-76.395	33	4870
Flagler Beach	FL	29.475	-81.127	33	4869
Salisbury	MA	42.842	-70.861	33	4869
Eagar	AZ	34.111	-109.292	38	4869
Highlands	NJ	40.404	-73.992	33	4867
Kingfisher	OK	35.861	-97.932	5	4865
Ednor Gardens-Lakeside	MD	39.333	-76.597	33	4865
Denver City	TX	32.965	-102.829	5	4864
Mount Hood Village	OR	45.355	-121.981	29	4864
Exeter	ON	43.344	-81.479	45	4863
South Bound Brook	NJ	40.553	-74.532	33	4863
Running Springs	CA	34.208	-117.109	29	4862
Telford	PA	40.322	-75.328	33	4861
Willits	CA	39.410	-123.356	29	4861
Raeford	NC	34.981	-79.224	33	4860
Northvale	NJ	41.006	-73.949	33	4859
Niskayuna	NY	42.780	-73.846	33	4859
Sansom Park	TX	32.806	-97.403	5	4858
Town and Country	WA	47.727	-117.422	29	4857
LeMoyne	QC	45.500	-73.494	45	4855
Franklin	NJ	41.122	-74.580	33	4855
Nashville	GA	31.207	-83.250	33	4854
Bellingham	MA	42.087	-71.475	33	4854
Mermaid	PA	40.079	-75.178	33	4854
Omak	WA	48.411	-119.528	29	4854
Farmers Loop	AK	64.908	-147.699	0	4853
Wellington	OH	41.169	-82.218	33	4852
Central Lynn	BC	49.339	-123.038	46	4850
Edenton	NC	36.058	-76.608	33	4849
Lakeland	MD	39.258	-76.651	33	4848
Crestwood	KY	38.324	-85.472	33	4847
Crystal City	MO	38.221	-90.379	5	4847
Beckett	NJ	39.754	-75.357	33	4847
Exton	PA	40.029	-75.621	33	4842
McKee	BC	49.061	-122.242	46	4840
Lakeview	GA	34.979	-85.259	33	4839
Tea	SD	43.446	-96.836	5	4839
Carbonear	NL	47.739	-53.227	43	4838
Saint-Jean-de-Matha	QC	46.231	-73.534	45	4838
Flower Hill	NY	40.807	-73.681	33	4838
Chertsey	QC	46.071	-73.891	45	4836
Greektown	BC	49.264	-123.176	46	4836
Platte City	MO	39.370	-94.782	5	4833
Massanetta Springs	VA	38.400	-78.834	33	4833
Gilbertsville	PA	40.320	-75.610	33	4832
Colorado City	AZ	36.990	-112.976	38	4832
Oak Park Heights	MN	45.031	-92.793	5	4831
Gladstone	MI	45.853	-87.022	10	4830
Morley-Buckingham	BC	49.226	-122.957	46	4828
Luray	VA	38.665	-78.459	33	4828
Abingdon	MD	39.462	-76.279	33	4826
La Crescent	MN	43.828	-91.304	5	4826
Heritage	SK	50.448	-104.601	41	4825
Glenwood	AB	53.536	-113.602	11	4823
Harrington Park	NJ	40.984	-73.980	33	4823
Washington Village/Pigtown	MD	39.282	-76.632	33	4823
Humboldt	SK	52.200	-105.126	41	4822
Lake Worth	TX	32.805	-97.445	5	4822
Country Hills	ON	43.415	-80.474	45	4821
Hudson	TX	31.323	-94.778	5	4821
Rio Bravo	TX	27.364	-99.480	5	4818
Sonora	CA	37.984	-120.382	29	4818
Upton	MD	39.301	-76.632	33	4817
Sierra View	PA	41.012	-75.459	33	4813
Sheridan	AR	34.307	-92.401	5	4812
Evansdale	IA	42.469	-92.281	5	4812
Clinton	IN	39.657	-87.398	16	4811
Elmsford	NY	41.055	-73.820	33	4810
Cheltenham	PA	40.061	-75.094	33	4810
Lakeport	CA	39.043	-122.916	29	4807
Waikoloa	HI	19.939	-155.789	49	4806
Neptune City	NJ	40.200	-74.028	33	4803
Naval Academy	MD	38.986	-76.488	33	4802
Carmel	NY	41.430	-73.680	33	4800
Eagleville	PA	40.160	-75.408	33	4800
Veneta	OR	44.049	-123.351	29	4800
Rocky Mount	VA	36.998	-79.892	33	4799
Carlisle	MA	42.529	-71.350	33	4799
Sultan	WA	47.863	-121.817	29	4798
Ridge Wood Heights	FL	27.287	-82.513	33	4795
Auburn	IL	39.592	-89.746	5	4793
Farrell	PA	41.212	-80.497	33	4792
Dacono	CO	40.085	-104.939	9	4792
Friendship Village	MD	38.963	-77.089	33	4791
Mount Pleasant	TN	35.534	-87.207	5	4790
Little Falls	NY	43.043	-74.860	33	4787
North Braddock	PA	40.399	-79.841	33	4787
Providence Village	TX	33.233	-96.962	5	4786
Madisonville	TN	35.520	-84.364	33	4783
Colchester	CT	41.576	-72.332	33	4781
Seat Pleasant	MD	38.896	-76.907	33	4780
Pinardville	NH	42.994	-71.507	33	4780
Klarvatten	AB	53.635	-113.473	11	4778
Tallassee	AL	32.536	-85.893	5	4778
Adairsville	GA	34.369	-84.934	33	4778
Nolanville	TX	31.079	-97.606	5	4774
Sayre	OK	35.291	-99.640	5	4773
Blue Point	NY	40.744	-73.035	33	4773
West Pittston	PA	41.328	-75.793	33	4772
Meadowgreen	SK	52.119	-106.711	41	4771
Royersford	PA	40.184	-75.538	33	4771
Hockinson	WA	45.738	-122.487	29	4771
Winchester	IN	40.172	-84.981	16	4769
Newport	NH	43.365	-72.173	33	4769
Annville	PA	40.330	-76.515	33	4767
Warwick	QC	45.950	-71.982	45	4766
Island Park	NY	40.604	-73.655	33	4766
Grand River North	ON	43.459	-80.432	45	4765
Belleview	FL	29.055	-82.062	33	4765
Berwick	LA	29.695	-91.219	5	4765
Silverton	OH	39.193	-84.400	33	4764
Winnsboro	LA	32.163	-91.721	5	4762
Obetz	OH	39.879	-82.951	33	4761
Lake Holiday	IL	41.613	-88.672	5	4761
Edgefield	SC	33.790	-81.930	33	4760
Smith Mills	MA	41.639	-70.991	33	4760
Tulia	TX	34.536	-101.759	5	4760
Meadows Place	TX	29.651	-95.588	5	4759
Farmville	NC	35.595	-77.585	33	4758
Brielle	NJ	40.108	-74.057	33	4757
East Quogue	NY	40.841	-72.581	33	4757
Greektown	MD	39.285	-76.554	33	4757
Hunters Creek Village	TX	29.771	-95.496	5	4756
Villages of Oriole	FL	26.462	-80.153	33	4755
Humphreys Mills	NB	46.112	-64.759	32	4754
LaBelle	FL	26.762	-81.438	33	4753
Wellsville	NY	42.876	-74.272	33	4753
Midway North	TX	26.188	-98.017	5	4752
Southwood	ON	43.344	-80.331	45	4751
Glendora	NJ	39.840	-75.074	33	4750
Hearst	ON	49.684	-83.667	45	4746
Jonesboro	GA	33.522	-84.354	33	4746
Westwood	KY	38.483	-82.670	33	4746
Current River	ON	48.469	-89.187	45	4744
Midway	NC	35.953	-80.218	33	4742
Mount Carmel	OH	39.106	-84.304	33	4741
Barling	AR	35.326	-94.302	5	4740
Kahalu‘u	HI	21.458	-157.844	49	4738
Headland	AL	31.351	-85.342	5	4736
Palmetto	GA	33.518	-84.670	33	4733
Cheboygan	MI	45.647	-84.474	10	4733
Whitfield	PA	40.336	-76.006	33	4733
Edwardsville	PA	41.270	-75.916	33	4732
Miami Heights	OH	39.165	-84.721	33	4731
Lexington	OH	40.679	-82.582	33	4731
Mount Olive	NC	35.197	-78.066	33	4728
Vamo	FL	27.222	-82.498	33	4727
New Lexington	OH	39.714	-82.208	33	4727
Walkerton	ON	44.130	-81.153	45	4724
Saint Clair	MO	38.345	-90.981	5	4724
Britannia Youngstown	AB	53.547	-113.600	11	4723
Cottleville	MO	38.746	-90.654	5	4723
Newport	NC	34.787	-76.859	33	4723
Rio Communities	NM	34.650	-106.734	9	4723
Kihei Mauka	HI	20.743	-156.440	49	4722
Vandercook Lake	MI	42.193	-84.391	10	4721
North Hampton	NH	42.973	-70.830	33	4721
Goddard	KS	37.660	-97.575	5	4719
Colville	WA	48.547	-117.906	29	4719
Brisbane	CA	37.681	-122.400	29	4717
Breckenridge Hills	MO	38.715	-90.367	5	4715
Pleasant Garden	NC	35.962	-79.762	33	4715
Penitas	TX	26.231	-98.445	5	4715
Piedmont	AL	33.925	-85.611	5	4714
West Milton	OH	39.963	-84.328	33	4714
Spring Lake Heights	NJ	40.152	-74.039	33	4713
La Grange	TX	29.905	-96.877	5	4712
Imperial	MO	38.370	-90.378	5	4709
Archer Lodge	NC	35.694	-78.376	33	4708
Meadow Lake	NM	34.801	-106.544	9	4708
Polson	MT	47.694	-114.163	9	4707
Lake Montezuma	AZ	34.632	-111.778	38	4706
Georgetown	IN	40.741	-86.505	16	4705
Devine	TX	29.140	-98.905	5	4705
Wakefield	NH	43.568	-71.030	33	4705
Elko New Market	MN	44.565	-93.327	5	4705
Ward	AR	35.030	-91.950	5	4704
Picton	ON	44.002	-77.146	45	4702
Perry	UT	41.465	-112.032	9	4702
Farley	KY	37.046	-88.569	5	4701
Oak Hill	TN	36.088	-86.783	5	4700
Becker	MN	45.393	-93.877	5	4700
Piney	AR	34.503	-93.126	5	4699
New Roads	LA	30.702	-91.436	5	4697
Glen Head	NY	40.835	-73.624	33	4697
Central McDougall	AB	53.554	-113.500	11	4694
Sabattus	ME	44.120	-70.108	33	4694
Portland	NY	42.380	-79.468	33	4694
Upper Kalihi Valley	HI	21.355	-157.856	49	4694
Danville	PA	40.963	-76.613	33	4689
New Boston	TX	33.460	-94.415	5	4688
Tilbury	ON	42.267	-82.433	45	4687
Hendron	KY	37.039	-88.629	5	4687
Fox River Grove	IL	42.201	-88.215	5	4686
Mountain Grove	MO	37.131	-92.263	5	4685
Kirkville	NY	43.075	-75.952	33	4685
Espanola	ON	46.258	-81.766	45	4682
Waterford Valley	NL	47.531	-52.745	43	4681
Princeton	MN	45.570	-93.582	5	4680
Queen Alexandra	AB	53.508	-113.508	11	4679
Lake Sarasota	FL	27.293	-82.438	33	4679
Erwin	NC	35.327	-78.676	33	4679
Fishhook	AK	61.744	-149.236	0	4679
Westlock	AB	54.150	-113.869	11	4678
Simonton Lake	IN	41.754	-85.975	16	4678
Old Westbury	NY	40.789	-73.600	33	4678
Luverne	MN	43.654	-96.213	5	4677
Myrtletown	CA	40.789	-124.130	29	4675
Boiling Springs	NC	35.254	-81.667	33	4674
Walnut Ridge	AR	36.068	-90.956	5	4673
Mount Repose	OH	39.201	-84.224	33	4672
Michigan Center	MI	42.233	-84.327	10	4672
Capitol Hill	AB	51.070	-114.096	11	4670
Carlyss	LA	30.169	-93.376	5	4670
Baldwin City	KS	38.775	-95.186	5	4669
New Castle	CO	39.573	-107.536	9	4669
Mid-Town Belvedere	MD	39.304	-76.617	33	4666
Heritage Mountain	BC	49.291	-122.832	46	4664
Azilda	ON	46.550	-81.100	45	4663
Donora	PA	40.173	-79.858	33	4663
Mississauga Beach	ON	43.259	-79.086	45	4662
New Minas	NS	45.069	-64.470	15	4662
Higginsville	MO	39.073	-93.717	5	4662
Granite Falls	NC	35.797	-81.431	33	4662
Rusagonis	NB	45.803	-66.620	32	4661
Rochester	MA	41.732	-70.820	33	4661
Canastota	NY	43.080	-75.751	33	4661
Purchase	NY	41.041	-73.715	33	4660
Dardanelle	AR	35.223	-93.158	5	4659
El Cerro Mission	NM	34.762	-106.644	9	4657
Whiskey Creek	FL	26.573	-81.890	33	4655
DeWitt	MI	42.842	-84.569	10	4655
Ossipee	NH	43.685	-71.117	33	4655
Pleasant Run Farm	OH	39.303	-84.548	33	4654
Newton Falls	OH	41.188	-80.978	33	4654
Bayou Vista	LA	29.690	-91.271	5	4652
Montebello	NY	41.136	-74.118	33	4652
Dodgeville	WI	42.960	-90.130	5	4652
Brookline	NH	42.735	-71.658	33	4650
Comerío	PR	18.218	-66.226	39	4649
Ashland City	TN	36.274	-87.064	5	4649
Raymond	ME	43.901	-70.470	33	4649
Jackson	CA	38.349	-120.774	29	4649
West Bay Shore	NY	40.709	-73.281	33	4648
McMurray	PA	40.278	-80.084	33	4647
Lely Resort	FL	26.081	-81.698	33	4646
Rock Hill	MO	38.608	-90.378	5	4646
Midway	UT	40.512	-111.474	9	4646
Rivière-Rouge	QC	46.417	-74.866	45	4645
Columbia	KY	37.103	-85.306	5	4644
Offutt Air Force Base	NE	41.120	-95.921	5	4644
Naguabo	PR	18.212	-65.735	39	4643
Avalon	PA	40.501	-80.068	33	4642
Erda	UT	40.613	-112.304	9	4642
Flemington	NJ	40.512	-74.859	33	4641
Jim Thorpe	PA	40.876	-75.732	33	4641
Amite	LA	30.727	-90.509	5	4640
Smithville	TN	35.961	-85.814	5	4640
Mount Ephraim	NJ	39.878	-75.093	33	4639
Ardsley	NY	41.011	-73.844	33	4638
Madisonville	TX	30.950	-95.912	5	4637
Hollis Center	ME	43.605	-70.593	33	4637
Greenstone	ON	49.733	-87.167	45	4636
Lemoyne	PA	40.241	-76.894	33	4636
Fort Novosel	AL	31.343	-85.715	5	4636
Elmwood	LA	29.957	-90.190	5	4635
Palacios	TX	28.708	-96.217	5	4634
Eldon	MO	38.348	-92.582	5	4632
Buffalo	WY	44.348	-106.699	9	4632
Manlius	NY	43.002	-75.977	33	4630
Rockwood	ON	43.619	-80.144	45	4629
Grandyle Village	NY	42.996	-78.955	33	4629
Fountain Hill	PA	40.601	-75.395	33	4629
Wamego	KS	39.202	-96.305	5	4627
Centreville	MD	39.042	-76.066	33	4627
Primera	TX	26.226	-97.758	5	4626
Mineola	TX	32.663	-95.488	5	4625
Pinehurst	TX	30.171	-95.682	5	4624
Grand Bank	NL	47.100	-55.765	43	4623
Dallas	NC	35.317	-81.176	33	4622
Kaplan	LA	29.998	-92.285	5	4617
Galeville	NY	43.090	-76.173	33	4617
Westlake	LA	30.242	-93.251	5	4615
McLoud	OK	35.436	-97.091	5	4615
River Heights	SK	52.163	-106.634	41	4614
Whitney Pier	NS	46.159	-60.187	13	4612
Forestbrook	SC	33.722	-78.958	33	4612
Ct 0006	QC	45.601	-73.512	45	4611
Wayzata	MN	44.974	-93.507	5	4610
Neepawa	MB	50.229	-99.466	48	4609
Montgomery	NY	41.528	-74.237	33	4609
L'Épiphanie	QC	45.850	-73.482	45	4606
Sherman	IL	39.894	-89.605	5	4605
Saint James	MN	43.982	-94.627	5	4605
Huber Ridge	OH	40.089	-82.917	33	4604
Cherokee Village	AR	36.298	-91.516	5	4603
Parker	FL	30.131	-85.603	5	4603
Buena	NJ	39.514	-74.925	33	4603
Belmead	AB	53.525	-113.642	11	4602
Pittsburg	TX	32.995	-94.966	5	4602
Hamilton	MT	46.247	-114.160	9	4602
Dulles Town Center	VA	39.038	-77.416	33	4601
Shelbyville	IL	39.406	-88.790	5	4599
Hazardville	CT	41.987	-72.545	33	4599
Philomath	OR	44.540	-123.368	29	4599
Lexington	MO	39.185	-93.880	5	4598
Foster	RI	41.854	-71.758	33	4598
Humboldt	IA	42.721	-94.215	5	4596
East Richmond-Fraser Lands	BC	49.160	-123.030	46	4595
Kalāheo	HI	21.924	-159.527	49	4595
Marlow	OK	34.648	-97.958	5	4594
Grant City	NY	40.582	-74.105	33	4594
Portola Valley	CA	37.384	-122.235	29	4594
Cresaptown	MD	39.593	-78.833	33	4592
Lake Darby	OH	39.957	-83.229	33	4592
Barnwell	SC	33.245	-81.359	33	4592
Seagate	NC	34.209	-77.844	33	4590
Epsom	NH	43.223	-71.332	33	4590
Addis	LA	30.354	-91.265	5	4589
Chesterbrook	PA	40.076	-75.459	33	4589
Jonesboro	LA	32.241	-92.716	5	4587
Hawthorne	NY	41.107	-73.796	33	4586
Queensland	AB	50.939	-114.022	11	4585
New Freedom	PA	39.738	-76.701	33	4585
Planada	CA	37.291	-120.319	29	4584
Negaunee	MI	46.499	-87.612	10	4582
Nowthen	MN	45.328	-93.470	5	4582
Barrhead	AB	54.133	-114.402	11	4579
Harbour Chines	BC	49.267	-122.850	46	4577
Carisbrooke	BC	49.342	-123.065	46	4577
Pascoag	RI	41.956	-71.702	33	4577
Aguas Buenas	PR	18.257	-66.103	39	4576
Swannanoa	NC	35.598	-82.400	33	4576
East Palestine	OH	40.834	-80.540	33	4576
La Pocatière	QC	47.367	-70.035	45	4575
Capitol Heights	MD	38.885	-76.916	33	4574
Carrollton	VA	36.947	-76.561	33	4574
Evergreen Village	NL	47.539	-52.834	43	4573
Ellisville	MS	31.604	-89.196	5	4573
Greenfield	OH	39.352	-83.383	33	4572
Barnstead	NH	43.334	-71.293	33	4572
Gibsonia	FL	28.115	-81.974	33	4571
North Westport	MA	41.660	-71.088	33	4571
Pacific Heights	SK	52.135	-106.742	41	4570
Winfield	AL	33.929	-87.817	5	4570
Ogallala	NE	41.128	-101.720	9	4570
West York	PA	39.953	-76.751	33	4569
Caledon East	ON	43.869	-79.867	45	4568
Orangeburg	NY	41.046	-73.950	33	4568
Cobleskill	NY	42.678	-74.485	33	4566
Winnfield	LA	31.926	-92.641	5	4565
South Barrington	IL	42.091	-88.122	5	4565
Bremen	IN	41.446	-86.148	16	4565
Bridgeport	PA	40.105	-75.345	33	4564
Kittery	ME	43.088	-70.736	33	4562
Galt	ON	43.356	-80.311	45	4561
Hummelstown	PA	40.265	-76.708	33	4561
Hebbronville	TX	27.307	-98.680	5	4558
Villalba	PR	18.127	-66.492	39	4555
Hancock	MI	47.127	-88.581	10	4555
Margaret	AL	33.686	-86.475	5	4554
Beattystown	NJ	40.813	-74.843	33	4554
Pollard Meadows	AB	53.449	-113.412	11	4553
Phoenix	OR	42.275	-122.818	29	4553
Iroquois Point	HI	21.328	-157.983	49	4553
Blue Quill	AB	53.458	-113.527	11	4552
Point Pleasant Beach	NJ	40.091	-74.048	33	4552
Ludlow	KY	39.093	-84.547	33	4551
Wiggins	MS	30.858	-89.135	5	4550
Windom	MN	43.866	-95.117	5	4550
Dansville	NY	42.561	-77.696	33	4550
Buckley	WA	47.163	-122.027	29	4550
Valley Waters	NB	45.673	-65.837	32	4549
Uphams Corner	MA	42.317	-71.061	33	4549
Montoursville	PA	41.254	-76.921	33	4549
Irvington	MD	39.283	-76.686	33	4548
Mattawa	WA	46.738	-119.903	29	4548
Edinburgh	IN	39.354	-85.967	16	4546
Blackwood	NJ	39.802	-75.064	33	4545
Soldotna	AK	60.488	-151.058	0	4544
South Calgary	AB	51.028	-114.104	11	4540
Flourtown	PA	40.103	-75.212	33	4538
Mount Vernon	MO	37.104	-93.819	5	4537
Danville	NH	42.913	-71.124	33	4537
Swartz	LA	32.569	-91.985	5	4536
South Sanford	ME	43.411	-70.743	33	4536
Russell	KS	38.895	-98.861	5	4534
Guerneville	CA	38.502	-122.996	29	4534
Haverhill	NH	44.035	-72.064	33	4532
Wanamassa	NJ	40.232	-74.025	33	4532
Gibraltar	MI	42.095	-83.190	10	4531
Duggan	AB	53.472	-113.506	11	4530
Sparks	TX	31.673	-106.240	9	4529
South Hill	VA	36.727	-78.129	33	4527
Saint-Agapit	QC	46.557	-71.442	45	4526
Scott City	MO	37.217	-89.525	5	4526
East Petersburg	PA	40.100	-76.354	33	4525
Wrightwood	CA	34.361	-117.633	29	4525
Nocatee	FL	27.160	-81.882	33	4524
Montgomery	GA	31.940	-81.122	33	4523
Whiteville	TN	35.326	-89.150	5	4523
Church Point	LA	30.403	-92.215	5	4521
Avon	MA	42.131	-71.041	33	4521
Sergeant Bluff	IA	42.404	-96.359	5	4520
Mullins	SC	34.206	-79.254	33	4519
Wenham	MA	42.604	-70.891	33	4518
Chinle	AZ	36.154	-109.553	9	4518
New Northwood	MD	39.349	-76.595	33	4517
Hartwell	GA	34.353	-82.932	33	4514
Del Monte Forest	CA	36.586	-121.947	29	4514
Ridge Manor	FL	28.508	-82.170	33	4513
Newton	NH	42.870	-71.034	33	4513
Wahoo	NE	41.211	-96.620	5	4511
Lost Creek	TX	30.295	-97.844	5	4509
Breese	IL	38.611	-89.527	5	4506
Mission	AB	51.034	-114.070	11	4505
Massac	KY	37.029	-88.686	5	4505
West Hazleton	PA	40.959	-75.996	33	4503
Gabriola	BC	49.170	-123.850	46	4500
Lee	NH	43.123	-71.011	33	4500
Hollister	MO	36.621	-93.215	5	4499
Whitmore Village	HI	21.514	-158.025	49	4499
Aurora	NE	40.867	-98.004	5	4496
Ozerna	AB	53.623	-113.449	11	4495
Jessup	PA	41.469	-75.562	33	4495
Ivanhoe	CA	36.387	-119.218	29	4495
Sullivan	IL	39.599	-88.608	5	4494
Nikiski	AK	60.690	-151.289	0	4493
Penn Estates	PA	41.038	-75.240	33	4493
Reidland	KY	37.018	-88.531	5	4491
Unalaska	AK	53.874	-166.534	0	4491
Fayette	AL	33.685	-87.831	5	4490
Rancho Calaveras	CA	38.127	-120.858	29	4489
Selmer	TN	35.170	-88.592	5	4488
East Greenbush	NY	42.591	-73.702	33	4487
Coldwater	OH	40.480	-84.628	33	4487
Mount Vernon	IA	41.922	-91.417	5	4486
Pittsfield	IL	39.608	-90.805	5	4485
Beavercreek	OR	45.288	-122.536	29	4485
Toa Alta	PR	18.388	-66.248	39	4483
Fruitland Park	FL	28.861	-81.906	33	4483
Waimānalo Beach	HI	21.334	-157.700	49	4481
Haskell	AR	34.501	-92.637	5	4480
Dallas	BC	50.666	-120.169	46	4479
Ashdown	AR	33.674	-94.131	5	4479
Nashville	AR	33.946	-93.847	5	4479
Littlestown	PA	39.745	-77.088	33	4478
Oconto	WI	44.887	-87.865	5	4476
Mead	CO	40.233	-104.999	9	4476
North Laurel	MD	39.139	-76.871	33	4474
Lac-Alouette	QC	45.817	-73.959	45	4473
Flanders	NY	40.903	-72.618	33	4472
Battlement Mesa	CO	39.441	-108.025	9	4471
Tice	FL	26.675	-81.815	33	4470
Turners Falls	MA	42.604	-72.556	33	4470
Spring Garden	NS	44.642	-63.582	15	4469
Middletown	MD	39.444	-77.545	33	4469
Lebanon	IL	38.604	-89.807	5	4467
Prescott	ON	44.717	-75.516	45	4466
Millinocket	ME	45.657	-68.710	33	4466
Paxton	MA	42.311	-71.928	33	4463
Saukville	WI	43.382	-87.941	5	4463
Whitehouse	OH	41.519	-83.804	33	4462
Tarentum	PA	40.601	-79.760	33	4462
Geneva	AL	31.033	-85.864	5	4460
Franklin Center	NJ	40.532	-74.541	33	4460
Valdese	NC	35.741	-81.563	33	4459
North Sea	NY	40.933	-72.414	33	4458
King George	VA	38.268	-77.184	33	4457
Goodland	KS	39.351	-101.710	9	4457
Hearne	TX	30.879	-96.593	5	4456
Plymouth	NH	43.757	-71.688	33	4456
Clintonville	WI	44.621	-88.762	5	4455
Elberton	GA	34.112	-82.869	33	4453
Summerville	GA	34.481	-85.348	33	4452
Horton	AL	34.201	-86.297	5	4450
Poplar	PA	39.965	-75.154	33	4450
Beecher	IL	41.341	-87.621	5	4450
Trentwood	WA	47.697	-117.211	29	4450
Larksville	PA	41.245	-75.931	33	4448
Lanoraie	QC	45.967	-73.216	45	4447
Georgetown	OH	38.865	-83.904	33	4447
Tuscola	IL	39.799	-88.283	5	4443
Ottawa Hills	OH	41.664	-83.643	33	4443
Newport	VT	44.936	-72.205	33	4442
Hinesburg	VT	44.329	-73.111	33	4441
Baxley	GA	31.778	-82.348	33	4440
Vilonia	AR	35.084	-92.208	5	4439
Winona	MS	33.482	-89.728	5	4439
Westville	NJ	40.845	-74.300	33	4439
Crestline	OH	40.788	-82.737	33	4438
Perryville	MD	39.560	-76.071	33	4437
Lake San Marcos	CA	33.126	-117.208	29	4437
Hawaiian Ocean View	HI	19.069	-155.765	49	4437
West Royalty	PE	46.258	-63.163	15	4435
Celada	PR	18.272	-65.966	39	4435
Bealeton	VA	38.572	-77.764	33	4435
Osage Beach	MO	38.130	-92.653	5	4433
Edgewood	OH	41.873	-80.773	33	4432
Shingle Springs	CA	38.666	-120.926	29	4432
Greendale	IN	39.113	-84.864	33	4431
Jenkintown	PA	40.096	-75.125	33	4431
Lawrenceville	IL	38.729	-87.682	5	4427
Florence	NJ	39.734	-74.918	33	4426
Creedmoor	NC	36.122	-78.686	33	4425
Oak Grove	TN	36.412	-82.425	33	4425
Castle Hills	TX	29.523	-98.516	5	4424
Jacksboro	TX	33.218	-98.159	5	4424
Okauchee Lake	WI	43.123	-88.441	5	4422
Tazewell	VA	37.115	-81.520	33	4421
Brookridge	FL	28.551	-82.492	33	4420
Beaver	PA	40.695	-80.305	33	4420
Glassport	PA	40.325	-79.892	33	4420
Sparta	IL	38.123	-89.702	5	4419
Bayside	WI	43.181	-87.901	5	4419
Goulds	NL	47.455	-52.776	43	4418
West Peoria	IL	40.693	-89.628	5	4418
Santa Ynez	CA	34.614	-120.080	29	4418
Silverthorne	CO	39.632	-106.074	9	4418
Moses Lake North	WA	47.194	-119.317	29	4418
St. Stephen	NB	45.180	-67.295	32	4415
Ellisburg	NJ	39.914	-75.010	33	4413
Sykesville	MD	39.374	-76.968	33	4412
Littleton	NH	44.306	-71.770	33	4412
Berthierville	QC	46.083	-73.182	45	4411
Scottsville	KY	36.753	-86.191	5	4411
Waterloo	QC	45.350	-72.516	45	4410
Windsor Park	AB	51.005	-114.076	11	4410
Sainte Genevieve	MO	37.981	-90.042	5	4410
Carmel Valley Village	CA	36.506	-121.766	29	4407
Carver Ranches	FL	25.988	-80.192	33	4406
Orangetree	FL	26.293	-81.588	33	4406
Dorneyville	PA	40.575	-75.520	33	4406
Ligonier	IN	41.466	-85.587	16	4405
Candia	NH	43.078	-71.277	33	4405
Prairie Heights	WA	47.149	-122.105	29	4405
Denair	CA	37.526	-120.797	29	4404
Scarborough	ME	43.578	-70.322	33	4403
Millis-Clicquot	MA	42.165	-71.354	33	4403
Nipawin	SK	53.367	-104.001	41	4401
Coopertown	TN	36.438	-86.967	5	4401
Lindstrom	MN	45.389	-92.848	5	4401
Battleford	SK	52.735	-108.309	41	4400
Adamsville	AL	33.601	-86.956	5	4400
Leisure Village	NJ	40.043	-74.185	33	4400
Ottawa	OH	41.019	-84.047	33	4398
Hamburg	PA	40.556	-75.982	33	4398
California	MO	38.628	-92.567	5	4396
Hampton	NB	45.529	-65.854	32	4395
Greenville	KY	37.201	-87.179	5	4395
River Road	NC	35.507	-76.991	33	4394
Kanab	UT	37.047	-112.526	9	4394
Erindale	SK	52.141	-106.570	41	4393
Coleman	TX	31.827	-99.426	5	4393
Edwardsville	KS	39.061	-94.820	5	4390
Daytona Beach Shores	FL	29.176	-80.983	33	4389
Harrogate	TN	36.582	-83.657	33	4388
Suncoast Estates	FL	26.712	-81.869	33	4384
Utqiagvik	AK	71.291	-156.789	0	4384
Beaumaris	AB	53.618	-113.509	11	4383
Social Circle	GA	33.656	-83.718	33	4383
Magnolia	NJ	39.950	-74.661	33	4383
Rogersville	TN	36.407	-83.005	33	4383
Crawford Plains	AB	53.439	-113.406	11	4381
Lincoln Village	CA	38.005	-121.328	29	4381
Madeira Beach	FL	27.798	-82.797	33	4380
Batesburg	SC	33.908	-81.547	33	4380
Cherry Grove	OH	39.073	-84.322	33	4378
Black Diamond	WA	47.309	-122.003	29	4376
Dutch Harbor	AK	53.890	-166.542	0	4376
Lyons	GA	32.204	-82.322	33	4375
West Ocean City	MD	38.331	-75.107	33	4375
Hyde Park	UT	41.799	-111.819	9	4375
Mauston	WI	43.797	-90.077	5	4374
Gardnertown	NY	41.535	-74.070	33	4373
Indian Mountain Lake	PA	41.003	-75.508	33	4372
Clearwater	SC	33.497	-81.892	33	4370
Magee	MS	31.874	-89.734	5	4368
Saint Bernard	OH	39.167	-84.499	33	4368
San Diego	TX	27.764	-98.239	5	4368
Red Lake	ON	51.017	-93.827	48	4366
Dilworth	MN	46.877	-96.703	5	4366
Cochran	GA	32.387	-83.355	33	4363
Florence	MS	32.153	-90.131	5	4363
Maize	KS	37.779	-97.467	5	4362
Buchanan	MI	41.827	-86.361	10	4362
City Island	NY	40.847	-73.787	33	4362
Viroqua	WI	43.557	-90.889	5	4362
Lamar	MO	37.495	-94.277	5	4361
Hurstbourne	KY	38.238	-85.588	27	4359
South Haven	MI	42.403	-86.274	10	4359
Brookfield	MO	39.784	-93.074	5	4358
Rockford	MN	45.088	-93.734	5	4358
Clarkson	NY	43.233	-77.928	33	4358
Bonnie Doon	AB	53.524	-113.466	11	4357
Benton	KY	36.857	-88.350	5	4357
Paxton	IL	40.460	-88.095	5	4357
Sauk Centre	MN	45.737	-94.953	5	4357
North Kansas City	MO	39.130	-94.562	5	4354
Dawson	GA	31.774	-84.448	33	4353
Haddow	AB	53.456	-113.597	11	4352
Tiptonville	TN	36.378	-89.472	5	4352
Parker	TX	33.055	-96.622	5	4352
Chatsworth	GA	34.766	-84.770	33	4351
Verdigris	OK	36.235	-95.691	5	4351
Coopersville	MI	43.064	-85.935	10	4351
Garwood	NJ	40.652	-74.323	33	4351
Del Mar	CA	32.959	-117.265	29	4351
Tinicum	PA	40.448	-75.108	33	4350
Denton	MD	38.885	-75.827	33	4349
Taylor Creek	FL	27.217	-80.790	33	4348
Vandalia	MO	39.311	-91.488	5	4348
Central Gardens	TX	29.995	-94.014	5	4347
Vanderhoof	BC	54.017	-124.020	46	4346
South Lebanon	OH	39.371	-84.213	33	4346
Pinetop-Lakeside	AZ	34.143	-109.960	38	4345
Park Layne	OH	39.886	-84.040	33	4343
Hampden	ME	44.745	-68.838	33	4343
Hometown	IL	41.734	-87.731	5	4342
Camanche	IA	41.788	-90.256	5	4341
Archbold	OH	41.521	-84.307	33	4341
Manayunk	PA	40.025	-75.214	33	4341
Saint Robert	MO	37.828	-92.178	5	4340
Central Valley (historical)	CA	40.680	-122.371	29	4340
Springville	NY	42.508	-78.667	33	4339
Shelley	ID	43.381	-112.123	3	4339
Central Park Heights	MD	39.344	-76.671	33	4339
Redwood	TX	29.810	-97.911	5	4338
Medford	WI	45.139	-90.340	5	4338
Belton	SC	34.523	-82.494	33	4336
Marshfield	MA	42.092	-70.706	33	4335
Plains	PA	41.275	-75.850	33	4335
Lopezville	TX	26.238	-98.160	5	4333
Kings Park	VA	38.806	-77.243	33	4333
Discovery Ridge	AB	51.016	-114.213	11	4330
Armonk	NY	41.126	-73.714	33	4330
Middle Sackville	NS	44.776	-63.696	15	4329
Roland Park	MD	39.355	-76.634	33	4329
Cramerton	NC	35.239	-81.075	33	4328
Pennypack Woods	PA	40.054	-75.016	33	4328
Vieques	PR	18.425	-65.833	39	4325
Cortland	IL	41.920	-88.689	5	4325
Williamstown	MA	42.712	-73.204	33	4325
Youngstown	FL	30.364	-85.438	5	4324
Dumas	AR	33.887	-91.492	5	4323
Polk City	IA	41.771	-93.713	5	4323
Anna	IL	37.460	-89.247	5	4321
American Falls	ID	42.786	-112.854	3	4321
Whiteland	IN	39.550	-86.080	16	4320
Stafford	VA	38.422	-77.408	33	4320
Kingsville	MD	39.449	-76.418	33	4318
Wister	PA	40.035	-75.158	33	4318
Vickers Park	ON	48.375	-89.261	45	4317
Brownsville	LA	32.487	-92.154	5	4317
Cockrell Hill	TX	32.736	-96.887	5	4316
Deerfield	NH	44.231	-71.617	33	4315
Stowe	VT	44.465	-72.685	33	4314
Temple	GA	33.737	-85.032	33	4313
Fallstaff	MD	39.368	-76.707	33	4313
Spring Park	PE	46.250	-63.144	15	4312
Wolverine Lake	MI	42.557	-83.474	10	4312
Loíza	PR	18.431	-65.880	39	4311
Sparta	MI	43.161	-85.710	10	4311
Carver	MN	44.764	-93.626	5	4311
Atlantic Highlands	NJ	40.408	-74.034	33	4311
Narberth	PA	40.008	-75.260	33	4309
Edgartown	MA	41.389	-70.513	33	4306
North Terre Haute	IN	39.528	-87.360	16	4305
High Ridge	MO	38.459	-90.537	5	4305
Groesbeck	TX	31.524	-96.534	5	4304
Tuscany-Canterbury	MD	39.338	-76.621	33	4304
Rutherford	PA	40.269	-76.768	33	4303
Plain City	OH	40.108	-83.267	33	4302
'A'ala	HI	21.315	-157.863	49	4302
Hokes Bluff	AL	33.998	-85.866	5	4301
Gonzales	BC	48.416	-123.330	46	4300
Rockmart	GA	34.003	-85.042	33	4300
Clay Center	KS	37.519	-96.771	5	4300
Berryville	VA	39.152	-77.982	33	4300
Osawatomie	KS	38.497	-94.951	5	4297
Deep River	ON	46.100	-77.499	45	4296
Austin	IN	38.758	-85.808	16	4295
Pleasant View	TN	36.394	-87.037	5	4295
Herricks	NY	40.755	-73.667	33	4295
East Troy	WI	42.785	-88.405	5	4295
Beresford	NB	47.691	-65.699	32	4294
Monte Vista	CO	37.579	-106.148	9	4294
West Wendover	NV	40.739	-114.073	29	4294
Santa Venetia	CA	37.999	-122.525	29	4292
La Joya	TX	26.247	-98.481	5	4291
Hampton	IA	42.742	-93.202	5	4290
Watertown	MN	44.964	-93.847	5	4289
Farmington	ME	44.671	-70.151	33	4288
Mountain Lakes	NJ	40.895	-74.433	33	4288
Le Roy	NY	42.978	-77.984	33	4288
Caraquet	NB	47.794	-64.939	32	4285
Caldwell	TX	30.531	-96.693	5	4283
Surfside Beach	SC	33.606	-78.973	33	4280
Hawaiian Beaches	HI	19.543	-154.916	49	4280
West Jefferson	OH	39.945	-83.269	33	4279
Jersey Shore	PA	41.202	-77.264	33	4279
Speedwell	TN	36.459	-83.872	33	4278
Emerald Lake Hills	CA	37.465	-122.268	29	4278
Ford City	CA	35.154	-119.456	29	4278
Louisburg	KS	38.619	-94.681	5	4276
Point Pleasant	WV	38.845	-82.137	33	4276
Slatington	PA	40.748	-75.612	33	4276
Ellenton	FL	27.522	-82.528	33	4275
Jourdanton	TX	28.918	-98.546	5	4275
Heber	CA	32.731	-115.530	29	4275
Buhl	ID	42.599	-114.759	3	4275
Waverly	OH	39.127	-82.985	33	4274
Falmouth	VA	38.324	-77.468	33	4274
Tortolita	AZ	32.410	-111.017	38	4274
Sherborn	MA	42.239	-71.370	33	4273
Riverdale	NJ	40.994	-74.303	33	4273
Royal Pines	NC	35.475	-82.516	33	4272
Sharpsville	PA	41.259	-80.472	33	4271
Bigfork	MT	48.063	-114.073	9	4270
China	ME	44.479	-69.517	33	4269
Phoenix Lake	CA	38.006	-120.307	29	4269
Terrasse-des-Pins	QC	45.864	-74.066	45	4268
Bradley Beach	NJ	40.202	-74.012	33	4268
Sebring	OH	40.923	-81.019	33	4266
Waverly	NY	42.010	-76.527	33	4264
Spindale	NC	35.360	-81.929	33	4263
Bellville	TX	29.950	-96.257	5	4262
Euharlee	GA	34.145	-84.933	33	4261
Minersville	PA	40.691	-76.262	33	4258
Santa Teresa	NM	31.856	-106.639	9	4258
Bowen Island	BC	49.385	-123.336	46	4256
Paradise Hills	NM	35.201	-106.701	9	4256
Prairie du Sac	WI	43.287	-89.724	5	4255
Kalama Valley	HI	21.297	-157.672	49	4254
Big Pine Key	FL	24.670	-81.354	33	4252
Mitchell	IN	38.733	-86.474	16	4252
Walhalla	SC	34.765	-83.064	33	4251
Barrington Hills	IL	42.145	-88.156	5	4251
Scottdale	PA	40.100	-79.587	33	4251
Vallée-des-Rivières	NB	47.215	-67.961	32	4250
Lyncourt	NY	43.081	-76.126	33	4250
Kindersley	SK	51.467	-109.168	41	4249
Lonoke	AR	34.784	-91.900	5	4249
Paintsville	KY	37.815	-82.807	33	4249
Wolfforth	TX	33.506	-102.009	5	4249
Bristow	OK	35.831	-96.391	5	4248
Patillas	PR	18.006	-66.016	39	4247
Blanchester	OH	39.293	-83.989	33	4246
Adel	IA	41.614	-94.017	5	4245
Lexington Park	PA	40.053	-75.046	33	4244
Grafton	ND	48.412	-97.411	5	4243
Cortez	FL	27.469	-82.686	33	4241
Freeburg	IL	38.428	-89.914	5	4241
Camuy	PR	18.484	-66.845	39	4240
Cresco	PA	41.154	-75.280	33	4240
Clarkdale	AZ	34.771	-112.058	38	4240
Egg Harbor City	NJ	39.529	-74.648	33	4239
Spotsylvania Courthouse	VA	38.198	-77.588	33	4239
Verona	VA	38.202	-79.008	33	4239
Mary Esther	FL	30.410	-86.665	5	4238
Greene Village	ME	44.190	-70.140	33	4238
Mojave	CA	35.052	-118.174	29	4238
Maniwaki	QC	46.383	-75.966	45	4236
Lorane	PA	40.288	-75.855	33	4236
Karwood Estates	NL	47.531	-52.855	43	4235
Sunnyside	CA	36.731	-119.695	29	4235
Lisbon	CT	41.604	-72.012	33	4234
Honesdale	PA	41.577	-75.259	33	4233
Iroquois Falls	ON	48.767	-80.683	45	4232
West Laurel	MD	39.101	-76.900	33	4230
North Wilkesboro	NC	36.158	-81.148	33	4226
University Gardens	NY	40.777	-73.723	33	4226
Cornwall	PA	40.274	-76.406	33	4226
Roxton Pond	QC	45.483	-72.666	45	4224
Cornelia	GA	34.511	-83.527	33	4223
Westover	WV	39.635	-79.970	33	4223
Dilley	TX	28.667	-99.171	5	4223
Ipswich	MA	42.679	-70.841	33	4222
West Newbury	MA	42.801	-70.990	33	4221
Fairfield Island	BC	49.186	-121.942	46	4220
Bolton	MA	42.433	-71.608	33	4220
Pendleton	IN	39.998	-85.747	16	4219
Mattituck	NY	40.991	-72.534	33	4219
Rumford	ME	44.554	-70.551	33	4218
Slaughterville	OK	35.087	-97.335	5	4217
Leisure Village East	NJ	40.030	-74.164	33	4217
South Greeley	WY	41.097	-104.806	9	4217
Millsboro	DE	38.592	-75.291	33	4216
Saint James	MO	37.997	-91.614	5	4216
Cotulla	TX	28.437	-99.235	5	4216
King Edward Park	AB	53.516	-113.458	11	4215
Pennside	PA	40.337	-75.879	33	4215
Bethlehem	NC	35.826	-81.307	33	4214
Chariton	IA	41.014	-93.307	5	4214
Winchendon	MA	42.686	-72.044	33	4213
Altona	MB	49.105	-97.560	48	4212
Beaufort	NC	34.718	-76.662	33	4212
Sellersville	PA	40.354	-75.305	33	4212
West Milwaukee	WI	43.013	-87.973	5	4212
Burnham	IL	41.639	-87.557	5	4210
Dillon	MT	45.216	-112.638	9	4210
Mayliewan	AB	53.623	-113.462	11	4209
Vassalboro	ME	44.459	-69.678	33	4208
Prescott	WI	44.749	-92.802	5	4208
French Island	WI	43.858	-91.260	5	4207
Rosemont	IL	41.995	-87.885	5	4206
Long Hill	CT	41.354	-72.052	33	4205
Mystic	CT	41.354	-71.966	33	4205
Lochmoor Waterway Estates	FL	26.644	-81.910	33	4204
Dyersville	IA	42.484	-91.123	5	4204
Jefferson	IA	42.015	-94.377	5	4204
University	MS	34.366	-89.525	5	4202
Harrisville	NB	46.118	-64.722	32	4201
Holmes Beach	FL	27.495	-82.711	33	4199
Caernarvon	AB	53.612	-113.526	11	4198
Swan River	MB	52.106	-101.268	48	4198
Springville	AL	33.775	-86.472	5	4198
Pittsboro	NC	35.720	-79.177	33	4198
Falls City	NE	40.061	-95.602	5	4198
Comanche	TX	31.897	-98.604	5	4197
East Merrimack	NH	42.868	-71.483	33	4197
Hazlehurst	GA	31.870	-82.594	33	4196
Spruce Cliff	AB	51.050	-114.140	11	4195
Wolfville	NS	45.083	-64.365	15	4195
Dimmitt	TX	34.551	-102.312	5	4195
Ritchie	AB	53.513	-113.480	11	4194
Centralia	MO	39.210	-92.138	5	4194
Northwoods	MO	38.704	-90.283	5	4193
West Bradenton	FL	27.503	-82.614	33	4192
Monongahela	PA	40.203	-79.926	33	4192
University Park	NM	32.283	-106.753	9	4192
Lindale	GA	34.187	-85.175	33	4191
West Reading	PA	40.334	-75.947	33	4191
Canton	NC	35.533	-82.837	33	4190
Ashville	OH	39.716	-82.953	33	4190
Trent Woods	NC	35.082	-77.086	33	4189
Sullivan City	TX	26.278	-98.564	5	4189
Bellaire	OH	40.016	-80.742	33	4189
Lake Wisconsin	WI	43.374	-89.576	5	4189
Empire	CA	37.638	-120.902	29	4189
Leland	MS	33.405	-90.898	5	4188
Westway	TX	31.959	-106.578	9	4188
Victory Heights	BC	49.235	-122.900	46	4186
Wauna	WA	47.379	-122.643	29	4186
Alturas	FL	27.872	-81.715	33	4185
Gang Mills	NY	42.146	-77.112	33	4185
Allston/Brighton	MA	42.356	-71.142	33	4185
Gatlinburg	TN	35.715	-83.512	33	4184
Pine Level	AL	32.584	-86.466	5	4183
Salem	CT	41.490	-72.275	33	4183
China Grove	NC	35.569	-80.582	33	4182
Rutherfordton	NC	35.369	-81.957	33	4182
Fayetteville	NY	43.030	-76.004	33	4180
Oakwood	GA	34.228	-83.884	33	4178
Reiffton	PA	40.320	-75.874	33	4178
Stonewall	MB	50.134	-97.327	48	4177
Cedarville	OH	39.744	-83.809	33	4177
Wadena	MN	46.442	-95.136	5	4176
Hamilton	NY	42.827	-75.545	33	4176
Broadmoor	CA	37.687	-122.483	29	4176
Avenue B and C	AZ	32.719	-114.660	38	4176
Montgomery	AB	51.075	-114.164	11	4175
Waialae Iki	HI	21.284	-157.766	49	4174
North East	PA	42.216	-79.834	33	4172
Morgans Point Resort	TX	31.148	-97.463	5	4170
Columbiana	AL	33.178	-86.607	5	4168
Carlisle	IA	41.501	-93.491	5	4168
Chester	MD	38.975	-76.289	33	4167
Wayland	MI	42.674	-85.645	10	4166
Aldan	PA	39.922	-75.288	33	4165
Ho-Ho-Kus	NJ	40.996	-74.101	33	4165
Volo	IL	42.326	-88.168	5	4164
Brevoort Park	SK	52.110	-106.610	41	4163
Welcome	NC	35.903	-80.257	33	4162
Bluffton	OH	40.895	-83.889	33	4161
Indian River Shores	FL	27.717	-80.384	33	4156
Armona	CA	36.316	-119.708	29	4156
Jasper	FL	30.518	-82.948	33	4155
Sullivan	IN	39.095	-87.406	16	4155
New Maryland	NB	45.897	-66.682	32	4153
Randleman	NC	35.818	-79.803	33	4153
Rosebank	NY	40.614	-74.066	33	4152
Beeton	ON	44.080	-79.782	45	4151
Juniper Ridge	BC	50.667	-120.250	46	4151
Fairview Acres	NL	47.540	-52.744	43	4151
Taylor	AZ	34.465	-110.091	38	4151
Hau‘ula	HI	21.608	-157.909	49	4148
Grant	MN	45.084	-92.910	5	4147
Hooksett	NH	43.097	-71.465	33	4147
Medford Lakes	NJ	39.858	-74.803	33	4146
Byram	CT	41.004	-73.654	33	4146
Patterson	AB	51.062	-114.175	11	4145
Golden Triangle	NJ	39.928	-75.039	33	4145
Morrison	IL	41.810	-89.965	5	4145
Goodview	MN	44.062	-91.696	5	4144
Fetters Hot Springs-Agua Caliente	CA	38.321	-122.487	29	4144
Marine City	MI	42.719	-82.492	10	4143
West End	ON	48.437	-89.248	45	4142
East Hampton North	NY	40.973	-72.189	33	4142
Pipestone	MN	44.001	-96.318	5	4141
Rossland	BC	49.083	-117.802	46	4140
Bridgeport	BC	49.199	-123.114	46	4140
Suquamish	WA	47.731	-122.552	29	4140
Hickory Creek	TX	33.122	-97.043	5	4139
South Chicago Heights	IL	41.481	-87.638	5	4138
Breinigsville	PA	40.537	-75.631	33	4138
Newport	SC	34.990	-81.101	33	4136
Lathrup Village	MI	42.496	-83.223	10	4135
Didsbury	AB	51.667	-114.135	11	4134
Trenton	TN	35.981	-88.941	5	4134
Liberty	NY	41.801	-74.747	33	4134
Ely	NV	39.247	-114.889	29	4134
Pocomoke City	MD	38.076	-75.568	33	4133
Isle of Palms	SC	32.787	-79.795	33	4133
Broken Bow	OK	34.029	-94.739	5	4131
Roselawn	IN	41.142	-87.315	5	4131
Shrewsbury	NJ	40.330	-74.062	33	4131
St. Louis Heights	HI	21.298	-157.804	49	4131
Barry Farms	DC	38.856	-76.991	33	4129
Woodruff	SC	34.740	-82.037	33	4129
Churchville	PA	40.194	-75.004	33	4128
Melville	SK	50.917	-102.801	41	4127
Forty Fort	PA	41.279	-75.878	33	4126
Barnesville	OH	39.988	-81.177	33	4125
Williamston	SC	34.618	-82.478	33	4124
Medina	TN	35.803	-88.775	5	4124
Kenmar	PA	41.253	-76.959	33	4124
Warminster Heights	PA	40.187	-75.082	33	4124
Spackenkill	NY	41.656	-73.913	33	4123
El Verano	CA	38.298	-122.492	29	4123
Malden	MO	36.557	-89.966	5	4121
Peotone	IL	41.332	-87.785	5	4120
Colorado City	TX	32.388	-100.865	5	4117
Sakaw	AB	53.440	-113.431	11	4113
Indian Rocks Beach	FL	27.875	-82.851	33	4113
Vidalia	LA	31.565	-91.426	5	4112
Metter	GA	32.397	-82.060	33	4111
Mount Washington	MD	39.364	-76.673	33	4111
Fairville Plateau	NB	45.248	-66.099	32	4109
Bardonia	NY	41.110	-73.996	33	4108
Reedsport	OR	43.702	-124.097	29	4107
Kuakini	HI	21.321	-157.856	49	4106
Highland Park	AB	51.083	-114.067	11	4105
Wolf Lake	MI	43.255	-86.110	10	4104
Whiteriver	AZ	33.837	-109.964	38	4104
San Carlos	AZ	33.346	-111.851	38	4103
Goulding	FL	30.443	-87.222	5	4102
Smithville	TX	30.009	-97.159	5	4101
Sinking Spring	PA	40.327	-76.011	33	4101
Burgaw	NC	34.552	-77.926	33	4100
Nassau Bay	TX	29.545	-95.091	5	4100
Raynham Center	MA	41.924	-71.052	33	4100
Lisbon Falls	ME	43.996	-70.061	33	4100
Cool	CA	38.887	-121.015	29	4100
Pecan Acres	TX	32.970	-97.475	5	4099
Forestdale	MA	41.692	-70.499	33	4099
Caro	MI	43.491	-83.399	10	4099
Holtville	AL	32.636	-86.327	5	4096
Rockaway Point	NY	40.561	-73.915	33	4096
Kewaskum	WI	43.521	-88.229	5	4096
Manchester	GA	32.860	-84.620	33	4095
June Park	FL	28.072	-80.680	33	4094
Cold Spring	MN	45.456	-94.429	5	4094
Lake of the Woods	AZ	34.164	-109.990	38	4094
Eastwood	LA	32.556	-93.567	5	4093
Pilot Point	TX	33.397	-96.961	5	4093
Louisville	TN	35.822	-84.048	33	4092
Butler	MO	38.259	-94.331	5	4091
Dundee	FL	28.023	-81.619	33	4090
Waverly	TN	36.084	-87.795	5	4090
Ct 0015	QC	45.554	-73.537	45	4089
Haleyville	AL	34.226	-87.621	5	4088
Rydal	GA	34.335	-84.715	33	4087
Fleetwood	PA	40.454	-75.818	33	4085
Vermilion	AB	53.354	-110.858	11	4084
Metabetchouan-Lac-a-la-Croix	QC	48.410	-71.780	45	4084
Berne	IN	40.658	-84.952	16	4084
Assonet	MA	41.796	-71.068	33	4084
Benton Heights	MI	42.131	-86.407	10	4084
Niverville	MB	49.606	-97.042	48	4083
Hampstead	NC	34.368	-77.711	33	4083
Fort Gibson	OK	35.798	-95.251	5	4083
Weston	WV	39.038	-80.467	33	4082
Ellenville	NY	41.717	-74.396	33	4081
Bunche Park	FL	25.921	-80.237	33	4080
Mount Olive	AL	33.671	-86.856	5	4079
Boylston	MA	42.392	-71.704	33	4078
Carstairs	AB	51.567	-114.102	11	4077
Carleton-sur-Mer	QC	48.107	-66.128	45	4077
Fulton	MS	34.274	-88.409	5	4077
Riva	MD	38.952	-76.578	33	4076
Fredericktown	MO	37.560	-90.294	5	4076
Bridgwater Trails	MB	49.788	-97.204	48	4075
Laurel	DE	38.556	-75.571	33	4075
Vineland	ON	43.151	-79.394	45	4074
Boca Pointe	FL	26.333	-80.159	33	4073
Senoia	GA	33.302	-84.554	33	4073
College Park	ON	48.394	-89.290	45	4072
Woodson Terrace	MO	38.725	-90.358	5	4072
Livingston	TN	36.383	-85.323	5	4071
Argo	AL	33.688	-86.501	5	4071
Mahanoy City	PA	40.813	-76.142	33	4070
Barboursville	WV	38.410	-82.295	33	4069
Chalfont	PA	40.288	-75.209	33	4069
East Windsor	CT	41.912	-72.545	33	4069
Dexter	MI	42.338	-83.890	10	4067
Uptown Fredericton	NB	45.943	-66.670	32	4066
Bunkie	LA	30.953	-92.183	5	4066
Oak View	CA	34.400	-119.300	29	4066
Bancroft	ON	45.058	-77.857	45	4065
Hallsville	TX	32.504	-94.574	5	4065
Eldorado	IL	37.814	-88.438	5	4064
Dwight	IL	41.094	-88.425	5	4063
Cannon Falls	MN	44.507	-92.905	5	4062
Alfred	NY	42.254	-77.791	33	4061
Arlington	NY	41.696	-73.897	33	4061
Elkin	NC	36.244	-80.848	33	4060
LaVerkin	UT	37.201	-113.270	9	4060
Chelan	WA	47.841	-120.016	29	4060
Grayson	KY	38.333	-82.948	33	4058
Scandia	MN	45.254	-92.806	5	4057
Felton	CA	37.051	-122.073	29	4057
Grant-Valkaria	FL	27.940	-80.571	33	4056
Richmond	ON	45.183	-75.833	45	4055
Woodbridge	VA	38.658	-77.250	33	4055
Algonac	MI	42.619	-82.532	10	4055
Matt Berry	AB	53.622	-113.437	11	4053
Fenton	MO	38.513	-90.436	5	4052
Thomasville	AL	31.913	-87.736	5	4051
Holliston	SK	52.110	-106.630	41	4050
Grand Forks	BC	49.033	-118.436	46	4049
Morgan	UT	41.036	-111.677	9	4049
Boyertown	PA	40.334	-75.637	33	4046
Caseyville	IL	38.637	-90.026	5	4045
Waynesburg	PA	39.896	-80.179	33	4045
Westborough	MA	42.270	-71.616	33	4045
Rosedale	WA	47.331	-122.652	29	4044
Greencastle	PA	39.790	-77.728	33	4043
Gordon Heights	NY	40.859	-72.971	33	4042
Lincoln Park	BC	49.283	-122.750	46	4040
Aguada	PR	18.379	-67.188	39	4040
Selby-on-the-Bay	MD	38.916	-76.522	33	4040
Kildeer	IL	42.171	-88.048	5	4040
Golden	BC	51.300	-116.969	11	4038
Rosewood Heights	IL	38.888	-90.085	5	4038
Manning	SC	33.695	-80.211	33	4037
Baden	PA	40.635	-80.228	33	4037
University Downs	ON	43.485	-80.495	45	4036
Buckingham	FL	26.675	-81.732	33	4036
Fremont	MI	43.468	-85.942	10	4036
Pocola	OK	35.231	-94.478	5	4031
Lorelei	AB	53.623	-113.500	11	4030
Verchères	QC	45.783	-73.349	45	4030
Mosinee	WI	44.793	-89.703	5	4030
Brewerton	NY	43.238	-76.141	33	4029
Rigby	ID	43.672	-111.915	3	4029
Baxter Springs	KS	37.024	-94.736	5	4028
Sissonville	WV	38.528	-81.631	33	4028
Citrus Park	AZ	33.549	-112.444	38	4028
Ct 0029	QC	45.547	-73.551	45	4027
Fordyce	AR	33.814	-92.413	5	4027
Spencer	OK	35.523	-97.377	5	4027
Highlands-Baywood Park	CA	37.523	-122.345	29	4027
Madison	GA	33.596	-83.468	33	4026
Westport	NC	35.501	-80.979	33	4026
Wonder Lake	IL	42.385	-88.347	5	4026
Garden City South	NY	40.712	-73.661	33	4024
San Joaquin	CA	36.607	-120.189	29	4022
Berry Mills Heights	NB	46.100	-64.850	32	4021
Chagrin Falls	OH	41.436	-81.386	33	4021
Level Green	PA	40.393	-79.720	33	4020
Forest City	IA	43.262	-93.637	5	4018
Orange	MA	42.590	-72.310	33	4018
Dallastown	PA	39.900	-76.640	33	4017
Wood Village	OR	45.534	-122.419	29	4017
Stilwell	OK	35.815	-94.629	5	4016
Saw Creek	PA	41.113	-75.051	33	4016
Alvarado	TX	32.407	-97.212	5	4015
Charleroi	PA	40.138	-79.898	33	4015
Forsyth	GA	33.034	-83.938	33	4013
Beechfield	MD	39.272	-76.693	33	4013
Aumsville	OR	44.841	-122.871	29	4013
Mount Plymouth	FL	28.808	-81.533	33	4011
Westmount	ON	43.456	-80.528	45	4010
Crescent Springs	KY	39.051	-84.582	33	4010
Bystrom	CA	37.621	-120.986	29	4008
Stellarton	NS	45.559	-62.661	15	4007
South Brooksville	FL	28.536	-82.384	33	4007
Columbus	MN	45.265	-93.050	5	4007
Niwot	CO	40.104	-105.171	9	4006
Bloomfield Hills	MI	42.584	-83.245	10	4004
Skyline View	PA	40.339	-76.726	33	4003
New Lebanon	OH	39.745	-84.385	33	4001
North Great River	NY	40.747	-73.170	33	4001
Cadboro Bay	BC	48.467	-123.300	46	4000
Koksilah	BC	48.767	-123.683	46	4000
Middlegate	BC	49.217	-122.950	46	4000
Sunnyside	AB	51.058	-114.077	11	4000
Cedar Knolls	NJ	40.822	-74.449	33	4000
Cross Plains	WI	43.114	-89.656	5	4000
Westview	SK	52.148	-106.703	41	3999
Ridgeland	SC	32.481	-80.980	33	3999
Le Sueur	MN	44.461	-93.915	5	3999
Menands	NY	42.692	-73.725	33	3998
Rossville	GA	34.983	-85.286	33	3997
Calder	AB	53.589	-113.529	11	3995
Rose Hill	KS	37.558	-97.135	5	3995
Oakhurst	NJ	40.271	-74.016	33	3995
Ellenvale	NS	44.677	-63.520	15	3994
The Meadows	FL	27.362	-82.469	33	3994
Dundee	MI	41.957	-83.660	10	3994
Montpelier	OH	41.584	-84.606	33	3993
Akron	PA	40.157	-76.202	33	3993
Belleair	FL	27.936	-82.806	33	3992
Oaklyn	NJ	39.901	-75.085	33	3992
Shallotte	NC	33.973	-78.386	33	3991
Otsego	MI	42.461	-85.696	10	3991
Killarney	AB	53.589	-113.480	11	3990
Sparwood	BC	49.733	-114.885	11	3990
Three Rivers	NB	45.912	-65.152	32	3990
Washington Park	IL	38.635	-90.093	5	3990
Ball	LA	31.415	-92.412	5	3990
Fort McKinley	OH	39.798	-84.254	33	3989
Highgrove	CA	34.016	-117.333	29	3988
Lago Lindo	AB	53.637	-113.483	11	3987
Danielson	CT	41.803	-71.886	33	3987
Eastwood	AB	53.575	-113.472	11	3985
Cowan Heights	NL	47.531	-52.772	43	3985
Mullica Hill	NJ	39.739	-75.224	33	3982
Le Claire	IA	41.599	-90.343	5	3982
Elmira Heights	NY	42.130	-76.821	33	3982
Sheffield	OH	41.421	-82.096	33	3982
Lawrence Park	PA	42.152	-80.023	33	3982
Bonsall	CA	33.289	-117.226	29	3982
Washington	GA	33.737	-82.739	33	3981
Springfield	VT	43.298	-72.482	33	3979
Hubbardston	MA	42.474	-72.006	33	3977
Mulberry	FL	27.895	-81.973	33	3976
Reminderville	OH	41.346	-81.395	33	3976
Heritage Hills	NY	41.340	-73.697	33	3975
Mary Hill	BC	49.233	-122.783	46	3974
Walthourville	GA	31.774	-81.633	33	3974
Windber	PA	40.240	-78.835	33	3974
Baldwin	WI	44.967	-92.374	5	3972
Eastview	SK	52.094	-106.615	41	3971
Fairway	KS	39.022	-94.632	5	3970
Morrell Park	MD	39.265	-76.661	33	3970
Hale‘iwa	HI	21.593	-158.103	49	3970
Lafayette	OR	45.244	-123.115	29	3969
Larned	KS	38.181	-99.099	5	3967
Saint Joseph	IL	40.112	-88.042	5	3967
Mount Hermon	VA	36.678	-79.422	33	3966
Normanview	SK	50.481	-104.662	41	3965
Callander	ON	46.217	-79.366	45	3964
Wallace	NC	34.736	-77.995	33	3964
Hugoton	KS	37.175	-101.350	5	3964
Castle Point	MO	38.758	-90.248	5	3962
Saint-Augustin	QC	51.226	-58.650	2	3961
Throop	PA	41.451	-75.612	33	3960
Caban	PR	18.443	-67.136	39	3959
Upper Fells Point	MD	39.288	-76.589	33	3959
Belle Rive	AB	53.623	-113.476	11	3958
Fortville	IN	39.932	-85.848	16	3957
Gamewell	NC	35.869	-81.596	33	3957
Spurgeon	TN	36.440	-82.456	33	3957
Bunker Hill Village	TX	29.767	-95.530	5	3957
Highland Mills	NY	41.347	-74.126	33	3957
Port Aransas	TX	27.834	-97.061	5	3955
Lewisburg	WV	37.802	-80.446	33	3949
Village Shires	PA	40.203	-74.970	33	3949
Jasper	AB	52.879	-118.080	11	3948
Park Rapids	MN	46.922	-95.059	5	3947
Warren	ME	44.120	-69.240	33	3945
Williamstown	KY	38.638	-84.561	33	3943
Country Lake Estates	NJ	39.943	-74.544	33	3943
Nottingham	NH	43.115	-71.100	33	3942
Carroll Valley	PA	39.749	-77.383	33	3941
Deer Park	WA	47.954	-117.477	29	3941
Lower Pawaa	HI	21.298	-157.840	49	3941
Franklin	NC	35.182	-83.382	33	3940
East Sandwich	MA	41.742	-70.452	33	3940
Norton	VA	36.933	-82.629	33	3939
Hephzibah	GA	33.314	-82.097	33	3936
Woodmore	MD	38.921	-76.803	33	3936
Weaverville	NC	35.697	-82.561	33	3936
Wellington	BC	49.216	-124.042	46	3935
Varsity View	SK	52.122	-106.640	41	3935
Herculaneum	MO	38.268	-90.380	5	3935
Medina	TX	26.921	-99.259	5	3935
West Columbia	TX	29.144	-95.645	5	3935
Monmouth	ME	44.239	-70.036	33	3935
Bellaire	KS	37.763	-97.267	5	3934
Laguna Beach	FL	30.240	-85.924	5	3932
Tri-City	OR	42.985	-123.312	29	3931
Belfair	WA	47.451	-122.827	29	3931
Hardwick	GA	33.068	-83.223	33	3930
Centerville	MN	45.163	-93.056	5	3930
Northwest Harwich	MA	41.690	-70.103	33	3929
Ward Village	HI	21.293	-157.852	49	3929
Fairmount	NS	44.644	-63.635	15	3928
Wilmer	TX	32.589	-96.685	5	3928
Tabor City	NC	34.149	-78.877	33	3927
Marshall	WI	43.168	-89.067	5	3927
Huntingdon	TN	36.001	-88.428	5	3926
Highland Lakes	AL	33.398	-86.651	5	3926
Morin-Heights	QC	45.900	-74.249	45	3925
Hazlehurst	MS	31.860	-90.396	5	3924
South Point	OH	38.418	-82.586	33	3924
Mountain View	HI	19.556	-155.108	49	3924
Madill	OK	34.090	-96.772	5	3923
Portland	MI	42.869	-84.903	10	3923
Dupo	IL	38.516	-90.210	5	3921
Pū‘ōhala Village	HI	21.408	-157.796	49	3921
Union Springs	AL	32.144	-85.715	5	3919
McGehee	AR	33.629	-91.400	5	3919
Stock Island	FL	24.567	-81.738	33	3919
Chester	NY	41.363	-74.271	33	3918
Alexandria	AL	33.774	-85.886	5	3917
Lake of the Pines	CA	39.040	-121.057	29	3917
Wilbraham	MA	42.124	-72.431	33	3915
Jackson Heights	AB	53.483	-113.408	11	3911
Boscawen	NH	43.315	-71.621	33	3911
Park Hill	OK	35.861	-94.959	5	3909
Whitesboro	TX	33.656	-96.907	5	3909
Hayfield	VA	38.752	-77.136	33	3909
Mogadore	OH	41.046	-81.398	33	3909
Shawnigan Lake	BC	48.651	-123.645	46	3908
Jasper Park Lodge	AB	52.886	-118.056	11	3907
Walton	KY	38.876	-84.610	33	3907
Sutton	QC	45.100	-72.616	45	3906
Lowell	MI	42.934	-85.342	10	3906
Marietta-Alderwood	WA	48.790	-122.554	29	3906
Jamieson Place	AB	53.490	-113.648	11	3905
Argyle	TX	33.121	-97.183	5	3905
Presidio	TX	29.561	-104.372	5	3904
Elba	AL	31.415	-86.068	5	3903
Saugerties	NY	42.078	-73.953	33	3903
Baie-D'Urfé	QC	45.414	-73.916	45	3902
Port Hardy	BC	50.721	-127.492	46	3902
Chalkville	AL	33.653	-86.648	5	3901
Kensington Park	FL	27.359	-82.496	33	3901
North Wildwood	NJ	39.001	-74.799	33	3901
Bois-Joli	NB	47.991	-66.512	32	3900
Carmel-by-the-Sea	CA	36.555	-121.923	29	3897
Millstadt	IL	38.461	-90.092	5	3896
Beach Haven West	NJ	39.670	-74.232	33	3896
Ridgway	PA	41.420	-78.729	33	3896
Chilton	WI	44.029	-88.163	5	3896
Bromont	QC	45.317	-72.649	45	3895
Allen Lane	PA	40.056	-75.197	33	3895
Crane	TX	31.397	-102.350	5	3895
Friona	TX	34.642	-102.724	5	3894
Dewey-Humboldt	AZ	34.530	-112.242	38	3894
Mineral Ridge	OH	41.140	-80.769	33	3892
Lolo	MT	46.759	-114.081	9	3892
Village Green	NY	43.133	-76.313	33	3891
Basalt	CO	39.369	-107.033	9	3891
Montesano	WA	46.981	-123.603	29	3891
Forest Oaks	NC	35.988	-79.706	33	3890
Booneville	AR	35.140	-93.922	5	3888
Tarpey Village	CA	36.793	-119.701	29	3888
Citronelle	AL	31.091	-88.228	5	3887
Nichols Hills	OK	35.551	-97.549	5	3887
Lawrenceville	NJ	40.297	-74.730	33	3887
Semmes	AL	30.778	-88.259	5	3886
Carrollton	KY	38.681	-85.179	33	3886
Swanton	OH	41.589	-83.891	33	3886
Farmington	NH	43.390	-71.065	33	3885
Kittanning	PA	40.816	-79.522	33	3885
Williamston	MI	42.689	-84.283	10	3883
Laureldale	PA	40.388	-75.918	33	3883
Bordentown	NJ	40.146	-74.712	33	3882
Lower Grand Lagoon	FL	30.144	-85.751	5	3881
Meridian	PA	40.848	-79.962	33	3881
Saint-Tite	QC	46.733	-72.566	45	3880
Marshall	IL	39.391	-87.694	5	3880
Camdenton	MO	38.008	-92.745	5	3880
Belleville	MI	42.205	-83.485	10	3880
Tyro	NC	35.809	-80.373	33	3879
Bajadero	PR	18.427	-66.683	39	3877
Northwood	NH	43.194	-71.151	33	3877
Denver	PA	40.233	-76.137	33	3875
Catskill	NY	42.217	-73.865	33	3874
Idyllwild-Pine Cove	CA	33.744	-116.726	29	3874
Pennsburg	PA	40.391	-75.492	33	3873
Lake Erie Beach	NY	42.624	-79.067	33	3872
Waialae - Kahala	HI	21.270	-157.784	49	3872
Quitman	GA	30.785	-83.560	33	3871
South Baltimore	MD	39.270	-76.615	33	3871
Valdez	AK	61.131	-146.348	0	3870
Elroy	NC	35.343	-77.909	33	3869
Madison	IL	38.683	-90.157	5	3868
Brookville	PA	41.161	-79.083	33	3868
Deer Lodge	MB	49.882	-97.230	48	3865
Ashland	MO	38.774	-92.257	5	3865
Florence	CO	38.390	-105.119	9	3865
Windsor	NS	44.983	-64.132	15	3864
Lancaster	KY	37.620	-84.578	33	3864
Shrewsbury	PA	39.769	-76.680	33	3863
Cozad	NE	40.860	-99.987	5	3863
Farmerville	LA	32.773	-92.406	5	3862
Strafford	NH	43.327	-71.184	33	3862
Treasure Lake	PA	41.173	-78.716	33	3861
Charlotte	VT	44.310	-73.261	33	3861
Waialua	HI	21.577	-158.132	49	3860
Buzzards Bay	MA	41.745	-70.618	33	3859
Irwin	PA	40.325	-79.701	33	3859
Coquille	OR	43.177	-124.188	29	3858
Indian Head	MD	38.600	-77.162	33	3857
Barrington	NS	43.563	-65.562	15	3856
Lakeridge	SK	52.095	-106.576	41	3856
Southgate	KY	39.072	-84.473	33	3856
Pincher Creek	AB	49.483	-113.952	11	3855
Ovilla	TX	32.527	-96.886	5	3855
Samoset	FL	27.469	-82.541	33	3854
Wingate	NC	34.984	-80.449	33	3854
Woodbourne	PA	40.192	-74.889	33	3851
Longview Heights	WA	46.180	-122.957	29	3851
Carlisle	AB	53.604	-113.525	11	3850
Montréal-Est	QC	45.632	-73.507	45	3850
Garden Ridge	TX	29.635	-98.305	5	3850
Cottonwood	CA	38.658	-121.971	29	3850
Valley Grande	AL	32.509	-86.987	5	3849
Crittenden	KY	38.783	-84.605	33	3848
Chattanooga Valley	GA	34.933	-85.356	33	3846
Putnam Lake	NY	41.462	-73.546	33	3844
Ravenswood	WV	38.948	-81.761	33	3843
Lakewood	IL	42.229	-88.355	5	3843
Sunderland	MA	42.245	-71.772	33	3843
Deephaven	MN	44.930	-93.522	5	3843
Lonsdale	MN	44.480	-93.429	5	3843
Arnold	CA	38.255	-120.351	29	3843
Leo-Cedarville	IN	41.213	-85.017	16	3842
Highland Falls	NY	41.369	-73.966	33	3841
Harbison Canyon	CA	32.820	-116.830	29	3841
West Pleasant View	CO	39.733	-105.179	9	3840
Salem Heights	OH	39.072	-84.378	33	3839
Linden	MI	42.814	-83.782	10	3839
Scott City	KS	38.483	-100.907	5	3838
Bosque Farms	NM	34.855	-106.705	9	3838
Green Oaks	IL	42.290	-87.903	5	3837
Fort Langley	BC	49.168	-122.580	46	3836
York	AB	53.604	-113.428	11	3836
Hanamā‘ulu	HI	21.994	-159.355	49	3835
Cresco	IA	43.381	-92.114	5	3833
Lambertville	NJ	40.366	-74.943	33	3833
Acme	PA	40.127	-79.429	33	3833
Bisset	AB	53.458	-113.399	11	3831
Lincoln Heights	OH	40.771	-82.484	33	3831
Richwood	TX	29.056	-95.410	5	3830
Albia	IA	41.027	-92.806	5	3829
Society Hill	NJ	40.534	-74.458	33	3829
Sewickley	PA	40.536	-80.184	33	3829
Morada	CA	38.039	-121.246	29	3828
Olivarez	TX	26.228	-97.992	5	3827
Sherman	CT	41.579	-73.496	33	3827
Rocky Ford	CO	38.053	-103.720	9	3827
South Russell	OH	41.431	-81.365	33	3826
Eastland	TX	32.402	-98.818	5	3825
Monticello	IA	42.238	-91.187	5	3825
Indian Head Park	IL	41.770	-87.902	5	3824
Maytown	PA	40.075	-76.582	33	3824
Plainwell	MI	42.440	-85.649	10	3822
Cayuga Heights	NY	42.460	-76.488	33	3822
Newfane	NY	43.287	-78.710	33	3822
North Hudson	WI	44.993	-92.757	5	3822
Desert Edge	CA	33.924	-116.441	29	3822
Merchantville	NJ	39.947	-75.067	33	3821
Roosevelt Park	MI	43.196	-86.272	10	3821
Ashburn	GA	31.706	-83.653	33	3820
Potala Pastillo	PR	17.991	-66.497	39	3819
La Cienega	NM	35.563	-106.131	9	3819
Port Monmouth	NJ	40.430	-74.098	33	3818
Rosita North	TX	28.656	-100.422	5	3818
Lantzville	BC	49.245	-124.075	46	3817
DeMotte	IN	41.195	-87.199	5	3814
Hesston	KS	38.138	-97.431	5	3813
Lawnton	PA	40.258	-76.804	33	3813
Balwin	AB	53.588	-113.455	11	3811
Emmetsburg	IA	43.113	-94.683	5	3811
Central Frederick	ON	43.455	-80.479	45	3808
Chesterfield Court House	VA	37.377	-77.505	33	3808
Broadway	VA	38.613	-78.799	33	3807
Eden	NY	41.289	-74.494	33	3806
Bishop	CA	37.364	-118.395	29	3806
Nome	AK	64.501	-165.406	34	3806
Banff Trail	AB	51.074	-114.112	11	3805
Edgewood	NM	35.061	-106.191	9	3805
Makua Valley	HI	21.520	-158.221	49	3805
Greentown	OH	40.928	-81.403	33	3804
Spring House	PA	40.185	-75.228	33	3804
L'Islet-sur-Mer	QC	47.129	-70.371	45	3803
Lake Tansi	TN	35.873	-85.054	5	3803
Sunset Beach	NC	33.881	-78.512	33	3801
Thompson's Station	TN	35.802	-86.911	5	3801
El Jebel	CO	39.395	-107.090	9	3801
British Properties	BC	49.350	-123.133	46	3800
Hardin	MT	45.732	-107.612	9	3800
Falmouth	MA	41.551	-70.615	33	3799
Avalon	CA	33.343	-118.328	29	3799
Lansford	PA	40.832	-75.882	33	3798
Gouverneur	NY	44.337	-75.463	33	3797
Massey Place	SK	52.141	-106.719	41	3796
Golden Beach	MD	38.490	-76.682	33	3796
Kings Beach	CA	39.238	-120.027	29	3796
Deer Ridge	AB	50.926	-114.014	11	3795
Bridgwater Lakes	MB	49.797	-97.208	48	3795
Wintersville	OH	40.375	-80.704	33	3795
Newcomerstown	OH	40.272	-81.606	33	3794
Yellow Springs	OH	39.806	-83.887	33	3793
Hiram	GA	33.876	-84.762	33	3792
Cisco	TX	32.388	-98.979	5	3791
Carter Lake	IA	41.291	-95.918	5	3791
Beloit	KS	39.456	-98.106	5	3790
Wilburton	WA	47.603	-122.181	29	3790
Lake Park	NC	35.086	-80.635	33	3789
Jackson	LA	30.837	-91.218	5	3788
National Harbor	MD	38.783	-77.015	33	3788
Shannon Hills	AR	34.620	-92.395	5	3786
Windsor	NC	35.998	-76.946	33	3785
Upland	IN	40.476	-85.494	16	3785
Blanding	UT	37.624	-109.480	9	3785
Mills	WY	42.841	-106.366	9	3785
Saint James City	FL	26.498	-82.078	33	3784
Longbranch	WA	47.209	-122.757	29	3784
Franklinton	LA	30.847	-90.155	5	3782
Berkshire Heights	MA	42.189	-73.369	33	3781
Claresholm	AB	50.033	-113.585	11	3780
Ct 0002	QC	45.604	-73.517	45	3780
Rockwell	AR	34.464	-93.134	5	3780
Rochester	IL	39.749	-89.532	5	3779
Armistead Gardens	MD	39.302	-76.549	33	3779
North Muskegon	MI	43.256	-86.268	10	3779
Glenwood Landing	NY	40.831	-73.639	33	3779
Oak Bluffs	MA	41.454	-70.562	33	3778
Lancaster	WI	42.847	-90.711	5	3778
Broward Estates	FL	26.126	-80.193	33	3777
Vienna	GA	32.092	-83.795	33	3777
Boyne City	MI	45.217	-85.014	10	3776
UDistrict	BC	49.031	-122.294	46	3775
Evergreen	AL	31.433	-86.957	5	3774
Cleveland	GA	34.597	-83.763	33	3773
Chesterfield	NH	42.887	-72.470	33	3773
Clyde	TX	32.406	-99.494	5	3771
Sweeny	TX	29.039	-95.699	5	3771
Oliver	MD	39.308	-76.599	33	3771
Kaumakani-Hanapepe	HI	21.924	-159.543	49	3769
Todd Creek	CO	39.978	-104.873	9	3768
Kawailoa	HI	21.623	-158.080	49	3768
Carolina Shores	NC	33.901	-78.581	33	3767
Southern Shops	SC	34.986	-81.995	33	3767
Ballinger	TX	31.738	-99.947	5	3767
Marianna	AR	34.774	-90.758	5	3766
Nackawic-Millville	NB	46.078	-67.233	32	3765
Rochester	WI	42.741	-88.224	5	3765
Metzger	OR	45.447	-122.759	29	3765
Salton City	CA	33.299	-115.956	29	3763
Jasper	GA	34.468	-84.429	33	3762
Palmer Heights	PA	40.687	-75.262	33	3762
Bagdad	FL	30.599	-87.032	5	3761
Vine Hill	CA	38.009	-122.096	29	3761
Brighton	SK	52.127	-106.561	41	3759
Curtis Bay	MD	39.227	-76.588	33	3759
Lauraville	MD	39.347	-76.572	33	3759
Moyock	NC	36.525	-76.178	33	3759
Deer Park	IL	42.161	-88.081	5	3759
Thornwood	NY	41.123	-73.779	33	3759
Skippack	PA	40.223	-75.399	33	3758
Caulfeild	BC	49.350	-123.250	46	3757
Fruit Hill	OH	39.076	-84.364	33	3755
Sidney	NY	42.315	-75.392	33	3755
Cumberland	BC	49.616	-125.036	46	3753
Hopedale	MA	42.131	-71.541	33	3753
Canton	TX	32.557	-95.863	5	3752
Fairbury	NE	40.137	-97.181	5	3751
New-Richmond	QC	48.161	-65.858	45	3748
Coal Valley	IL	41.429	-90.461	5	3748
Forks	WA	47.950	-124.385	29	3747
Northchase	NC	34.308	-77.877	33	3747
Collinsville	CT	41.813	-72.920	33	3746
Pleasantview	AB	53.492	-113.508	11	3745
Northlake	SC	34.566	-82.684	33	3745
Venersborg	WA	45.774	-122.425	29	3745
Port Vue	PA	40.336	-79.870	33	3744
Nowata	OK	36.701	-95.638	5	3743
Turnersville	NJ	39.773	-75.051	33	3742
Calcutta	OH	40.673	-80.576	33	3742
Independence	MN	45.025	-93.707	5	3741
Rockland	BC	48.422	-123.336	46	3740
Gibbstown	NJ	39.825	-75.284	33	3739
Clifton Forge	VA	37.816	-79.824	33	3739
Wadsworth	IL	42.429	-87.924	5	3739
Waverly	NE	40.917	-96.528	5	3739
West Pasco	WA	46.245	-119.183	29	3739
Fremont	NH	42.991	-71.143	33	3738
Jamestown	NC	35.994	-79.935	33	3737
Manila	AR	35.880	-90.167	5	3736
East Rockingham	NC	34.918	-79.763	33	3736
South Toms River	NJ	39.942	-74.204	33	3736
Heritage Village	CT	41.486	-73.238	33	3736
Waukon	IA	43.269	-91.476	5	3736
Owego	NY	42.103	-76.262	33	3736
Kirkness	AB	53.611	-113.388	11	3735
Saint Charles	MN	43.969	-92.064	5	3735
Metamora	IL	40.791	-89.361	5	3734
Highland Beach	FL	26.400	-80.066	33	3729
Frackville	PA	40.784	-76.230	33	3729
West Point	GA	32.878	-85.183	33	3728
West Liberty	IA	41.570	-91.264	5	3728
Port Reading	NJ	40.565	-74.260	33	3728
Northumberland	PA	40.892	-76.797	33	3728
Elim	PA	40.298	-78.943	33	3727
Fort Shawnee	OH	40.687	-84.138	33	3726
North Park	BC	48.434	-123.354	46	3725
Lyons	KS	38.345	-98.202	5	3725
Algood	TN	36.196	-85.449	5	3725
Wheatland	CA	39.010	-121.423	29	3725
North East	MD	39.600	-75.941	33	3723
North El Monte	CA	34.103	-118.024	29	3723
Escatawpa	MS	30.487	-88.552	5	3722
Boalsburg	PA	40.776	-77.793	33	3722
Pell Lake	WI	42.538	-88.351	5	3722
Tierra Verde	FL	27.692	-82.723	33	3721
Hudson	NC	35.848	-81.496	33	3721
Haut-Madawaska	NB	47.261	-68.637	32	3720
Emerald Isle	NC	34.678	-76.951	33	3720
Burlington	CO	39.306	-102.269	9	3720
White City	FL	27.374	-80.334	33	3719
Smithton	IL	38.409	-89.992	5	3719
Sherwood	OH	39.085	-84.361	33	3719
Kiel	WI	43.912	-88.036	5	3719
East Galt	ON	43.357	-80.305	45	3717
North Richmond	CA	37.959	-122.367	29	3717
Porters Lake	NS	44.738	-63.313	15	3716
Placid Lakes	FL	27.241	-81.407	33	3716
Lake Providence	LA	32.805	-91.171	5	3715
Roebling	NJ	40.116	-74.786	33	3715
Charlotte Harbor	FL	26.958	-82.067	33	3714
Shadyside	OH	39.971	-80.751	33	3714
Bayport	MN	45.021	-92.781	5	3714
Bethel	WA	47.494	-122.631	29	3713
Malartic	QC	48.136	-78.125	45	3710
McGuire AFB	NJ	40.040	-74.582	33	3710
Oneida	TN	36.498	-84.513	33	3709
Zelienople	PA	40.795	-80.137	33	3709
Raymond	AB	49.464	-112.660	11	3708
Pelham	GA	31.128	-84.153	33	3708
Honea Path	SC	34.447	-82.392	33	3707
Adelaide/Churchill	SK	52.100	-106.645	41	3706
Dell Rapids	SD	43.826	-96.706	5	3706
Hebron	IN	41.319	-87.200	5	3704
Harrisburg	OR	44.274	-123.171	29	3704
Saint-Adolphe-d'Howard	QC	45.967	-74.333	45	3702
Crawfordville	FL	30.176	-84.375	33	3702
Dover	FL	27.994	-82.220	33	3702
Umatilla	FL	28.929	-81.666	33	3702
Richfield	OH	41.240	-81.638	33	3702
Aurora	IN	39.057	-84.901	33	3701
Loch Lomond	VA	38.786	-77.478	33	3701
Arcadia	NB	45.808	-66.064	32	3700
Ringgold	GA	34.916	-85.109	33	3700
Nassau	DE	38.752	-75.188	33	3699
Shark River Hills	NJ	40.194	-74.049	33	3697
Severance	CO	40.524	-104.851	9	3697
Maunawili	HI	21.373	-157.771	49	3697
Odenville	AL	33.677	-86.397	5	3695
Stowe	PA	40.253	-75.677	33	3695
Granger	WA	46.342	-120.187	29	3695
Brittany Farms-Highlands	PA	40.269	-75.214	33	3695
Lakeview Heights	BC	49.867	-119.533	46	3694
Whitesboro	NY	43.122	-75.292	33	3694
Rock Valley	IA	43.205	-96.295	5	3693
Frederick	OK	34.392	-99.018	5	3692
Laureles	TX	26.109	-97.494	5	3692
Key Center	WA	47.341	-122.745	29	3692
Harrington	DE	38.924	-75.578	33	3691
Lloyd Harbor	NY	40.903	-73.460	33	3690
Nicetown	PA	40.013	-75.157	33	3690
McElderry Park	MD	39.297	-76.580	33	3690
Millvale	PA	40.480	-79.978	33	3689
Horicon	WI	43.451	-88.631	5	3689
Holiday City South	NJ	39.953	-74.238	33	3689
Parkesburg	PA	39.959	-75.919	33	3687
Oracle	AZ	32.611	-110.771	38	3686
High Point	FL	28.547	-82.525	33	3686
Batchelor Hills	BC	50.717	-120.367	46	3685
Stanley	NC	35.359	-81.097	33	3685
Clifton	AZ	33.051	-109.296	38	3685
Pacheco	CA	37.984	-122.075	29	3685
Indian River	BC	49.323	-122.961	46	3684
Fairview	NC	35.138	-80.538	33	3684
Pemberwick	CT	41.026	-73.661	33	3680
King City	OR	45.391	-122.816	29	3680
Boston Seaport	MA	42.347	-71.043	33	3680
Holden Heights	FL	28.497	-81.388	33	3679
Minerva	OH	40.730	-81.105	33	3678
Eastover	NC	35.100	-78.800	33	3677
Norwood Young America	MN	44.774	-93.922	5	3677
Fairview	AB	50.985	-114.061	11	3675
Stanford	KY	37.531	-84.662	33	3675
Eveleth	MN	47.462	-92.540	5	3673
Grand Bay	AL	30.476	-88.342	5	3672
Marlboro Meadows	MD	38.836	-76.715	33	3672
Dunean	SC	34.825	-82.419	33	3671
Copperopolis	CA	37.981	-120.642	29	3671
Cuthbert	GA	31.771	-84.789	33	3670
Muttontown	NY	40.824	-73.548	33	3670
Marlboro	NY	41.606	-73.972	33	3669
Evergreen	WI	44.842	-89.638	5	3669
Hainesville	IL	42.345	-88.068	5	3668
Hohenwald	TN	35.548	-87.552	5	3667
Unadilla	GA	32.262	-83.737	33	3666
Orrington	ME	44.731	-68.826	33	3666
Camp Lake	WI	42.535	-88.144	5	3665
Rayville	LA	32.477	-91.755	5	3664
Dublin	TX	32.085	-98.342	5	3664
Kailua Town	HI	21.393	-157.735	49	3664
Black Diamond	AB	50.688	-114.232	11	3663
Country Hills	AB	51.164	-114.055	11	3660
Mount Orab	OH	39.028	-83.920	33	3660
Gaylord	MI	45.028	-84.675	10	3660
West Menlo Park	CA	37.434	-122.203	29	3659
Mirrormont	WA	47.462	-121.996	29	3659
Wheatland	WY	42.054	-104.953	9	3659
Plymouth	NC	35.867	-76.749	33	3658
Northern Cambria	PA	40.659	-78.782	33	3658
Taylor Lake Village	TX	29.575	-95.050	5	3656
Loudoun Valley Estates	VA	38.981	-77.508	33	3656
Piggott	AR	36.383	-90.191	5	3655
Osage	IA	43.284	-92.811	5	3654
Sidney	ME	44.413	-69.729	33	3653
O'Neill	NE	42.458	-98.648	5	3653
Mount Gilead	OH	40.549	-82.827	33	3653
Fairfield	ON	43.464	-80.496	45	3651
Eagle Lake	TX	29.590	-96.334	5	3650
Wellsville	UT	41.639	-111.934	9	3650
Lowell	NC	35.268	-81.103	33	3649
Lansing	NY	42.484	-76.480	33	3649
Byron	IL	42.127	-89.256	5	3648
Oglesby	IL	41.295	-89.060	5	3647
Barkhamsted	CT	41.929	-72.914	33	3647
Lincoln	ID	43.513	-111.964	3	3647
Fox Farm-College	WY	41.112	-104.785	9	3647
Desoto Lakes	FL	27.371	-82.490	33	3646
Perth	NY	43.018	-74.194	33	3646
Murrieta Hot Springs	CA	33.561	-117.158	29	3644
Riverwoods	IL	42.168	-87.897	5	3643
South Dennis	MA	41.690	-70.156	33	3643
Wrightsville	GA	32.729	-82.720	33	3642
South Vacherie	LA	29.943	-90.693	5	3642
Edmondson Village	MD	39.295	-76.682	33	3642
Somerset	CA	38.648	-120.686	29	3642
Mill Courtland Woodside Park	ON	43.438	-80.484	45	3639
Neuville	QC	46.698	-71.583	45	3638
Holt	AL	33.234	-87.484	5	3638
Carrollton	MO	39.358	-93.496	5	3638
Northfield	OH	41.345	-81.528	33	3637
Arabi	LA	29.954	-90.005	5	3635
Battle Mountain	NV	40.642	-116.934	29	3635
East Angus	QC	45.483	-71.666	45	3634
L'Ange-Gardien	QC	46.920	-71.083	45	3634
Johnson	AR	36.133	-94.165	5	3634
Haviland	NY	41.767	-73.902	33	3634
Santo Domingo	PR	18.063	-66.752	39	3633
Leonardtown	MD	38.291	-76.636	33	3633
Fox Island	WA	47.251	-122.629	29	3633
Silver Summit	UT	40.741	-111.488	9	3632
Berwyn	PA	40.045	-75.439	33	3631
Lancaster	NB	45.243	-66.140	32	3630
Hazel Green	AL	34.932	-86.572	5	3630
Fairbury	IL	40.747	-88.515	5	3630
Paoli	IN	38.556	-86.468	16	3629
Columbus	TX	29.707	-96.540	5	3629
Dannemora	NY	44.721	-73.724	33	3629
Westville	NS	45.567	-62.715	15	3628
Melody Hill	IN	38.026	-87.516	5	3628
Grantley	PA	39.940	-76.729	33	3628
Vivian	LA	32.872	-93.987	5	3626
Quartzsite	AZ	33.664	-114.230	38	3626
Romeo	MI	42.803	-83.013	10	3625
Cedar Springs	MI	43.223	-85.551	10	3624
Fort Defiance	AZ	35.744	-109.076	9	3624
Sagamore	MA	41.770	-70.528	33	3623
Thompsonville	MA	42.315	-71.184	33	3623
Mountain Home	NC	35.370	-82.493	33	3622
Hobart	OK	35.029	-99.093	5	3621
Pasadena	NL	49.017	-57.598	43	3620
Newtown Grant	PA	40.260	-74.955	33	3620
Lyons	NY	43.064	-76.990	33	3619
Beaver Dam	KY	37.402	-86.876	5	3618
Singac	NJ	40.887	-74.241	33	3618
Palmyra	MO	39.794	-91.523	5	3616
Melrose	MN	45.675	-94.808	5	3616
Campbelltown	PA	40.278	-76.585	33	3616
Mar-Mac	NC	35.335	-78.056	33	3615
Castle Pines	CO	39.458	-104.896	9	3614
Rigaud	QC	45.479	-74.302	45	3613
Red Oaks Mill	NY	41.656	-73.875	33	3613
Slippery Rock	PA	41.064	-80.056	33	3613
Tilton	NH	43.442	-71.589	33	3612
Scott Air Force Base	IL	38.543	-89.850	5	3612
Spring Valley	TX	29.790	-95.504	5	3611
Kane	PA	41.663	-78.811	33	3610
Carefree	AZ	33.822	-111.918	38	3610
Kimberly	ID	42.534	-114.365	3	3610
Genesee	CO	39.686	-105.273	9	3609
Caswell Hill	SK	52.140	-106.676	41	3608
Aina Haina-Hawaii Loa Ridge	HI	21.291	-157.756	49	3608
Coto Laurel	PR	18.050	-66.551	39	3606
Winston Heights-Mountview	AB	51.074	-114.042	11	3605
Pawhuska	OK	36.668	-96.337	5	3605
Mission Hills	KS	39.018	-94.617	5	3601
Pearl River	MS	32.783	-89.228	5	3601
Sloan	NY	42.893	-78.794	33	3601
Maeser	UT	40.477	-109.587	9	3601
Ahtanum	WA	46.560	-120.622	29	3601
Esperance	WA	47.789	-122.355	29	3601
Bulyea Heights	AB	53.475	-113.569	11	3600
Holts Summit	MO	38.640	-92.122	5	3600
North Plymouth	MA	41.971	-70.683	33	3600
Weaverville	CA	40.731	-122.942	29	3600
Dixmoor	IL	41.632	-87.661	5	3597
Knox	IN	41.296	-86.625	17	3597
Saluda	SC	34.002	-81.772	33	3596
Yuma	CO	40.122	-102.725	9	3596
Charleswood	AB	51.090	-114.117	11	3595
Greenhills	OH	39.268	-84.523	33	3593
Three Oaks	FL	26.470	-81.794	33	3592
Manhasset Hills	NY	40.759	-73.680	33	3592
Benson	NC	35.382	-78.549	33	3591
Amberley	OH	39.205	-84.428	33	3591
Carthage	NY	43.978	-75.609	33	3591
Seton	AB	50.873	-113.947	11	3590
Coquí	PR	17.974	-66.227	39	3590
Ozark	AR	35.487	-93.828	5	3590
Greenfield	AB	53.472	-113.528	11	3589
Spencerport	NY	43.186	-77.804	33	3589
Bawcomville	LA	32.470	-92.167	5	3588
Contrecoeur	QC	45.850	-73.232	45	3587
Jayuya	PR	18.219	-66.592	39	3587
Red Bud	IL	38.212	-89.994	5	3586
Elizabethtown	NC	34.629	-78.605	33	3586
University Center	VA	39.057	-77.444	33	3586
Carey	OH	40.953	-83.382	33	3586
Cardston	AB	49.200	-113.302	11	3585
Peralta	NM	34.837	-106.691	9	3585
Forsyth	IL	39.933	-88.951	5	3584
Centerville	TN	35.779	-87.467	5	3584
Golf Manor	OH	39.187	-84.446	33	3583
Idyllwild	CA	33.740	-116.719	29	3583
Leisuretowne	NJ	39.892	-74.702	33	3582
Le Roy	IL	40.352	-88.764	5	3582
Penrose	CO	38.425	-105.023	9	3582
Blackshear	GA	31.306	-82.242	33	3581
Colonial Beach	VA	38.255	-76.964	33	3580
Oregon	IL	42.015	-89.332	5	3580
South Glens Falls	NY	43.299	-73.635	33	3580
Port Hadlock-Irondale	WA	48.033	-122.785	29	3580
Morganfield	KY	37.683	-87.917	5	3578
Two Harbors	MN	47.023	-91.671	5	3578
Tupper Lake	NY	44.224	-74.464	33	3577
Bobcaygeon	ON	44.546	-78.542	45	3576
Mission Hills	CA	34.686	-120.437	29	3576
Alnwick	NB	47.216	-65.181	32	3575
Camden	TN	36.059	-88.098	5	3575
Aberdeen	MA	42.345	-71.150	33	3575
Merton	WI	43.147	-88.307	5	3575
Frontenac	MO	38.636	-90.415	5	3574
Watertown	CT	41.606	-73.118	33	3574
Imlay City	MI	43.025	-83.078	10	3573
Windsor	WI	43.218	-89.342	5	3573
Teague	TX	31.627	-96.284	5	3572
Country Squire Lakes	IN	39.035	-85.699	16	3571
Arundel	ME	43.383	-70.478	33	3571
Meiners Oaks	CA	34.447	-119.279	29	3571
Centre	AL	34.152	-85.679	5	3570
Camden	ME	44.210	-69.065	33	3570
Bunk Foss	WA	47.962	-122.094	29	3570
Rochester	PA	40.702	-80.286	33	3569
Stanley	WI	44.960	-90.937	5	3569
Noyack	NY	40.996	-72.341	33	3568
Brookville	NY	40.813	-73.567	33	3566
Centre Square	SK	50.443	-104.608	41	3565
Chipley	FL	30.782	-85.539	5	3565
El Dorado Springs	MO	37.877	-94.021	5	3564
Aledo	IL	41.200	-90.749	5	3564
Black River Falls	WI	44.295	-90.852	5	3564
Château-Richer	QC	46.960	-71.032	45	3563
Saint-André-Avellin	QC	45.717	-75.066	45	3562
Middlebury	IN	41.675	-85.706	16	3562
Unicoi	TN	36.195	-82.350	33	3561
Horseshoe Bay	TX	30.544	-98.374	5	3560
Aina Haina	HI	21.282	-157.752	49	3558
Ranlo	NC	35.286	-81.130	33	3556
High Bridge	NJ	40.667	-74.896	33	3556
Monte Sereno	CA	37.236	-121.992	29	3556
Landmark	AR	34.611	-92.320	5	3555
Ct 0009	QC	45.580	-73.516	45	3554
Old Mystic	CT	41.391	-71.962	33	3554
Luyando	PR	18.364	-67.157	39	3553
Louisburg	NC	36.099	-78.301	33	3553
Trappe	PA	40.199	-75.476	33	3553
Omro	WI	44.039	-88.744	5	3553
Valley Springs	CA	38.192	-120.829	29	3553
Lake Clarke Shores	FL	26.645	-80.076	33	3552
Mountain View	NC	35.683	-81.369	33	3552
Willcox	AZ	32.253	-109.832	38	3552
Morongo Valley	CA	34.047	-116.581	29	3552
Lake Panasoffkee	FL	28.777	-82.120	33	3551
La Vale	MD	39.656	-78.811	33	3551
Broken Bow	NE	41.402	-99.639	5	3551
San Manuel	AZ	32.600	-110.631	38	3551
South Eliot	ME	43.108	-70.778	33	3550
Trevose	PA	40.146	-74.985	33	3550
Pulaski	WI	44.672	-88.243	5	3550
Kahaluu-Keauhou	HI	19.572	-155.962	49	3549
Channel-Port aux Basques	NL	47.573	-59.138	43	3547
Wills Point	TX	32.709	-96.008	5	3547
Daly Grove	AB	53.449	-113.397	11	3546
Port Ewen	NY	41.905	-73.976	33	3546
Lincoln Park	CO	38.429	-105.220	9	3546
North Baltimore	OH	41.183	-83.678	33	3545
North Brooksville	FL	28.573	-82.408	33	3544
Houston	MS	33.898	-88.999	5	3544
Gibson	AR	34.884	-92.236	5	3543
Hanover	IN	38.714	-85.474	16	3543
Lenwood	CA	34.877	-117.104	29	3543
Clover Hill	MD	39.456	-77.429	33	3542
Saint Anthony	ID	43.966	-111.682	3	3542
Pen Argyl	PA	40.869	-75.255	33	3541
New Edinburgh	ON	45.441	-75.688	45	3539
Limington	ME	43.732	-70.711	33	3538
Omao-Kukuiula	HI	21.901	-159.486	49	3538
Kekaha	HI	21.967	-159.712	49	3537
Alma	GA	31.539	-82.462	33	3536
Huxley	IA	41.895	-93.601	5	3536
West DeLand	FL	29.016	-81.333	33	3535
South Nyack	NY	41.083	-73.920	33	3535
La Dolores	PR	18.375	-65.856	39	3534
Davenport	FL	28.161	-81.602	33	3534
Oxford	MI	42.825	-83.265	10	3534
Newcastle	WY	43.855	-104.205	9	3534
Combined Locks	WI	44.266	-88.314	5	3532
Hot Springs	SD	43.432	-103.474	9	3532
Wilkesboro	NC	36.146	-81.161	33	3531
Rivière-du-Nord	NB	47.723	-65.184	32	3530
Port LaBelle	FL	26.756	-81.405	33	3530
Roland	OK	35.421	-94.515	5	3529
Hay River	NT	60.816	-115.800	11	3528
Shavano Park	TX	29.585	-98.553	5	3527
Sainte-Claire	QC	46.601	-70.863	45	3526
Belmont	PA	39.966	-75.202	33	3526
Woodstown	NJ	39.651	-75.328	33	3524
Minoa	NY	43.076	-76.001	33	3523
Eskasoni 3	NS	45.945	-60.616	13	3521
Mifflinburg	PA	40.918	-77.048	33	3520
Thompsonville	PA	40.291	-80.108	33	3520
Bloomer	WI	45.100	-91.489	5	3520
Lincoln	ND	46.762	-100.700	5	3519
Collegeville	MN	45.594	-94.363	5	3516
Perry	NY	42.716	-78.006	33	3516
Long Lake	IL	42.371	-88.128	5	3515
Cape May	NJ	38.935	-74.906	33	3514
Gothenburg	NE	40.929	-100.161	5	3514
Paw Paw Lake	MI	42.212	-86.272	10	3511
Toledo	OR	44.622	-123.938	29	3511
McCauley	AB	53.556	-113.483	11	3509
Gooding	ID	42.939	-114.713	3	3509
Glenora	AB	53.546	-113.551	11	3508
Hominy	OK	36.414	-96.395	5	3508
Germantown Hills	IL	40.766	-89.468	5	3508
Ct 0030	QC	45.549	-73.553	45	3506
Camden	DE	39.113	-75.542	33	3505
Thorncliff	AB	53.515	-113.624	11	3503
West Monroe	MI	41.914	-83.432	10	3503
Mount Uniacke	NS	44.900	-63.832	15	3501
South Beach	FL	27.591	-80.344	33	3501
Smith Creek	BC	49.853	-119.620	46	3500
Kenmount Terrace	NL	47.550	-52.791	43	3500
Johnston City	IL	37.821	-88.928	5	3500
Etowah	TN	35.323	-84.525	33	3500
Indianola	WA	47.747	-122.526	29	3500
Aguas Claras	PR	18.253	-65.653	39	3499
Heflin	AL	33.649	-85.587	5	3499
Dewey	OK	36.796	-95.936	5	3499
Tutwiler	MS	34.015	-90.432	5	3496
Polkton	NC	35.008	-80.201	33	3495
Georgetown	IL	42.140	-89.829	5	3493
Granite Falls	WA	48.084	-121.969	29	3493
Leisure Village West-Pine Lake Park	NJ	40.004	-74.266	33	3493
Silver Falls	NB	45.300	-66.017	32	3492
Providence	KY	38.575	-85.221	33	3492
Fruitvale	BC	49.117	-117.552	46	3491
Aldergrove East	BC	49.056	-122.455	46	3491
Blackstone	VA	37.080	-77.997	33	3491
Calcium	NY	44.022	-75.846	33	3491
Rosscarrock	AB	51.042	-114.147	11	3490
Saint-Pascal	QC	47.518	-69.803	45	3490
Downtown	SK	52.126	-106.664	41	3490
Sauk City	WI	43.271	-89.722	5	3489
Kensington	AB	53.596	-113.528	11	3488
Laguna Heights	TX	26.080	-97.254	5	3488
Paulding	OH	41.138	-84.581	33	3488
Saint-Germain-de-Grantham	QC	45.833	-72.566	45	3485
Hidden Meadows	CA	33.225	-117.113	29	3485
Oak Valley	NJ	39.801	-75.162	33	3483
Delta	UT	39.352	-112.577	9	3482
Helena Valley Northwest	MT	46.729	-112.063	9	3482
Royal Gardens	AB	53.479	-113.528	11	3481
Newport	MN	44.866	-93.000	5	3480
Saint Johns	AZ	34.506	-109.361	38	3480
Tolono	IL	39.986	-88.259	5	3479
Clarenville-Shoal Harbour	NL	48.181	-53.970	43	3478
Summersville	WV	38.281	-80.853	33	3478
Rush	NY	42.996	-77.646	33	3478
Amesti	CA	36.964	-121.779	29	3478
Lillington	NC	35.399	-78.816	33	3476
Jobos	PR	17.955	-66.165	39	3475
Southport	NC	33.918	-78.019	33	3475
Juno Beach	FL	26.880	-80.053	33	3474
Richwood	LA	32.449	-92.085	5	3474
Dillonvale	OH	39.218	-84.402	33	3474
Altavista	VA	37.112	-79.286	33	3474
Ohioville	PA	40.679	-80.495	33	3473
Malmstrom Air Force Base	MT	47.505	-111.183	9	3472
Dunham	QC	45.133	-72.799	45	3471
Haworth	NJ	40.961	-73.990	33	3470
Gallipolis	OH	38.810	-82.202	33	3469
Pottsgrove	PA	40.265	-75.612	33	3469
Berea	MD	39.310	-76.578	33	3469
Brookmont	MD	38.942	-77.120	33	3468
Kingston	NS	44.992	-64.941	15	3466
Enon	VA	37.331	-77.323	33	3466
Washington	CT	41.631	-73.311	33	3466
Lake Isabella	CA	35.618	-118.473	29	3466
Mobridge	SD	45.537	-100.428	5	3466
West End-Cobb Town	AL	33.653	-85.874	5	3465
Riverton	IL	39.844	-89.540	5	3462
Mora	MN	45.877	-93.294	5	3462
Hill Air Force Base	UT	41.111	-111.977	9	3462
Havre-Saint-Pierre	QC	50.243	-63.603	45	3460
Freeland	PA	41.017	-75.897	33	3460
Pownal	VT	42.766	-73.236	33	3460
Highland Acres	DE	39.121	-75.522	33	3459
Richwood	NJ	39.723	-75.165	33	3459
Myrtle Creek	OR	43.020	-123.293	29	3459
West Orange	TX	30.082	-93.758	5	3458
Hurley	NY	41.925	-74.061	33	3458
Gramercy	LA	30.047	-90.690	5	3457
Hicksville	OH	41.293	-84.762	33	3457
Boonsboro	MD	39.506	-77.652	33	3455
Paw Paw	MI	42.218	-85.891	10	3455
Robins	IA	42.071	-91.667	5	3454
Pistakee Highlands	IL	42.409	-88.206	5	3454
New Hampton	IA	43.059	-92.318	5	3452
Lely	FL	26.101	-81.728	33	3451
Brookhaven	NY	40.779	-72.915	33	3451
Brighton	PE	46.235	-63.144	15	3450
Eastern Hillsides	BC	49.143	-121.829	46	3450
Dover Base Housing	DE	39.118	-75.484	33	3450
Richmond	WI	42.715	-88.749	5	3449
Bonavista	NL	48.650	-53.115	43	3448
Marion	AL	32.632	-87.319	5	3447
Kitty Hawk	NC	36.065	-75.706	33	3447
Farmersville	TX	33.163	-96.360	5	3447
Union City	IN	40.202	-84.809	16	3447
Waiʻalae Nui-Country Club	HI	21.273	-157.780	49	3447
Weinlos	AB	53.458	-113.407	11	3445
Port Saint Joe	FL	29.812	-85.303	33	3445
Wright City	MO	38.828	-91.020	5	3445
Wewoka	OK	35.159	-96.493	5	3445
Hillview	AB	53.469	-113.426	11	3444
Whonnock	BC	49.183	-122.467	46	3444
Paris	AR	35.292	-93.730	5	3443
Sleepy Eye	MN	44.297	-94.724	5	3443
Lucerne	CA	36.381	-119.664	29	3443
Waldron	AR	34.898	-94.091	5	3442
Jewett City	CT	41.607	-71.981	33	3441
Seymour	WI	44.515	-88.330	5	3440
Morton	MS	32.354	-89.655	5	3439
West Nyack	NY	41.096	-73.973	33	3439
Addison	WI	43.423	-88.375	5	3439
Story City	IA	42.187	-93.596	5	3438
Justin	TX	33.085	-97.296	5	3437
Mount Angel	OR	45.068	-122.800	29	3437
Lake Pocotopaug	CT	41.598	-72.510	33	3436
Goldendale	WA	45.821	-120.822	29	3435
Red Springs	NC	34.815	-79.183	33	3433
Jamestown	CA	37.953	-120.423	29	3433
Hoosick Falls	NY	42.901	-73.352	33	3432
Mansfield	PA	41.807	-77.077	33	3432
Parkland	AB	50.915	-114.019	11	3430
Malvern	PA	40.036	-75.514	33	3430
Peshtigo	WI	45.054	-87.749	5	3430
Valley Green	PA	40.157	-76.793	33	3429
Borrego Springs	CA	33.256	-116.375	29	3429
Captain Cook	HI	19.497	-155.922	49	3429
Pine Manor	FL	26.573	-81.878	33	3428
Loyalhanna	PA	40.323	-79.362	33	3428
Troy	NC	35.358	-79.894	33	3427
Houghton Lake	MI	44.315	-84.765	10	3427
Beechwood	MS	32.328	-90.827	5	3426
Lockland	OH	39.229	-84.458	33	3426
Mariemont	OH	39.145	-84.374	33	3426
Auburn Lake Trails	CA	38.914	-120.952	29	3426
Grasonville	MD	38.958	-76.210	33	3425
Kaunakakai	HI	21.089	-157.023	49	3425
Red Oak	NC	36.038	-77.906	33	3424
Saxon	SC	34.961	-81.967	33	3424
Cienegas Terrace	TX	29.367	-100.944	5	3424
Lyman	SC	34.948	-82.127	33	3423
Blind River	ON	46.183	-82.958	45	3422
Frontenac	KS	37.456	-94.689	5	3422
Kenedy	TX	28.819	-97.849	5	3421
New Brighton	NY	40.642	-74.093	33	3421
Feather Sound	FL	27.901	-82.673	33	3420
Buena Vista	SK	52.111	-106.666	41	3419
Pine Lawn	MO	38.696	-90.275	5	3419
Poteet	TX	29.041	-98.568	5	3419
Eagle Grove	IA	42.664	-93.904	5	3419
Jena	LA	31.683	-92.134	5	3417
Ross	OH	39.312	-84.650	33	3417
Greenland	NH	43.036	-70.833	33	3417
Lynchburg	MS	32.440	-90.549	5	3416
Lowville	NY	43.787	-75.492	33	3416
Livingston	AL	32.584	-88.187	5	3414
Humboldt Hill	CA	40.726	-124.190	29	3414
Glasgow	MT	48.197	-106.637	9	3414
Palmyra	NY	43.064	-77.233	33	3413
Aledo	TX	32.696	-97.602	5	3412
Princeton	MA	42.449	-71.877	33	3412
Sharpes	FL	28.432	-80.760	33	3411
Nahant	MA	42.426	-70.919	33	3410
Stanhope	NJ	40.903	-74.709	33	3410
Wellsville	OH	40.603	-80.649	33	3410
Gibson City	IL	40.458	-88.385	5	3409
Narragansett Pier	RI	41.432	-71.456	33	3409
Day Valley	CA	37.036	-121.862	29	3409
Level Park-Oak Park	MI	42.364	-85.266	10	3409
Ely	MN	47.903	-91.867	5	3408
Virden	IL	39.501	-89.768	5	3407
Thorndale	PA	39.993	-75.745	33	3407
West Wyomissing	PA	40.325	-75.991	33	3407
Locust Valley	NY	40.876	-73.597	33	3406
Brentwood	NH	42.979	-71.073	33	3405
Corunna	MI	42.982	-84.118	10	3404
Casselman	AB	53.610	-113.419	11	3403
Portland Hills	NS	44.664	-63.505	15	3403
Greensboro	GA	33.576	-83.182	33	3403
Mayfield	OH	41.552	-81.439	33	3403
Lawrencetown	NS	44.660	-63.367	15	3402
White Bluff	TN	36.108	-87.221	5	3402
Amity Gardens	PA	40.274	-75.735	33	3402
Etna	PA	40.504	-79.949	33	3401
Five Rivers	NB	46.557	-64.905	32	3400
King William Estates	NL	47.612	-52.696	43	3400
Masontown	PA	39.847	-79.900	33	3399
Oxford	AB	53.622	-113.548	11	3398
Sharpsburg	PA	40.495	-79.926	33	3398
Gentry	AR	36.268	-94.485	5	3397
Cedar Grove	FL	30.171	-85.625	5	3397
Loxahatchee Groves	FL	26.684	-80.280	33	3397
Brimfield	MA	42.123	-72.201	33	3397
Essexville	MI	43.615	-83.842	10	3396
Bayshore	NC	34.290	-77.787	33	3393
Jacksonwald	PA	40.325	-75.850	33	3393
Sheffield	MA	42.110	-73.355	33	3393
Beulah	ND	47.263	-101.778	35	3393
Skidway Lake	MI	44.183	-84.035	10	3392
Invermere	BC	50.517	-116.035	11	3391
Satoo	AB	53.447	-113.458	11	3391
Rising Sun-Lebanon	DE	39.100	-75.505	33	3391
Ocilla	GA	31.594	-83.251	33	3387
Rio Dell	CA	40.499	-124.106	29	3387
Cleves	OH	39.162	-84.749	33	3386
Chandler	IN	38.042	-87.368	5	3385
Grande-Riviere	QC	48.400	-64.501	45	3384
Newtown	HI	21.400	-157.938	49	3384
Austin	AR	34.998	-91.984	5	3383
Lindsborg	KS	38.574	-97.674	5	3383
Bamberg	SC	33.297	-81.035	33	3383
Lake Lakengren	OH	39.688	-84.693	33	3383
Avalon	SK	52.097	-106.656	41	3382
Islandia	NY	40.804	-73.169	33	3382
Ticonderoga	NY	43.849	-73.423	33	3382
Upper Lynn	BC	49.350	-123.025	46	3381
Water Valley	MS	34.151	-89.631	5	3380
River View Park	PA	40.393	-75.959	33	3380
Delwood	AB	53.595	-113.456	11	3379
Stillwater Lake	NS	44.699	-63.835	15	3379
Pleasant Hills	MD	39.480	-76.394	33	3379
Midland	NC	35.227	-80.501	33	3379
Hokendauqua	PA	40.662	-75.491	33	3378
Tipton	MO	38.656	-92.780	5	3377
Tuckerton	NJ	39.603	-74.340	33	3377
Piney Point Village	TX	29.760	-95.517	5	3376
Warsaw	NY	42.740	-78.133	33	3376
French Camp	CA	37.884	-121.271	29	3376
Broadway East	MD	39.308	-76.589	33	3376
Vineyards	FL	26.224	-81.728	33	3375
Ferriday	LA	31.630	-91.555	5	3375
Springdale	PA	40.541	-79.784	33	3375
Spearman	TX	36.198	-101.192	5	3375
Cuba	MO	38.063	-91.403	5	3374
Rogersville	MO	37.117	-93.056	5	3374
Lutcher	LA	30.040	-90.699	5	3373
Campbellford	ON	44.308	-77.799	45	3372
Karnes City	TX	28.885	-97.901	5	3371
San Antonio Heights	CA	34.156	-117.656	29	3371
Shackelford	CA	37.614	-120.993	29	3371
Maiden	NC	35.576	-81.212	33	3369
Fulton	IL	41.867	-90.160	5	3369
Vails Gate	NY	41.454	-74.058	33	3369
Southport	PE	46.227	-63.104	15	3368
West Point	NE	41.842	-96.709	5	3368
Clinton	CT	41.279	-72.528	33	3368
Sainte-Marguerite-du-Lac-Masson	QC	46.033	-74.066	45	3367
County Park	ON	48.458	-89.247	45	3367
Zumbrota	MN	44.294	-92.669	5	3365
Hauʻula-Punaluʻu	HI	21.598	-157.897	49	3363
Clifton	TX	31.782	-97.577	5	3361
South Alamo	TX	26.157	-98.109	5	3361
Reamstown	PA	40.211	-76.123	33	3361
South Duxbury	MA	42.023	-70.683	33	3360
Rundle Heights	AB	53.561	-113.394	11	3359
Shannondale	WV	39.217	-77.807	33	3358
Newton	MS	32.321	-89.163	5	3356
Ct 0004	QC	45.609	-73.519	45	3355
Vinton	LA	30.191	-93.581	5	3355
Mount Oliver	PA	40.414	-79.988	33	3354
Boardman	OR	45.840	-119.701	29	3354
Kelseyville	CA	38.978	-122.839	29	3353
Manti	UT	39.268	-111.637	9	3353
Aubrey	TX	33.304	-96.986	5	3352
Winnsboro	SC	34.381	-81.086	33	3351
Big Lake	AK	61.521	-149.954	0	3350
Ramsay Heights	AB	53.482	-113.581	11	3349
Oak Point	TX	33.190	-96.992	5	3349
Cutchogue	NY	41.011	-72.485	33	3349
Beaverton	ON	44.433	-79.150	45	3347
Prestonsburg	KY	37.666	-82.772	33	3347
Long Prairie	MN	45.975	-94.866	5	3347
Sleepy Hollow	IL	42.094	-88.303	5	3346
Upper Manoa	HI	21.323	-157.806	49	3345
Hahnville	LA	29.977	-90.409	5	3344
Van Alstyne	TX	33.422	-96.577	5	3344
Brimfield	OH	41.100	-81.347	33	3343
Waterloo	WI	43.184	-88.988	5	3343
Montura	FL	26.636	-81.100	33	3343
Lebanon	VA	36.901	-82.080	33	3342
Ocean Grove	NJ	40.212	-74.007	33	3342
Agua Dulce	CA	34.496	-118.326	29	3342
Llano	TX	30.759	-98.675	5	3341
Ossian	IN	40.881	-85.166	16	3341
Austin Heights	BC	49.250	-122.867	46	3340
Crestview Hills	KY	39.027	-84.585	33	3340
Heavener	OK	34.889	-94.601	5	3340
Winnsboro	TX	32.957	-95.290	5	3340
Baldwyn	MS	34.510	-88.635	5	3339
Auburn	NE	40.393	-95.839	5	3339
Durand	MI	42.912	-83.985	10	3338
Vandenberg Space Force Base	CA	34.748	-120.518	29	3338
Moulton	AL	34.481	-87.293	5	3337
Pine Island	MN	44.201	-92.646	5	3337
West Meadowlark Park	AB	53.525	-113.608	11	3336
Newbern	TN	36.113	-89.262	5	3336
Rockport	ME	44.185	-69.076	33	3336
Lake Belvedere Estates	FL	26.689	-80.133	33	3334
Haughton	LA	32.533	-93.504	5	3334
West Point	VA	37.532	-76.796	33	3333
Nicholls	GA	31.517	-82.635	33	3331
Canton	SD	43.301	-96.593	5	3331
Alamo	GA	32.147	-82.778	33	3330
West Liberty	KY	37.921	-83.260	33	3330
Dana	NC	35.329	-82.375	33	3329
Glenridge Crescent	NL	47.578	-52.711	43	3328
Luis Llorens Torres	PR	18.057	-66.527	39	3328
India Hook	SC	35.007	-81.022	33	3328
Parkview	AB	53.524	-113.569	11	3327
Yarrow	BC	49.082	-122.050	46	3326
Montauk	NY	41.036	-71.955	33	3326
Montgomery Place	SK	52.111	-106.729	41	3325
Fairfield Park	MB	49.798	-97.166	48	3325
Wrightstown	WI	44.326	-88.163	5	3325
Mingo Junction	OH	40.322	-80.610	33	3324
Richville	OH	40.751	-81.478	33	3324
Clearview	WA	47.834	-122.126	29	3324
Peaceful Valley	WA	48.938	-122.147	29	3324
Marysville	KS	39.841	-96.647	5	3323
Mulberry	OH	39.193	-84.242	33	3323
Lakeland	GA	31.041	-83.075	33	3322
Spring City	PA	40.177	-75.548	33	3322
Barron	WI	45.401	-91.849	5	3322
Skyline Acres	NB	45.934	-66.638	32	3321
Blairsville	PA	40.431	-79.261	33	3321
Holyrood	AB	53.530	-113.451	11	3320
Sugar Creek	MO	39.110	-94.445	5	3320
Avon	NY	42.912	-77.746	33	3319
Savannah	TX	33.226	-96.908	5	3318
Larch Way	WA	47.843	-122.253	29	3318
Duncan	SC	34.938	-82.145	33	3317
West Lake Hills	TX	30.298	-97.802	5	3317
Saint Augusta	MN	45.479	-94.154	5	3317
Northwest Harbor	NY	41.010	-72.221	33	3317
Edcouch	TX	26.294	-97.961	5	3316
Westwood	AB	53.577	-113.499	11	3315
Brigadoon	ON	43.392	-80.463	45	3315
Denmark	SC	33.323	-81.142	33	3315
Big Lake	TX	31.192	-101.460	5	3315
Ingalls Park	IL	41.523	-88.043	5	3314
North Lakeport	CA	39.088	-122.905	29	3314
New Baden	IL	38.535	-89.701	5	3313
Flat Rock	NC	35.271	-82.442	33	3313
Pagedale	MO	38.683	-90.308	5	3312
Jasper	TN	35.074	-85.626	5	3312
Huntingtown Town Center	MD	38.621	-76.616	33	3311
Pixley	CA	35.969	-119.292	29	3310
Terra Bella	CA	35.962	-119.044	29	3310
Canora	AB	53.542	-113.583	11	3309
Mabank	TX	32.367	-96.101	5	3309
Uniontown	OH	40.975	-81.408	33	3309
New York Mills	NY	43.105	-75.291	33	3308
Pine Ridge	SD	43.026	-102.556	9	3308
Moreland Hills	OH	41.448	-81.428	33	3307
Eastlawn Gardens	PA	40.751	-75.296	33	3307
Malmo Plains	AB	53.483	-113.533	11	3306
Cassville	MO	36.677	-93.869	5	3306
Greensburg	OH	40.932	-81.465	33	3306
Hatfield	PA	40.280	-75.299	33	3306
St-Jean-Port-Joli	QC	47.214	-70.270	45	3304
Annandale	MN	45.263	-94.124	5	3304
Ajo	AZ	32.372	-112.861	38	3304
Princess Anne	MD	38.203	-75.692	33	3303
Saylorville	IA	41.679	-93.630	5	3301
Middleville	MI	42.713	-85.462	10	3301
Magnetic Hill	NB	46.135	-64.889	32	3300
Lordstown	OH	41.166	-80.858	33	3300
Richfield	AB	53.468	-113.458	11	3299
Galena	IL	42.417	-90.429	5	3299
Manor	PA	40.334	-79.670	33	3299
Mount Pleasant	UT	39.547	-111.455	9	3299
Hubbard	OR	45.182	-122.808	29	3299
Hannahs Mill	GA	32.933	-84.349	33	3298
Rockfish	NC	34.993	-79.066	33	3298
Hollywood Park	TX	29.601	-98.487	5	3298
Venus	TX	32.433	-97.103	5	3297
Louisiana	MO	39.449	-91.052	5	3296
Mount Shasta	CA	41.310	-122.312	29	3296
North Middletown	NJ	40.440	-74.119	33	3295
Forestville	CA	38.474	-122.890	29	3293
De Witt	AR	34.293	-91.338	5	3292
Woodlawn	OH	39.252	-84.470	33	3292
North Pembroke	MA	42.093	-70.793	33	3292
Springvale	ME	43.467	-70.794	33	3292
Spencer	NC	35.692	-80.435	33	3291
Brodhead	WI	42.618	-89.376	5	3291
Burbank	WA	46.200	-119.013	29	3291
Atholville	NB	47.989	-66.713	32	3290
Breckenridge	MN	46.264	-96.588	5	3290
Wellsboro	PA	41.749	-77.301	33	3290
Las Quintas Fronterizas	TX	28.691	-100.469	5	3290
Las Quintas Fronterizas Colonia	TX	28.691	-100.469	5	3290
Lebel-sur-Quévillon	QC	49.050	-76.983	45	3289
Lynnwood	AB	53.517	-113.583	11	3289
Placentia	NL	47.233	-53.965	43	3289
Hanover	MN	45.156	-93.666	5	3289
Lewisporte	NL	49.243	-55.062	43	3288
Baldwin	GA	34.492	-83.537	33	3286
Maybrook	NY	41.484	-74.218	33	3286
Elbow Park	AB	51.020	-114.084	11	3285
Palliser	AB	50.964	-114.111	11	3285
Muldrow	OK	35.406	-94.599	5	3282
Fox Run	PA	40.702	-80.083	33	3282
Cambrian Park	CA	37.257	-121.931	29	3282
Hanceville	AL	34.061	-86.767	5	3281
Linwood	PA	39.827	-75.425	33	3281
Reno	TX	33.663	-95.462	5	3281
Ingram	PA	40.446	-80.068	33	3281
Berwyn Heights	MD	38.994	-76.911	33	3280
Cornville	AZ	34.718	-111.922	38	3280
East Richmond Heights	CA	37.945	-122.314	29	3280
San José	PR	18.398	-66.256	39	3278
Perham	MN	46.594	-95.573	5	3278
Homesteader	AB	53.583	-113.404	11	3277
Penhold	AB	52.133	-113.869	11	3277
Newburgh	IN	37.944	-87.405	5	3277
Fort Edward	NY	43.267	-73.585	33	3277
Orange	OH	41.450	-81.481	33	3277
Kotzebue	AK	66.898	-162.598	34	3277
Grande Cache	AB	53.883	-119.136	11	3276
Fraser	AB	53.610	-113.373	11	3276
Wynantskill	NY	42.697	-73.644	33	3276
Coach Hill	AB	51.056	-114.180	11	3275
Bishopville	SC	34.218	-80.248	33	3274
El Cenizo	TX	27.352	-99.493	5	3273
Cadiz	OH	40.273	-80.997	33	3271
Hemlock Farms	PA	41.327	-75.037	33	3271
Howards Grove	WI	43.834	-87.820	5	3271
Gray	GA	33.010	-83.534	33	3269
Hawthorne	NV	38.525	-118.625	29	3269
Shelby	MT	48.505	-111.857	9	3268
Ravena	NY	42.468	-73.816	33	3267
Bainbridge	OH	41.386	-81.340	33	3267
Seacliff	CA	36.974	-121.916	29	3267
Southampton	NY	40.884	-72.390	33	3265
Mount Healthy Heights	OH	39.270	-84.568	33	3264
Sainte-Julienne	QC	45.967	-73.716	45	3263
Holton	KS	39.465	-95.736	5	3263
Mackenzie	BC	55.336	-123.094	46	3262
Pinch	WV	38.409	-81.482	33	3262
South Jacksonville	IL	39.709	-90.228	5	3261
Checotah	OK	35.470	-95.523	5	3261
Loyola	CA	37.351	-122.101	29	3261
Capreol	ON	46.706	-80.921	45	3260
Russell	KY	38.517	-82.698	33	3260
Gilmanton	NH	43.424	-71.415	33	3259
Garnett	KS	38.281	-95.242	5	3258
Lower Palolo	HI	21.293	-157.802	49	3257
Ciales	PR	18.336	-66.469	39	3256
Hodgenville	KY	37.574	-85.740	33	3256
Philippi	WV	39.152	-80.040	33	3256
Kalaheo Hillside	HI	21.416	-157.753	49	3256
St. George	ON	43.245	-80.251	45	3255
Ripley	WV	38.819	-81.711	33	3255
Blissfield	MI	41.833	-83.862	10	3255
Saddle River	NJ	41.032	-74.102	33	3255
Athens	PA	41.957	-76.518	33	3255
Balcones Heights	TX	29.488	-98.552	5	3254
Winnie	TX	29.820	-94.384	5	3254
Sunapee	NH	43.388	-72.088	33	3254
Kennedy	CA	37.930	-121.253	29	3254
Netcong	NJ	40.899	-74.707	33	3253
Rhatigan Ridge	AB	53.475	-113.588	11	3252
Mauriceville	TX	30.204	-93.866	5	3252
Sunnyslope	WA	47.473	-120.337	29	3252
Northwest Harwinton	CT	41.777	-73.079	33	3252
Upland	PA	39.853	-75.383	33	3251
North Hartsville	SC	34.394	-80.070	33	3251
Nesquehoning	PA	40.865	-75.811	33	3251
North Wales	PA	40.211	-75.278	33	3250
Milan	NM	35.170	-107.891	9	3250
Sydenham	ON	44.567	-80.800	45	3249
Windermere	FL	28.496	-81.535	33	3249
Casa Conejo	CA	34.184	-118.943	29	3249
Amethyst Harbour	ON	48.543	-88.873	45	3247
Haileybury	ON	47.449	-79.637	45	3247
Shuniah Township	ON	48.524	-89.115	45	3247
Okemah	OK	35.433	-96.305	5	3247
Jefferson	OR	44.720	-123.010	29	3247
Underwood-Petersville	AL	34.877	-87.697	5	3247
Wellesley	ON	43.477	-80.762	45	3246
Liberty	SC	34.788	-82.692	33	3246
Pitcairn	PA	40.403	-79.778	33	3246
Butte	AK	61.542	-149.033	0	3246
Hinton	OK	35.471	-98.356	5	3244
Inuvik	NT	68.362	-133.728	24	3243
South Hempstead	NY	40.681	-73.615	33	3243
Montrose	AB	53.575	-113.438	11	3241
Benson	MN	45.315	-95.603	5	3240
Monmouth Beach	NJ	40.330	-73.982	33	3239
Crandall	TX	32.628	-96.456	5	3238
Gunnison	UT	39.155	-111.818	9	3238
Oliver Springs	TN	36.045	-84.344	33	3237
Franklin	MI	42.522	-83.306	10	3237
Plainview	MN	44.165	-92.172	5	3237
Seaview	BC	49.277	-122.869	46	3236
Blue Earth	MN	43.637	-94.102	5	3236
North Alamo	TX	26.217	-98.129	5	3235
Brooktrails	CA	39.444	-123.385	29	3235
Jackson	MN	43.621	-94.989	5	3234
Benton City	WA	46.263	-119.488	29	3234
Lockeford	CA	38.164	-121.150	29	3233
Richmond	QC	45.667	-72.149	45	3232
Gravette	AR	36.422	-94.454	5	3232
Ponderosa Park	CO	39.408	-104.651	9	3232
Moosup	CT	41.713	-71.881	33	3231
Vicksburg	MI	42.120	-85.533	10	3230
Clyde Hill	WA	47.632	-122.218	29	3230
Coplay	PA	40.670	-75.495	33	3229
Welsh	LA	30.236	-92.823	5	3227
Lake Cowichan	BC	48.825	-124.055	46	3226
Clareview Town Centre	AB	53.602	-113.407	11	3226
North Cape May	NJ	38.982	-74.958	33	3226
Haskell	TX	33.158	-99.734	5	3226
Wesleyville	PA	42.140	-80.015	33	3226
Medina	WA	47.621	-122.228	29	3226
Westgate	AB	51.045	-114.158	11	3225
Boiling Springs	PA	40.150	-77.128	33	3225
Ozona	TX	30.710	-101.201	5	3225
Carlyle	IL	38.610	-89.373	5	3224
Ballantrae	ON	44.033	-79.300	45	3223
Preston	NS	44.716	-63.434	15	3223
Dalhousie	NB	48.064	-66.375	32	3223
Tomahawk	WI	45.471	-89.730	5	3223
Heyburn	ID	42.559	-113.764	3	3223
Kearney Lake	NS	44.687	-63.685	15	3220
Melbourne Beach	FL	28.068	-80.560	33	3219
Iowa	LA	30.237	-93.014	5	3219
Campo Rico	PR	18.337	-65.898	39	3218
Union City	PA	41.900	-79.845	33	3217
Meadow Vista	CA	39.001	-121.022	29	3217
Biscayne Park	FL	25.883	-80.181	33	3216
Cleveland	OK	36.310	-96.466	5	3216
New Holstein	WI	43.950	-88.084	5	3216
Headingley	MB	49.875	-97.409	48	3215
Flagler Estates	FL	29.646	-81.457	33	3215
Bradner	BC	49.100	-122.417	46	3213
Momence	IL	41.167	-87.663	5	3213
Laguna Vista	TX	26.101	-97.290	5	3212
Canossa	AB	53.634	-113.520	11	3211
Delanco	NJ	40.051	-74.954	33	3211
Brackenridge	PA	40.608	-79.741	33	3211
Oakridge	OR	43.747	-122.462	29	3211
Port Hawkesbury	NS	45.617	-61.356	15	3210
Capitanejo	PR	18.015	-66.534	39	3209
Lorette	MB	49.739	-96.872	48	3208
Port Washington North	NY	40.845	-73.702	33	3207
Pretty Bayou	FL	30.197	-85.697	5	3206
Orchard Park	NY	42.768	-78.744	33	3206
Pittsboro	IN	39.864	-86.467	16	3205
Alpine	ON	43.424	-80.480	45	3203
Ebensburg	PA	40.485	-78.725	33	3203
Fort Hall	ID	43.033	-112.438	3	3201
Tipton	IA	41.770	-91.128	5	3200
East Dundee	IL	42.099	-88.271	5	3200
Dundee	OR	45.278	-123.011	29	3200
Cabano	QC	47.681	-68.878	45	3199
Warrior	AL	33.814	-86.809	5	3199
Barrett	TX	29.880	-95.063	5	3199
Rockwood	MI	42.071	-83.247	10	3199
Wanakah	NY	42.746	-78.903	33	3199
Cactus	TX	36.052	-102.002	5	3197
Ellsworth	WI	44.732	-92.487	5	3197
Highland	WA	46.132	-119.114	29	3197
Pleasant Valley	WV	39.455	-80.142	33	3196
Goffstown	NH	43.020	-71.600	33	3196
Williamsburg	IA	41.661	-92.009	5	3195
Vineyard	UT	40.297	-111.747	9	3195
Cliffwood Beach	NJ	40.442	-74.217	33	3194
Vado	NM	32.112	-106.662	9	3194
Parkdale	AB	53.567	-113.474	11	3193
Saint-Thomas	QC	46.017	-73.349	45	3193
New Hope	MS	33.468	-88.327	5	3193
Sandia Heights	NM	35.177	-106.491	9	3193
Milbank	SD	45.219	-96.636	5	3192
Greenwood	LA	32.443	-93.973	5	3191
Brentwood	MD	38.943	-76.957	33	3191
Centerville	PA	40.045	-79.976	33	3191
Beverly Heights	AB	53.567	-113.400	11	3190
Montezuma	GA	32.305	-84.027	33	3189
Boscobel	WI	43.134	-90.705	5	3189
Ladysmith	WI	45.463	-91.104	5	3188
South Blooming Grove	NY	41.373	-74.178	33	3188
Clarksville	TX	33.611	-95.053	5	3187
Nellis Air Force Base	NV	36.246	-115.057	29	3187
Homeland	MD	39.358	-76.624	33	3186
Scissors	TX	26.140	-98.054	5	3186
Meadowbrook	CA	33.726	-117.285	29	3185
Tracadie-Sheila	NB	47.514	-64.918	32	3184
Sixmile Run	NJ	40.458	-74.512	33	3184
Three Lakes	WA	47.945	-122.012	29	3184
Smithville-Sanders	IN	39.060	-86.511	16	3184
Grantville	GA	33.235	-84.836	33	3183
Sumner	IL	38.717	-87.861	5	3183
Kingstree	SC	33.668	-79.831	33	3183
Homer	NY	42.637	-76.179	33	3183
Elk Ridge	UT	40.011	-111.677	9	3183
Wildwood Crest	NJ	38.975	-74.834	33	3182
Abingdon	IL	40.804	-90.402	5	3182
Madison	OH	41.771	-81.050	33	3182
Mamou	LA	30.634	-92.419	5	3181
Priceville	AL	34.525	-86.895	5	3179
West Union	OH	38.795	-83.545	33	3179
Olney	TX	33.371	-98.753	5	3179
Balmville	NY	41.535	-74.015	33	3178
Capilano	BC	49.341	-123.107	46	3177
La Fermina	PR	18.176	-65.853	39	3177
Chimayo	NM	36.004	-105.947	9	3177
Gillespie	IL	39.130	-89.820	5	3176
San Joaquin Hills	CA	33.612	-117.837	29	3176
Ct 0005	QC	45.606	-73.511	45	3175
Warsaw	NC	34.999	-78.091	33	3175
Chandler	OK	35.702	-96.881	5	3175
Nyssa	OR	43.877	-116.995	3	3175
Barbourville	KY	36.866	-83.889	33	3174
Thiensville	WI	43.238	-87.979	5	3174
Pickens	SC	34.883	-82.707	33	3173
Secord	AB	53.534	-113.701	11	3171
Tallapoosa	GA	33.745	-85.288	33	3171
Pierre Part	LA	29.965	-91.203	5	3169
Cedonia	MD	39.332	-76.532	33	3168
Clinton Corners	NY	41.830	-73.762	33	3168
Nokomis	FL	27.119	-82.444	33	3167
Saint James	NC	33.929	-78.116	33	3165
Mount Penn	PA	40.328	-75.891	33	3165
Oxoboxo River	CT	41.444	-72.125	33	3165
Corning	AR	36.408	-90.580	5	3162
Dennis Port	MA	41.658	-70.129	33	3162
Valhalla	NY	41.075	-73.775	33	3162
Yokuts Valley	CA	36.740	-119.247	29	3162
DeQuincy	LA	30.450	-93.433	5	3161
Oak Ridge North	TX	30.160	-95.444	5	3161
High Level	AB	58.517	-117.136	11	3159
Cashmere	WA	47.522	-120.470	29	3159
Sedco Hills	CA	33.642	-117.291	29	3158
Ponce Inlet	FL	29.096	-80.937	33	3157
Delhi	NY	42.278	-74.916	33	3157
East Prairie	MO	36.780	-89.386	5	3155
Hamburg	NJ	41.153	-74.576	33	3155
Grangeville	ID	45.927	-116.122	29	3155
Hilliard	FL	30.691	-81.917	33	3154
Grape Creek	TX	31.579	-100.548	5	3154
Burney	CA	40.882	-121.661	29	3154
Riverdale	CA	36.431	-119.860	29	3153
Pendleton	SC	34.652	-82.784	33	3152
McDonald	OH	41.164	-80.724	33	3152
Nevada City	CA	39.262	-121.018	29	3152
Estacada	OR	45.290	-122.334	29	3152
Maple Heights-Lake Desire	WA	47.444	-122.097	29	3152
Millersburg	OH	40.555	-81.918	33	3151
Dadeville	AL	32.831	-85.764	5	3150
Riverside	MO	39.178	-94.613	5	3150
Bishop	TX	27.586	-97.799	5	3150
Pittsfield	ME	44.783	-69.383	33	3150
River Bend	NC	35.069	-77.147	33	3149
Swansboro	NC	34.688	-77.119	33	3149
West Portsmouth	OH	38.758	-83.029	33	3149
Bethany	MO	40.268	-94.028	5	3149
Little Canada	NL	47.596	-52.717	43	3148
Whispering Pines	NC	35.256	-79.372	33	3148
Fairbanks Ranch	CA	32.994	-117.187	29	3148
Grayson	GA	33.894	-83.956	33	3147
Las Lomas	TX	26.365	-98.775	5	3147
Columbus	KS	37.169	-94.844	5	3146
Portageville	MO	36.425	-89.700	5	3146
Four Corners	MT	45.660	-111.185	9	3146
Upper Palolo	HI	21.312	-157.787	49	3145
Chattahoochee	FL	30.705	-84.846	33	3144
Corydon	IN	38.212	-86.122	27	3144
Trafford	PA	40.386	-79.759	33	3144
Algona	WA	47.279	-122.252	29	3144
Ladonia	AL	32.468	-85.079	33	3142
Brillion	WI	44.177	-88.064	5	3142
Nash	TX	33.442	-94.131	5	3141
Hanna	AB	51.633	-111.902	11	3140
Wellington	AB	53.596	-113.552	11	3140
Myerstown	PA	40.375	-76.303	33	3140
Avondale Estates	GA	33.771	-84.267	33	3139
Zillah	WA	46.402	-120.262	29	3138
Carrollton	OH	40.573	-81.086	33	3137
Marienville	PA	41.469	-79.123	33	3137
Ellwood Park/Monument	MD	39.297	-76.572	33	3137
Eunice	NM	32.437	-103.159	9	3136
Bonanza	GA	33.466	-84.337	33	3135
Sloatsburg	NY	41.155	-74.193	33	3135
Frostproof	FL	27.746	-81.531	33	3134
Macungie	PA	40.516	-75.555	33	3134
Prescott	AR	33.803	-93.381	5	3133
Waterford	ON	42.933	-80.283	45	3132
Nashville	IL	38.344	-89.381	5	3132
Red Bay	AL	34.440	-88.141	5	3131
Grand Saline	TX	32.673	-95.709	5	3131
Pine Hills	CA	40.733	-124.152	29	3131
San Carlos	TX	26.296	-98.072	5	3130
Mountain View Acres	CA	34.497	-117.349	29	3130
Tweddle Place	AB	53.475	-113.460	11	3128
Fayetteville	PA	39.911	-77.550	33	3128
Mono Vista	CA	37.998	-120.270	29	3127
Beausejour	MB	50.062	-96.517	48	3126
Rural Hall	NC	36.240	-80.293	33	3126
Tonkawa	OK	36.678	-97.310	5	3126
Allendale	SC	33.008	-81.308	33	3126
La Center	WA	45.862	-122.670	29	3125
Napierville	QC	45.186	-73.405	45	3124
Wildwood Lake	TN	35.092	-84.854	33	3124
Cross Mountain	TX	29.645	-98.659	5	3124
Clayton	DE	39.291	-75.634	33	3123
Williams	AZ	35.249	-112.191	38	3122
Mannford	OK	36.133	-96.354	5	3121
Delta	OH	41.574	-84.005	33	3121
North Crossett	AR	33.166	-91.942	5	3119
Cloverdale	VA	37.365	-79.906	33	3119
Wise	VA	36.976	-82.576	33	3119
Downtown Cambridge	ON	43.362	-80.313	45	3117
Attica	IN	40.294	-87.249	16	3117
Rancho Santa Fe	CA	33.020	-117.203	29	3117
Athlone	AB	53.589	-113.549	11	3116
Landis	NC	35.546	-80.611	33	3116
Trois Pistoles	QC	48.117	-69.167	45	3115
Licking	MO	37.499	-91.857	5	3115
Bandon	OR	43.119	-124.408	29	3115
Virden	MB	49.851	-100.933	48	3114
South Pittsburg	TN	35.012	-85.704	5	3114
Niantic	CT	41.325	-72.193	33	3114
Homestead	PA	40.406	-79.912	33	3114
Clinton	ON	43.617	-81.533	45	3113
Greenwood Lake	NY	41.223	-74.294	33	3113
Dade City North	FL	28.383	-82.194	33	3113
Lesslie	SC	34.891	-80.956	33	3112
Westfield	MD	39.359	-76.551	33	3111
Greendale	BC	49.117	-122.050	46	3110
Hogansville	GA	33.173	-84.915	33	3110
Walbridge	OH	41.588	-83.493	33	3109
Esparto	CA	38.692	-122.017	29	3108
Cutten	CA	40.770	-124.143	29	3108
Pictou	NS	45.679	-62.709	15	3107
Portneuf	QC	46.691	-71.890	45	3107
Chickamauga	GA	34.871	-85.291	33	3107
Hickory Hills	MS	30.457	-88.639	5	3107
Garner	IA	43.102	-93.602	5	3107
McCall	ID	44.911	-116.099	3	3106
Westville	IL	40.042	-87.639	5	3105
Ct 0008	QC	45.587	-73.510	45	3104
Bean Station	TN	36.344	-83.284	33	3104
Peterborough	NH	42.871	-71.952	33	3103
Pomona	NY	41.167	-74.043	33	3103
Warrensburg	NY	43.497	-73.776	33	3103
Channel Islands Beach	CA	34.158	-119.223	29	3103
Moss Beach	CA	37.527	-122.513	29	3103
Griesbach	AB	53.607	-113.504	11	3102
Tybee Island	GA	32.000	-80.846	33	3102
Lanai City	HI	20.828	-156.924	49	3102
Bethel Acres	OK	35.309	-97.026	5	3101
Airville	PA	39.832	-76.406	33	3100
Minchau	AB	53.468	-113.408	11	3099
White City	SK	50.433	-104.368	41	3099
Portland Estates	NS	44.664	-63.518	15	3099
Emajagua	PR	18.001	-65.883	39	3099
Mechanicsville	PA	40.966	-76.587	33	3099
Aloha Estates	BC	49.132	-122.686	46	3098
Cherry Valley	IL	42.235	-88.949	5	3098
Belgrade	ME	44.447	-69.833	33	3096
Fairport Harbor	OH	41.750	-81.274	33	3096
Perce	QC	48.488	-64.299	45	3095
Conservation	ON	43.486	-80.581	45	3095
Hiawatha	KS	39.852	-95.536	5	3095
Ellison	BC	49.933	-119.369	46	3094
Somerville	TN	35.244	-89.350	5	3094
North Shore	VA	37.082	-79.658	33	3094
Algoma	WI	44.609	-87.433	5	3094
Crockett	CA	38.052	-122.213	29	3094
Nutana Park	SK	52.094	-106.630	41	3093
Nicholson	MS	30.477	-89.694	5	3092
Concordia	NJ	40.311	-74.448	33	3092
Weaver	AL	33.752	-85.811	5	3091
Taft	TX	27.979	-97.399	5	3091
Hansville	WA	47.919	-122.554	29	3091
Tiger Point	FL	30.379	-87.056	5	3090
Hideaway	TX	32.490	-95.457	5	3090
Westfield	NY	42.322	-79.578	33	3090
Clear Lake Riviera	CA	38.954	-122.721	29	3090
Crystal River	FL	28.902	-82.593	33	3089
Blennerhassett	WV	39.264	-81.629	33	3089
Wilder	KY	39.056	-84.487	33	3088
Brightwaters	NY	40.721	-73.267	33	3088
Soperton	GA	32.377	-82.592	33	3087
Milton	NY	43.034	-73.853	33	3087
Mont-Saint-Grégoire	QC	45.333	-73.166	45	3086
Kingman	KS	37.646	-98.114	5	3086
East Gaffney	SC	35.080	-81.633	33	3085
Forest Hills	NB	45.312	-66.012	32	3084
Blue Ridge	VA	37.378	-79.807	33	3084
North Falmouth	MA	41.646	-70.618	33	3084
Kenova	WV	38.399	-82.578	33	3083
Bishop's Falls	NL	49.017	-55.481	43	3082
Pottsville	AR	35.248	-93.049	5	3082
Clare	MI	43.819	-84.769	10	3082
The Plains	OH	39.369	-82.132	33	3080
North River Shores	FL	27.218	-80.270	33	3079
Montrose	MN	45.065	-93.911	5	3079
Westhampton	NY	40.825	-72.666	33	3079
Wormleysburg	PA	40.263	-76.914	33	3079
Canterwood	WA	47.375	-122.589	29	3079
Kamehameha Heights	HI	21.334	-157.863	49	3079
Indiantown	NB	45.275	-66.078	32	3078
Wallburg	NC	36.010	-80.139	33	3078
Double Oak	TX	33.065	-97.111	5	3078
Pine City	MN	45.826	-92.969	5	3078
Barton Creek	TX	30.285	-97.869	5	3077
Boothbay	ME	43.876	-69.634	33	3077
Cave Springs	AR	36.263	-94.232	5	3076
Rock Island	FL	26.155	-80.177	33	3076
Hillsboro	MO	38.232	-90.563	5	3076
Havana	IL	40.300	-90.061	5	3076
Boutte	LA	29.902	-90.388	5	3075
Tishomingo	OK	34.236	-96.679	5	3075
Doylestown	OH	40.970	-81.697	33	3075
Tilton-Northfield	NH	43.443	-71.594	33	3075
Casselman	ON	45.317	-75.083	45	3074
Norco	LA	29.999	-90.412	5	3074
Blountville	TN	36.533	-82.327	33	3074
Feasterville	PA	40.150	-74.997	33	3074
Kernohan	AB	53.592	-113.381	11	3073
Brices Creek	NC	35.056	-77.088	33	3073
Acushnet Center	MA	41.685	-70.906	33	3073
Rush City	MN	45.686	-92.965	5	3072
Maugansville	MD	39.693	-77.745	33	3071
Brazoria	TX	29.044	-95.569	5	3071
Lake Arrowhead	ME	43.664	-70.735	33	3071
Freedom	CA	36.935	-121.773	29	3070
Pajaro	CA	36.904	-121.749	29	3070
Edgewood	PA	40.432	-79.881	33	3069
Proctor	MN	46.747	-92.225	5	3068
Buckner	MO	39.133	-94.199	5	3067
McSherrystown	PA	39.807	-77.011	33	3067
Sherrill	NY	43.074	-75.598	33	3066
Arlington	MD	39.349	-76.683	33	3065
Atoka	OK	34.386	-96.128	5	3065
Mount Pocono	PA	41.122	-75.365	33	3065
Haultain	SK	52.110	-106.646	41	3064
Yerington	NV	38.986	-119.163	29	3064
ByWard Market	ON	45.427	-75.692	45	3063
Needville	TX	29.399	-95.838	5	3063
Culloden	WV	38.420	-82.055	33	3061
Fort Macleod	AB	49.717	-113.419	11	3060
Eaux Claires	AB	53.621	-113.487	11	3060
Nouvelle-Arcadie	NB	46.698	-65.361	32	3060
Dalzell	SC	34.017	-80.430	33	3059
Combes	TX	26.249	-97.734	5	3059
Ellsworth	KS	38.731	-98.228	5	3057
Pleasant Valley	MO	39.216	-94.484	5	3056
Springfield	KY	37.685	-85.222	33	3055
Verona	MS	34.194	-88.720	5	3054
Orofino	ID	46.479	-116.255	29	3054
Holloman Air Force Base	NM	32.848	-106.100	9	3054
Lodi	WI	43.314	-89.527	5	3052
Three Hills	AB	51.700	-113.269	11	3051
Atkins	AR	35.246	-92.937	5	3051
Mellwood	MD	38.810	-76.824	33	3051
Lake Orion	MI	42.784	-83.240	10	3051
Angwin	CA	38.576	-122.450	29	3051
Lake Success	NY	40.771	-73.718	33	3050
Bannerman	AB	53.604	-113.379	11	3049
Kendall Green	FL	26.254	-80.124	33	3048
Lakemore	OH	41.021	-81.436	33	3048
Bellows Falls	VT	43.133	-72.444	33	3048
West Burlington	IA	40.825	-91.157	5	3047
Parker	AZ	34.150	-114.289	38	3046
Rothsville	PA	40.151	-76.251	33	3044
Wyncote	PA	40.095	-75.149	33	3044
Wyoming	PA	41.312	-75.837	33	3044
Silt	CO	39.549	-107.656	9	3043
Lanesborough	MA	42.517	-73.228	33	3042
Robbinsville	NJ	40.215	-74.619	33	3041
Jefferson	OH	41.739	-80.770	33	3041
Buffalo	MO	37.644	-93.092	5	3040
Madeira Park	BC	49.620	-124.023	46	3039
Lower Wilhelmina	HI	21.282	-157.794	49	3039
Mohnton	PA	40.286	-75.984	33	3036
Salmon	ID	45.176	-113.896	3	3036
Port Angeles East	WA	48.107	-123.372	29	3036
Norgate	BC	49.317	-123.117	46	3035
Granite Hills	CA	32.803	-116.905	29	3035
Frisco	CO	39.574	-106.098	9	3035
Island Walk	FL	26.251	-81.711	33	3035
Elma	WA	47.003	-123.409	29	3034
Shenandoah Farms	VA	38.982	-78.076	33	3033
Gulivoire Park	IN	41.613	-86.245	16	3033
York Harbor	ME	43.137	-70.646	33	3033
Lakewood	SC	33.847	-80.350	33	3032
Grand Bend	ON	43.317	-81.750	45	3031
Milton	LA	30.104	-92.077	5	3030
San Saba	TX	31.196	-98.718	5	3030
Keego Harbor	MI	42.608	-83.344	10	3029
Genoa City	WI	42.498	-88.328	5	3029
Ct 0021	QC	45.546	-73.539	45	3028
Williston	SC	33.403	-81.420	33	3028
Arbuckle	CA	39.017	-122.058	29	3028
Carman	MB	49.499	-98.002	48	3027
Cherry Hill	ON	43.445	-80.508	45	3027
Pannill Fork	VA	36.709	-80.013	33	3027
Pantops	VA	38.034	-78.455	33	3027
Royal Palm Estates	FL	26.681	-80.133	33	3025
Hartford	SD	43.623	-96.943	5	3025
Las Lomas	CA	36.865	-121.735	29	3024
Girard	PA	42.000	-80.318	33	3023
North Barrington	IL	42.208	-88.141	5	3022
Chemainus	BC	48.916	-123.719	46	3021
Barranquitas	PR	18.187	-66.306	39	3021
Imbery	PR	18.437	-66.552	39	3021
Emmitsburg	MD	39.705	-77.327	33	3021
Beechwood Trails	OH	40.024	-82.651	33	3020
Nutana Urban Centre	SK	52.102	-106.608	41	3019
Ct 0025	QC	45.543	-73.546	45	3018
Milford	IA	43.325	-95.150	5	3018
New Britain	PA	40.299	-75.181	33	3017
Yountville	CA	38.402	-122.361	29	3017
Ridgemark	CA	36.812	-121.366	29	3016
Beechwood	MI	42.797	-86.126	10	3015
Morrisburg	ON	44.900	-75.183	45	3014
Riverview	MO	38.276	-93.070	5	3014
Henrietta	TX	33.817	-98.195	5	3014
Paddock Lake	WI	42.578	-88.105	5	3014
Anza	CA	33.555	-116.674	29	3014
Agua Dulce	TX	31.655	-106.139	9	3014
Three Rivers	OR	43.820	-121.469	29	3014
Upton	MA	42.175	-71.602	33	3013
Canadian	TX	35.913	-100.382	5	3013
The Hideout	PA	41.427	-75.353	33	3013
Winnebago	IL	42.266	-89.241	5	3012
New Madrid	MO	36.586	-89.528	5	3011
Lucedale	MS	30.925	-88.590	5	3011
Indian Heights	IN	40.427	-86.126	16	3011
Bad Axe	MI	43.802	-83.001	10	3011
Orchard City	CO	38.828	-107.971	9	3011
Lewes	DE	38.775	-75.139	33	3010
Woodbury Heights	NJ	39.817	-75.155	33	3010
East Syracuse	NY	43.065	-76.079	33	3010
Kenvil	NJ	40.880	-74.618	33	3009
Westminster	LA	30.414	-91.088	5	3008
Watonga	OK	35.845	-98.413	5	3008
Llano Grande	TX	26.130	-97.968	5	3008
Park Hills	KY	39.071	-84.532	33	3007
Acres Green	CO	39.557	-104.896	9	3007
Beaver	UT	38.277	-112.641	9	3007
Minden	NE	40.499	-98.948	5	3006
Goshen	CA	36.351	-119.420	29	3006
Homer	LA	32.792	-93.055	5	3005
Pembroke	NC	34.680	-79.195	33	3004
Belle Meade	TN	36.096	-86.857	5	3004
Saint Clair	PA	40.721	-76.191	33	3004
Lafayette	AL	32.900	-85.401	5	3003
Williamson	WV	37.674	-82.277	33	3003
Ridgetown	ON	42.435	-81.887	45	3002
Murfreesboro	NC	36.442	-77.099	33	3002
Orwigsburg	PA	40.655	-76.101	33	3002
Cut Bank	MT	48.633	-112.326	9	3002
Iuka	MS	34.812	-88.190	5	3001
Bedford Hills	NY	41.237	-73.695	33	3001
Minden	NV	38.954	-119.766	29	3001
Chinatown	HI	21.312	-157.862	49	3001
Trabuco Canyon	CA	33.663	-117.590	29	3000
Warm Springs	MT	46.181	-112.785	9	3000
National Park	NJ	39.866	-75.179	33	2999
Waynesville	OH	39.530	-84.087	33	2999
Lead	SD	44.352	-103.765	9	2999
Smithsburg	MD	39.655	-77.573	33	2998
Shady Spring	WV	37.706	-81.098	33	2998
Brighton	TN	35.484	-89.725	5	2996
Oleskiw	AB	53.498	-113.607	11	2995
Bushnell	FL	28.665	-82.113	33	2995
Granite Quarry	NC	35.612	-80.447	33	2995
Helena Valley Northeast	MT	46.699	-111.952	9	2995
Springdale	MD	38.938	-76.839	33	2994
Chester	VT	43.263	-72.595	33	2994
Tyndall Air Force Base	FL	30.085	-85.607	5	2994
Houston	BC	54.400	-126.670	46	2993
Ferrysburg	MI	43.084	-86.220	10	2993
Point Baker	FL	30.690	-87.054	5	2991
Potosi	TX	32.329	-99.656	5	2991
Arcadia	WI	44.253	-91.502	5	2991
Lower Mount Royal	AB	51.038	-114.086	11	2990
Clarcona	FL	28.613	-81.499	33	2990
Cleveland	FL	26.962	-81.984	33	2990
Coventry Lake	CT	41.772	-72.333	33	2990
Laurel Lake	NJ	39.340	-75.030	33	2989
Harbour Heights	FL	26.991	-82.002	33	2987
Marion	KY	37.333	-88.081	5	2986
Loyola/Notre Dame	MD	39.349	-76.621	33	2986
Poplarville	MS	30.840	-89.534	5	2985
East Greenville	PA	40.406	-75.502	33	2985
Hazeldean	AB	53.502	-113.480	11	2984
Natalbany	LA	30.546	-90.486	5	2984
Leesburg	GA	31.732	-84.171	33	2983
Greystone Heights	SK	52.119	-106.612	41	2982
Manistique	MI	45.958	-86.246	10	2982
Hudson Bend	TX	30.417	-97.929	5	2981
Grand Mound	WA	46.788	-123.011	29	2981
Calais	ME	45.184	-67.277	33	2980
Churchill	PA	40.438	-79.843	33	2979
Woodville	FL	30.314	-84.247	33	2978
Wood-Lynne	NJ	39.917	-75.096	33	2978
Brookland	AR	35.900	-90.582	5	2977
Bushnell	IL	40.553	-90.506	5	2976
Ballville	OH	41.328	-83.132	33	2976
Rankin Inlet	NU	62.809	-92.085	40	2975
Penbrook	PA	40.275	-76.848	33	2974
Thermopolis	WY	43.646	-108.212	9	2974
Allendale	MD	39.290	-76.682	33	2974
Hickory Withe	TN	35.244	-89.589	5	2973
Stamford	TX	32.945	-99.803	5	2973
Andrews Air Force Base	MD	38.805	-76.875	33	2973
Miller	AB	53.611	-113.413	11	2972
Rushville	IL	40.121	-90.563	5	2972
Kalaeloa-Campbell Industrial Park	HI	21.314	-158.088	49	2971
Baltimore	OH	39.845	-82.601	33	2970
Edgecliff Village	TX	32.658	-97.343	5	2970
Green Rock	IL	41.473	-90.358	5	2970
Meridian	CO	39.540	-104.845	9	2970
Elgin	OK	34.780	-98.292	5	2969
Rollingwood	CA	37.965	-122.330	29	2969
Hartville	OH	40.964	-81.331	33	2968
Harlem	GA	33.415	-82.313	33	2967
Sunset	LA	30.411	-92.068	5	2967
Madawaska	ME	47.355	-68.322	33	2967
Lake Delton	WI	43.601	-89.794	5	2967
Fermont	QC	52.794	-67.084	45	2966
West Jasper Place	AB	53.536	-113.583	11	2966
Locust	NC	35.260	-80.425	33	2966
Afton	MN	44.903	-92.784	5	2966
Cornwall	NY	41.445	-74.016	33	2966
Athabasca	AB	54.717	-113.285	11	2965
University Heights	AB	51.071	-114.136	11	2965
Williamstown	WV	39.401	-81.448	33	2965
Spring Lake	NJ	40.153	-74.028	33	2965
Lake City	PA	42.014	-80.345	33	2965
Deer Lodge	MT	46.396	-112.730	9	2965
Waikapū	HI	20.858	-156.507	49	2965
Ainaloa	HI	19.527	-154.993	49	2965
Enderby	BC	50.550	-119.152	46	2964
Mount Morris	MI	43.119	-83.695	10	2964
New Bremen	OH	40.437	-84.380	33	2964
Oostburg	WI	43.623	-87.795	5	2964
Sackville	NB	45.899	-64.368	32	2963
Sandwich	MA	41.759	-70.494	33	2962
Arnold	MN	46.880	-92.090	5	2960
Indian Hills	KY	38.273	-85.663	27	2959
Kingwood	WV	39.472	-79.683	33	2959
New Tazewell	TN	36.443	-83.600	33	2957
Youngwood	PA	40.240	-79.577	33	2956
Tavistock	ON	43.317	-80.833	45	2955
Inwood	WV	39.358	-78.040	33	2954
City Commercial Core	ON	43.449	-80.487	45	2953
Lakewood Urban Centre	SK	52.100	-106.566	41	2953
Saint James	MD	39.563	-77.758	33	2953
Chelsea	NY	40.601	-74.195	33	2953
El Cerro	NM	34.774	-106.704	9	2953
Hatzic	BC	49.150	-122.250	46	2952
Brownstown	IN	38.879	-86.042	16	2952
Fairfield Harbour	NC	35.077	-76.964	33	2952
Summit Hill	PA	40.825	-75.871	33	2952
Gloucester Courthouse	VA	37.410	-76.527	33	2951
Graymoor-Devondale	KY	38.273	-85.623	27	2950
Chandler	TX	32.308	-95.480	5	2949
Jones	OK	35.566	-97.287	5	2948
Petersburg	AK	56.812	-132.956	42	2948
Elkins	AR	36.001	-94.008	5	2946
Lowesville	NC	35.417	-81.011	33	2945
Groveville	NJ	40.170	-74.672	33	2945
Warm Springs	OR	44.763	-121.266	29	2945
Kilmanagh	MI	43.756	-83.357	10	2944
Midland	PA	40.259	-80.218	33	2944
Soda Springs	ID	42.654	-111.605	3	2944
Chaffee	MO	37.180	-89.655	5	2943
Superior	AZ	33.294	-111.096	38	2943
Buies Creek	NC	35.413	-78.736	33	2942
Schmidtville	NS	44.640	-63.578	15	2940
Geneva	FL	28.740	-81.115	33	2940
Nocona	TX	33.787	-97.726	5	2939
Holden	ME	44.753	-68.679	33	2939
Virgil	ON	43.217	-79.133	45	2937
Hamilton	TX	31.704	-98.124	5	2937
Malabar	FL	28.004	-80.566	33	2936
Eufaula	OK	35.287	-95.582	5	2936
Wellton	AZ	32.673	-114.147	38	2936
Stanton	TX	32.129	-101.788	5	2936
Koloa-Poipu	HI	21.894	-159.465	49	2936
Charlesworth	AB	53.429	-113.418	11	2935
Blanchard	LA	32.581	-93.893	5	2935
Schnecksville	PA	40.675	-75.620	33	2935
Swift Trail Junction	AZ	32.730	-109.714	38	2935
Erlands Point-Kitsap Lake	WA	47.597	-122.702	29	2935
Wingham	ON	43.888	-81.311	45	2934
Ava	MO	36.952	-92.660	5	2934
Sheridan	IN	40.135	-86.221	16	2934
Durham	CT	41.482	-72.681	33	2933
Bay Pines	FL	27.814	-82.778	33	2931
Castroville	TX	29.356	-98.879	5	2931
Evansville	WY	42.860	-106.268	9	2931
Cleveland	BC	49.357	-123.087	46	2930
Galena	KS	37.076	-94.640	5	2930
Walton	NY	42.170	-75.129	33	2930
Willowbrook	NY	40.603	-74.138	33	2930
Chineside	BC	49.267	-122.833	46	2929
Madison	WV	38.067	-81.819	33	2929
Sixteen Mile Stand	OH	39.273	-84.327	33	2928
Yadkinville	NC	36.135	-80.660	33	2927
Hildale	UT	37.004	-112.967	9	2927
Vista Santa Rosa	CA	33.628	-116.218	29	2926
Parowan	UT	37.842	-112.828	9	2926
Southdale	NS	44.665	-63.549	15	2925
Corazón	PR	17.993	-66.085	39	2925
Clayton	AL	31.878	-85.450	5	2925
Millen	GA	32.804	-81.949	33	2925
Enochville	NC	35.530	-80.668	33	2925
Cache	OK	34.630	-98.629	5	2925
Schulenburg	TX	29.682	-96.903	5	2925
Dandridge	TN	36.015	-83.415	33	2924
Greenview	AB	53.474	-113.425	11	2923
Meyonohk	AB	53.456	-113.458	11	2923
Woolwich	ME	43.919	-69.801	33	2922
Academy Heights	ON	48.422	-89.244	45	2921
Bowling Green	FL	27.638	-81.824	33	2919
Lawnside	NJ	39.867	-75.028	33	2919
Greenfield	MN	45.103	-93.691	5	2919
Jarrettsville	MD	39.605	-76.478	33	2916
Snowmass Village	CO	39.213	-106.938	9	2916
Boothill	SK	50.434	-104.572	41	2915
Highlandtown	MD	39.286	-76.569	33	2915
Montgomery	MN	44.439	-93.581	5	2915
Mattapoisett Center	MA	41.666	-70.807	33	2915
Newton	AB	53.573	-113.425	11	2914
Chincoteague	VA	37.933	-75.379	33	2914
Lakewood	NY	42.104	-79.333	33	2914
Johnson Creek	WI	43.076	-88.774	5	2913
Chauvin	LA	29.439	-90.595	5	2912
Fairfield	TX	31.725	-96.165	5	2912
Lake of the Woods	IL	40.206	-88.369	5	2912
Lower McCully	HI	21.290	-157.829	49	2912
Beacon Heights	AB	53.574	-113.407	11	2911
Fort-Coulonge	QC	45.842	-76.739	45	2911
La Crête	AB	58.183	-116.403	11	2911
Osterville	MA	41.628	-70.387	33	2911
Riverside	NY	40.911	-72.655	33	2911
Mangum	OK	34.872	-99.504	5	2910
Poppleton	MD	39.291	-76.633	33	2910
Terra Mar	FL	26.216	-80.095	33	2909
Montara	CA	37.542	-122.516	29	2909
Bald Knob	AR	35.310	-91.568	5	2908
Mineral Springs	NC	34.938	-80.669	33	2908
Nags Head	NC	35.957	-75.624	33	2908
Alexandria	ON	45.313	-74.637	45	2906
Glengarry	AB	53.596	-113.480	11	2906
Strasburg	PA	39.983	-76.184	33	2906
Gleed	WA	46.658	-120.613	29	2906
North Yelm	WA	46.963	-122.603	29	2906
Puhi	HI	21.969	-159.400	49	2906
Wawa	ON	47.989	-84.774	45	2905
Iron River	MI	46.093	-88.642	30	2904
Sutter	CA	39.160	-121.753	29	2904
Shady Cove	OR	42.611	-122.813	29	2904
La Paloma	TX	26.046	-97.667	5	2903
Northmount	AB	53.601	-113.479	11	2902
Rosslyn	AB	53.596	-113.504	11	2902
Gravel Ridge	AR	34.868	-92.191	5	2902
Garden Court	PA	39.953	-75.221	33	2902
Saint-Gabriel	QC	46.300	-73.382	45	2901
Tipaskan	AB	53.462	-113.457	11	2901
Nanty Glo	PA	40.472	-78.833	33	2901
Blue Hills	CT	41.813	-72.698	33	2901
Chase River	BC	49.133	-123.917	46	2900
Delhi	LA	32.458	-91.493	5	2900
Mondawmin	MD	39.318	-76.659	33	2900
Brinckerhoff	NY	41.544	-73.868	33	2900
Eatonville	WA	46.867	-122.266	29	2900
Hahira	GA	30.991	-83.373	33	2899
Belchertown	MA	42.277	-72.401	33	2899
Florida	NY	41.332	-74.357	33	2899
Mount Morris	NY	42.726	-77.874	33	2899
Putney	GA	31.470	-84.118	33	2898
Dresden	TN	36.291	-88.708	5	2898
Walsenburg	CO	37.624	-104.780	9	2898
North Hanwell	NB	45.958	-66.682	32	2897
Lido Beach	NY	40.589	-73.625	33	2897
Lower Waiau	HI	21.396	-157.965	49	2897
Wareham Center	MA	41.767	-70.726	33	2896
Kameyosek	AB	53.462	-113.442	11	2895
Ashby	MA	42.678	-71.820	33	2895
Fowlerville	MI	42.661	-84.073	10	2895
Experiment	GA	33.265	-84.282	33	2894
Flemingsburg	KY	38.422	-83.734	33	2894
Alderton	WA	47.170	-122.229	29	2893
Locust Point	MD	39.269	-76.592	33	2893
Kimberly	AL	33.773	-86.814	5	2892
Bicknell	IN	38.774	-87.308	22	2892
Seaside Heights	NJ	39.944	-74.073	33	2892
Cordell	OK	35.291	-98.988	5	2892
Fayetteville	WV	38.053	-81.104	33	2892
Blackhawk	SD	44.151	-103.308	9	2892
Meyokumin	AB	53.450	-113.426	11	2891
Ste. Anne	MB	49.670	-96.650	48	2891
Brinkley	AR	34.888	-91.195	5	2890
Heyworth	IL	40.313	-88.974	5	2890
Three Rivers	MA	42.181	-72.361	33	2890
Springfield	GA	32.372	-81.311	33	2889
Lavon	TX	33.028	-96.434	5	2889
Byrnes Mill	MO	38.438	-90.582	5	2888
Andrews	SC	33.451	-79.561	33	2888
Wolfdale	PA	40.193	-80.288	33	2888
La Luisa	PR	18.449	-66.510	39	2887
Monmouth Junction	NJ	40.379	-74.547	33	2887
Follansbee	WV	40.328	-80.596	33	2887
Central Waterford	CT	41.345	-72.129	33	2887
Central City	NE	41.116	-98.002	5	2886
Emerald Lakes	PA	41.088	-75.420	33	2886
Highlands	BC	49.343	-123.095	46	2885
Bucksport	ME	44.574	-68.796	33	2885
Staples	MN	46.356	-94.792	5	2885
Martorell	PR	18.076	-65.898	39	2884
Arcola	IL	39.685	-88.306	5	2884
South Padre Island	TX	26.104	-97.165	5	2884
Lincoln	ME	45.362	-68.505	33	2884
Helena	GA	32.074	-82.915	33	2883
West	TX	31.802	-97.092	5	2883
Milaca	MN	45.756	-93.654	5	2883
Chenango Bridge	NY	42.167	-75.862	33	2883
Jacksonville	OR	42.313	-122.967	29	2883
Whitfield	FL	27.412	-82.566	33	2882
Holiday Shores	IL	38.922	-89.941	5	2882
Hopkins	SC	33.904	-80.877	33	2882
Richgrove	CA	35.797	-119.108	29	2882
Onawa	IA	42.027	-96.097	5	2881
Spring Arbor	MI	42.205	-84.553	10	2881
Halfway House	PA	40.282	-75.643	33	2881
Madison	FL	30.469	-83.413	33	2880
Drumright	OK	35.988	-96.601	5	2880
Savanna	IL	42.094	-90.157	5	2880
Gladwin	MI	43.981	-84.486	10	2880
Mountain Iron	MN	47.532	-92.624	5	2880
Heritage Lake	IN	39.728	-86.710	16	2880
Lula	GA	34.388	-83.666	33	2879
Pleasant Gap	PA	40.868	-77.747	33	2879
High Prairie	AB	55.433	-116.486	11	2878
Dunstable	MA	42.675	-71.483	33	2878
Ford City	PA	40.772	-79.530	33	2878
Bal Harbour	FL	25.892	-80.127	33	2877
Mount Morris	IL	42.050	-89.431	5	2877
Syracuse	IN	41.428	-85.752	16	2877
Santa Rosa	TX	26.257	-97.825	5	2876
Kewaunee	WI	44.458	-87.503	5	2876
Montalvin	CA	37.995	-122.333	29	2876
Bayview	MD	39.289	-76.542	33	2874
Watkinsville	GA	33.863	-83.409	33	2872
Hillsmere Shores	MD	38.940	-76.495	33	2872
Ko ʻOlina-Honokai Hale	HI	21.337	-158.117	49	2871
South Fallsburg	NY	41.708	-74.632	33	2870
Sublimity	OR	44.830	-122.795	29	2870
Colfax	WA	46.880	-117.364	29	2870
Mistissini	QC	50.418	-73.869	45	2869
Preston Heights	ON	43.397	-80.377	45	2869
Hillsboro	KS	38.352	-97.204	5	2869
Lytle	TX	29.233	-98.796	5	2869
Ayer	MA	42.561	-71.590	33	2868
Overlanders	AB	53.578	-113.383	11	2867
Sesame Park	NL	47.519	-52.762	43	2867
Southern Shores	NC	36.139	-75.732	33	2867
Kenhorst	PA	40.311	-75.939	33	2867
Shady Shores	TX	33.165	-97.029	5	2866
Huntingdon	QC	45.083	-74.166	45	2865
Regent Park	SK	50.473	-104.646	41	2865
Tangerine	FL	28.765	-81.631	33	2865
Sherwood	WI	44.174	-88.260	5	2865
Thermal	CA	33.640	-116.139	29	2865
Arviat	NU	61.109	-94.058	40	2864
Tularosa	NM	33.074	-106.019	9	2864
Fort Polk North	LA	31.103	-93.179	5	2864
Sonora	TX	30.567	-100.643	5	2863
Tisdale	SK	52.850	-104.051	41	2862
Brighton	AL	33.434	-86.947	5	2862
Keheewin	AB	53.449	-113.503	11	2861
Arcadia	LA	32.549	-92.920	5	2861
Garrison Woods	AB	51.013	-114.114	11	2860
Harbor Bluffs	FL	27.909	-82.828	33	2860
Monterey	TN	36.148	-85.268	5	2860
Rising Sun	MD	39.698	-76.063	33	2859
West Grove	PA	39.822	-75.827	33	2859
Womelsdorf	PA	40.362	-76.184	33	2859
Kent	CT	41.725	-73.477	33	2858
Delphi	IN	40.588	-86.675	16	2858
Stanstead	QC	45.015	-72.091	45	2857
Perkins	OK	35.974	-97.034	5	2857
Golden Village	BC	49.188	-123.128	46	2855
DeCordova	TX	32.430	-97.695	5	2855
Refugio	TX	28.305	-97.275	5	2855
Raymond	NH	43.036	-71.183	33	2855
Cazenovia	NY	42.930	-75.853	33	2855
Mountville	PA	40.039	-76.431	33	2854
Hamilton	IL	40.396	-91.339	5	2853
Brandenburg	KY	37.999	-86.169	33	2852
Fairmount	IN	40.415	-85.651	16	2851
Pocasset	MA	41.686	-70.616	33	2851
Kulpmont	PA	40.793	-76.472	33	2851
Luzerne	PA	41.286	-75.901	33	2850
Wolf Point	MT	48.091	-105.641	9	2850
Canyon Heights	BC	49.355	-123.097	46	2849
Alexander	AR	34.630	-92.441	5	2848
Rugby	ND	48.369	-99.996	5	2846
Seven Fields	PA	40.692	-80.063	33	2846
Lisbon	OH	39.861	-83.635	33	2845
Sale Creek	TN	35.382	-85.109	33	2845
Akron	NY	43.021	-78.495	33	2845
Minster	OH	40.393	-84.376	33	2845
Osage City	KS	38.634	-95.826	5	2844
Shackle Island	TN	36.371	-86.617	5	2844
La Selva Beach	CA	36.937	-121.865	29	2843
Horseheads North	NY	42.193	-76.808	33	2843
Norton	KS	39.834	-99.892	5	2841
Eagle Lake	MN	44.165	-93.881	5	2841
Pioneer Village	KY	38.061	-85.678	33	2840
Crown Heights	NY	41.642	-73.929	33	2840
Kingsclear	NB	45.884	-66.909	32	2839
North Kingsville	OH	41.906	-80.690	33	2839
Westmount	SK	52.134	-106.686	41	2838
Wolfeboro	NH	43.584	-71.207	33	2838
Moriches	NY	40.807	-72.821	33	2838
Walworth	WI	42.531	-88.600	5	2838
Gold Bar	AB	53.546	-113.410	11	2837
Mountain View	AR	35.868	-92.118	5	2837
Indialantic	FL	28.089	-80.566	33	2837
Black Canyon City	AZ	34.071	-112.151	38	2837
Cedar	BC	49.116	-123.853	46	2836
South Rosemary	NC	36.452	-77.697	33	2836
Knoxville	IL	40.908	-90.285	5	2836
David City	NE	41.253	-97.130	5	2836
Valentine	NE	42.873	-100.551	5	2836
Luverne	AL	31.717	-86.264	5	2834
Ithaca	MI	43.292	-84.608	10	2834
Amery	WI	45.307	-92.362	5	2834
Oconto Falls	WI	44.874	-88.143	5	2834
Early	TX	31.742	-98.946	5	2833
Bullard	TX	32.140	-95.320	5	2832
Voorheesville	NY	42.654	-73.929	33	2832
Gloverville	SC	33.526	-81.830	33	2831
Lindsay	OK	34.835	-97.603	5	2830
Palmas	PR	17.987	-66.025	39	2829
Oakland	FL	28.555	-81.633	33	2829
Watertown	FL	30.192	-82.615	33	2829
Pearl Beach	MI	42.627	-82.598	10	2829
Oakhurst	CA	37.328	-119.649	29	2829
Princeton	BC	49.458	-120.511	46	2828
Scott Creek	BC	49.290	-122.807	46	2828
Bunnell	FL	29.466	-81.258	33	2828
North Catasauqua	PA	40.660	-75.477	33	2828
Great Neck Estates	NY	40.787	-73.737	33	2827
Venetian Village	IL	42.399	-88.053	5	2826
Meadowdale	WA	47.858	-122.313	29	2826
Downtown West End	AB	51.047	-114.088	11	2825
Fairmount	TN	35.181	-85.324	33	2825
Winner	SD	43.377	-99.859	5	2825
Milton	DE	38.778	-75.310	33	2824
Cajahs Mountain	NC	35.835	-81.541	33	2823
Heber-Overgaard	AZ	34.414	-110.570	38	2822
Rollinsford	NH	43.236	-70.820	33	2820
Bar Nunn	WY	42.914	-106.343	9	2820
Tama	IA	41.967	-92.577	5	2819
Strathmore	CA	36.146	-119.061	29	2819
Gastonville	PA	40.257	-79.996	33	2818
Johnsonburg	PA	40.886	-78.878	33	2818
Zellwood	FL	28.731	-81.601	33	2817
Barnegat	NJ	39.753	-74.223	33	2817
Valley View	PA	39.950	-76.701	33	2817
Shell Point	SC	32.789	-80.107	33	2817
North Zanesville	OH	39.979	-82.003	33	2816
Blossvale	NY	43.280	-75.644	33	2816
Brownstown	PA	40.124	-76.214	33	2816
McKernan	AB	53.508	-113.517	11	2815
Abbeville	GA	31.992	-83.307	33	2815
Raymond	WA	46.686	-123.733	29	2815
Orchidlands Estates	HI	19.561	-155.015	49	2815
Newton	IL	38.991	-88.163	5	2814
Towanda	PA	41.768	-76.443	33	2812
Suder Greens	AB	53.525	-113.679	11	2811
Tontitown	AR	36.178	-94.234	5	2811
Garyville	LA	30.056	-90.619	5	2811
Springtown	TX	32.966	-97.684	5	2811
Ocean Grove	MA	41.729	-71.209	33	2811
Fort Branch	IN	38.251	-87.581	5	2809
Elkton	VA	38.408	-78.624	33	2809
Windsor	MO	38.532	-93.522	5	2808
Magrath Heights	AB	53.448	-113.557	11	2806
Wilton	IA	41.589	-91.017	5	2805
Southern Gateway	VA	38.345	-77.504	33	2805
Choccolocco	AL	33.659	-85.704	5	2804
La Grange	NC	35.307	-77.788	33	2804
Dundalk	ON	44.168	-80.394	45	2803
Beaupré	QC	47.044	-70.895	45	2803
Kīlauea	HI	22.212	-159.413	49	2803
Halfmoon Bay	BC	49.513	-123.909	46	2800
New Hope	AL	34.537	-86.394	5	2800
Gambrills	MD	39.081	-76.658	33	2800
Lena	IL	42.379	-89.822	5	2800
Agua Fria	NM	35.654	-106.022	9	2800
Clairmont	AB	55.267	-118.786	11	2799
Cowichan Bay	BC	48.734	-123.617	46	2799
Chatfield	MN	43.846	-92.189	5	2799
Queen Elizabeth	SK	52.105	-106.657	41	2798
Howe	TX	33.509	-96.612	5	2798
El Paso	IL	40.739	-89.016	5	2798
Norway	MI	45.787	-87.904	30	2798
Wellfleet	MA	41.938	-70.033	33	2797
Harbour Grace	NL	47.686	-53.233	43	2796
Edgewood	FL	28.486	-81.372	33	2795
Roslyn	NY	40.800	-73.651	33	2795
Davis	OK	34.505	-97.119	5	2794
Berne	NY	42.625	-74.133	33	2794
McLeansboro	IL	38.093	-88.536	5	2792
Hamburg	AR	33.228	-91.798	5	2791
Harveys Lake	PA	41.383	-76.025	33	2791
Medfield	MD	39.340	-76.643	33	2791
Gibbons	AB	53.833	-113.335	11	2790
Herring Cove	NS	44.570	-63.568	15	2790
Many	LA	31.569	-93.484	5	2790
Ruleville	MS	33.726	-90.551	5	2790
Monument Beach	MA	41.720	-70.612	33	2790
Seward	AK	60.104	-149.444	0	2790
West Hammond	NM	36.681	-108.049	9	2790
Littleton Common	MA	42.546	-71.475	33	2789
Moonachie	NJ	40.841	-74.045	33	2788
Hayti	MO	36.234	-89.750	5	2787
Caledonia	MN	43.635	-91.497	5	2787
Eden	TX	31.216	-99.846	5	2786
Lakeland	NY	43.090	-76.240	33	2786
Brusly	LA	30.394	-91.254	5	2785
Skippers Corner	NC	34.346	-77.902	33	2785
Tannersville	PA	41.040	-75.306	33	2784
Dufferin	BC	50.667	-120.383	46	2783
Springdale	SC	33.959	-81.109	33	2783
Dallas	PA	41.336	-75.963	33	2783
San Andreas	CA	38.196	-120.680	29	2783
Dry Ridge	OH	39.259	-84.619	33	2782
Blythewood	SC	34.214	-80.974	33	2782
Queens Park	BC	49.216	-122.907	46	2781
Bella Vista	CA	40.641	-122.233	29	2781
Normanview West	SK	50.478	-104.676	41	2780
Christopher	IL	37.973	-89.053	5	2779
Lakeside Park	KY	39.036	-84.569	33	2779
Botwood	NL	49.150	-55.348	43	2778
Healdton	OK	34.233	-97.488	5	2776
Weatogue	CT	41.844	-72.828	33	2776
Fairchild Air Force Base	WA	47.619	-117.648	29	2776
Floydada	TX	33.985	-101.338	5	2775
Folly Beach	SC	32.655	-79.940	33	2774
Clayton	NM	36.452	-103.184	9	2774
Holly Lake Ranch	TX	32.713	-95.198	5	2774
Ford Heights	IL	41.506	-87.592	5	2773
Val-Morin	QC	46.000	-74.183	45	2772
Granville	AB	53.505	-113.683	11	2772
Millville	MA	42.028	-71.581	33	2772
Bethel	OH	38.964	-84.081	33	2771
South Hackensack	NJ	40.863	-74.048	33	2771
Pohénégamook	QC	47.463	-69.227	45	2770
Kingston Springs	TN	36.102	-87.115	5	2770
Shenandoah	TX	30.180	-95.456	5	2770
Green Forest	AR	36.335	-93.436	5	2769
Doolittle	TX	26.353	-98.117	5	2769
Sandstone	MN	46.131	-92.867	5	2768
Lodi	OH	41.033	-82.012	33	2768
Evendale	OH	39.256	-84.418	33	2767
Stroud	OK	35.749	-96.658	5	2767
Clarion	IA	42.732	-93.733	5	2767
Eutaw	AL	32.841	-87.888	5	2766
Stigler	OK	35.254	-95.123	5	2766
Marietta	WA	48.787	-122.580	29	2766
Wildwood	AB	51.050	-114.150	11	2765
England	AR	34.544	-91.969	5	2765
Wentworth	NC	36.400	-79.774	33	2765
Bloomingdale	GA	32.132	-81.299	33	2764
Ferrisburgh	VT	44.206	-73.246	33	2764
Aspinwall	PA	40.491	-79.905	33	2763
Knob Noster	MO	38.767	-93.559	5	2762
Woodbury	TN	35.828	-86.072	5	2762
East Oakdale	CA	37.788	-120.804	29	2762
Seagraves	TX	32.944	-102.565	5	2762
Port Richey	FL	28.272	-82.720	33	2761
Bartlett	TX	30.795	-97.426	5	2761
Girard	KS	37.511	-94.838	5	2760
Buckeye Lake	OH	39.934	-82.472	33	2760
Buena Vista	CO	38.842	-106.131	9	2760
Victor	NY	42.983	-77.409	33	2759
Grottoes	VA	38.267	-78.826	33	2758
Waialae Nui Ridge-Ainakoa	HI	21.281	-157.780	49	2758
Cocagne	NB	46.335	-64.615	32	2757
Lucasville	OH	38.880	-82.997	33	2757
Jaffrey	NH	42.814	-72.023	33	2757
Leonardo	NJ	40.417	-74.062	33	2757
Burns	OR	43.586	-119.054	29	2757
Monserrate	PR	18.437	-66.360	39	2756
Turley	OK	36.242	-95.976	5	2756
Canadian Lakes	MI	43.579	-85.302	10	2756
Sewaren	NJ	40.552	-74.259	33	2756
McKownville	NY	42.684	-73.848	33	2756
Norwood Queens	BC	49.341	-123.078	46	2755
Oak Trail Shores	TX	32.489	-97.834	5	2755
Atikokan	ON	48.757	-91.624	1	2753
Lakefield	ON	44.433	-78.266	45	2753
Mount Vernon	TX	33.189	-95.221	5	2753
East Dennis	MA	41.743	-70.162	33	2753
Manchester	PA	40.063	-76.718	33	2753
Paloma Creek South	TX	33.211	-96.936	5	2753
Trinity	TX	30.945	-95.376	5	2752
Sands Point	NY	40.852	-73.719	33	2752
Perring Loch	MD	39.353	-76.585	33	2752
Carrington	AB	51.184	-114.085	11	2750
Sunset Acres	NS	44.694	-63.487	15	2750
Hartford	KY	37.451	-86.909	5	2750
Glen Raven	NC	36.113	-79.476	33	2750
Bristol	ME	43.958	-69.509	33	2749
Sanbornton	NH	43.489	-71.582	33	2749
Little Flock	AR	36.386	-94.135	5	2748
Norway	ME	44.214	-70.545	33	2748
Moose Lake	MN	46.454	-92.762	5	2748
Osseo	MN	45.119	-93.402	5	2748
Riverton	NJ	40.011	-75.015	33	2748
East Tawas	MI	44.279	-83.490	10	2747
Granite Falls	MN	44.810	-95.546	5	2747
Williston	FL	29.387	-82.447	33	2746
Pageland	SC	34.773	-80.392	33	2746
Cohasset	MN	47.264	-93.620	5	2745
Riversdale	SK	52.125	-106.679	41	2744
Hooks	TX	33.466	-94.289	5	2744
Wendell	ID	42.776	-114.704	3	2744
Springhill	NS	45.650	-64.049	15	2743
Sheridan	IL	41.530	-88.680	5	2743
Dulce	NM	36.934	-106.999	9	2743
Abernathy	TX	33.832	-101.843	5	2743
Lake Arthur	LA	30.081	-92.672	5	2742
Marquette Heights	IL	40.618	-89.600	5	2742
Bedford	PA	40.019	-78.504	33	2742
McGovern	PA	40.229	-80.216	33	2742
Lee Ridge	AB	53.469	-113.446	11	2741
Pen Lucy	MD	39.340	-76.605	33	2741
Tobique Valley	NB	46.935	-67.391	32	2740
West Brattleboro	VT	42.856	-72.603	33	2740
Longtown	OK	35.245	-95.513	5	2739
Kemmerer	WY	41.792	-110.538	9	2739
Lake Wissota	WI	44.926	-91.301	5	2738
Dawson Springs	KY	37.167	-87.693	5	2737
Elsipogtog First Nation	NB	46.585	-64.986	32	2736
Quarryville	PA	39.897	-76.164	33	2736
Warden	WA	46.968	-119.040	29	2736
Upper Mount Royal	AB	51.031	-114.085	11	2735
Carlton	AB	53.623	-113.558	11	2735
Lima	PA	39.917	-75.440	33	2735
Macamic	QC	48.750	-79.000	45	2734
Montgomery City	MO	38.978	-91.505	5	2734
Lake Junaluska	NC	35.528	-82.960	33	2734
Ashland	PA	40.782	-76.346	33	2734
Gibsonia	PA	40.630	-79.969	33	2733
Freer	TX	27.883	-98.618	5	2732
Drum Point	MD	38.327	-76.426	33	2731
Montrose	NY	41.252	-73.932	33	2731
North Sioux City	SD	42.527	-96.483	5	2731
Nice	CA	39.123	-122.848	29	2731
Carrabelle	FL	29.853	-84.664	33	2729
Marietta	OK	33.937	-97.117	5	2729
Allendale	AB	53.503	-113.505	11	2728
Normandin	QC	48.833	-72.532	45	2728
Munsons Corners	NY	42.582	-76.209	33	2728
Ketchum	ID	43.681	-114.364	3	2728
Lake City	GA	33.606	-84.335	33	2727
Cokato	MN	45.076	-94.190	5	2727
Bonifay	FL	30.792	-85.680	5	2726
Ashley	PA	41.210	-75.897	33	2726
Wellborn	FL	30.231	-82.820	33	2724
Almont	MI	42.921	-83.045	10	2723
Loogootee	IN	38.677	-86.914	22	2722
Bel-Ridge	MO	38.709	-90.325	5	2722
Piedmont	QC	45.900	-74.133	45	2721
Stanley	ND	48.317	-102.390	5	2721
Dermott	AR	33.525	-91.436	5	2720
Hypoluxo	FL	26.566	-80.053	33	2719
Round Lake Heights	IL	42.380	-88.104	5	2718
Grosse Pointe Shores	MI	42.437	-82.877	10	2718
Greenspring	MD	39.337	-76.660	33	2718
Topsfield	MA	42.638	-70.950	33	2717
Glendale	AB	51.033	-114.145	11	2715
Lagrange	IN	41.642	-85.417	16	2715
Roseau	MN	48.846	-95.763	5	2715
Munsey Park	NY	40.799	-73.680	33	2715
Oak Harbor	OH	41.507	-83.147	33	2715
Philipsburg	PA	40.896	-78.221	33	2715
Montana City	MT	46.538	-111.933	9	2715
Grundy Center	IA	42.362	-92.769	5	2714
Dupont	PA	41.325	-75.745	33	2714
Pawnee	IL	39.592	-89.580	5	2713
Rogers City	MI	45.421	-83.818	10	2712
Plainsboro Center	NJ	40.332	-74.595	33	2712
Hortonville	WI	44.335	-88.638	5	2712
Window Rock	AZ	35.681	-109.053	9	2712
Harbour Village	BC	49.267	-122.817	46	2711
Electra	TX	34.029	-98.919	5	2711
Whitehall	MI	43.410	-86.349	10	2711
Honeoye Falls	NY	42.952	-77.590	33	2711
Parkdale	PE	46.252	-63.118	15	2710
Reynoldsville	PA	41.097	-78.889	33	2710
Saint George	FL	28.056	-82.728	33	2709
Casey	IL	39.299	-87.993	5	2709
State Line	PA	39.725	-77.724	33	2709
East Norwich	NY	40.847	-73.535	33	2709
Lauderdale	AB	53.589	-113.501	11	2708
Markstay-Warren	ON	46.467	-80.483	45	2708
Shorewood Forest	IN	41.463	-87.145	5	2708
Pine Ridge	PA	41.146	-74.991	33	2707
El Lago	TX	29.564	-95.045	5	2706
Galateo	PR	18.362	-66.259	39	2705
Wisconsin Dells	WI	43.627	-89.771	5	2705
Centreville	AL	32.946	-87.117	5	2704
Pittsfield	WI	44.599	-88.245	5	2704
Wellsburg	WV	40.272	-80.610	33	2704
Rosita South	TX	28.624	-100.428	5	2704
West Wyoming	PA	41.320	-75.846	33	2703
Simpsonville	KY	38.223	-85.355	33	2702
Fayette	MO	39.146	-92.684	5	2702
Eldora	IA	42.361	-93.100	5	2702
Wailupe	HI	21.276	-157.757	49	2702
Gray Summit	MO	38.490	-90.817	5	2701
Butler	IN	41.430	-84.871	16	2701
Coxsackie	NY	42.351	-73.803	33	2701
Wind Gap	PA	40.848	-75.292	33	2701
Saint-Léonard	NB	47.163	-67.925	32	2700
Hawaiian Acres	HI	19.538	-155.052	49	2700
North Fort Lewis	WA	47.121	-122.595	29	2699
West Longview	WA	46.168	-122.999	29	2698
Alison	ON	43.365	-80.296	45	2697
Fairmont	NC	34.497	-79.114	33	2697
Rome	WI	44.221	-89.808	5	2697
Branch	MN	45.485	-92.962	5	2696
Sisco Heights	WA	48.115	-122.097	29	2696
Lakeview Estates	GA	33.707	-84.032	33	2695
Missouri Valley	IA	41.556	-95.888	5	2695
Salunga	PA	40.101	-76.425	33	2695
Federal Hill	MD	39.278	-76.612	33	2695
Cowie Hill	NS	44.632	-63.620	15	2694
Kildare	AB	53.603	-113.455	11	2694
Lakehurst	NJ	40.015	-74.311	33	2694
Middlefield	OH	41.462	-81.074	33	2693
Meadowood	PA	40.842	-79.894	33	2693
Somerset	WI	45.124	-92.674	5	2693
Dollarton	BC	49.317	-122.950	46	2692
Juneau	WI	43.406	-88.705	5	2692
Hanapēpē Heights	HI	21.916	-159.590	49	2692
Barclay	MD	39.315	-76.612	33	2692
Southwood Park	NB	45.925	-66.626	32	2691
East Hampton	CT	41.576	-72.503	33	2691
Frazier Park	CA	34.823	-118.945	29	2691
Filer	ID	42.570	-114.608	3	2691
Dodge Center	MN	44.028	-92.855	5	2690
Chattahoochee Hills	GA	33.551	-84.760	33	2690
Gosnell	AR	35.960	-89.972	5	2689
Lake Helen	FL	28.981	-81.233	33	2687
Palmhurst	TX	26.258	-98.318	5	2687
Central	TN	35.804	-89.537	5	2686
Dublin	VA	37.106	-80.685	33	2686
Dieppe-Westerra	SK	50.457	-104.676	41	2685
Van	TX	32.525	-95.637	5	2685
Central Park	WA	46.973	-123.692	29	2685
Bedford	QC	45.117	-72.982	45	2684
Ct 0001	QC	45.598	-73.510	45	2684
Campo	CA	32.606	-116.469	29	2684
Capilano	AB	53.550	-113.433	11	2683
Liberty	NC	35.853	-79.572	33	2683
Wilburton	OK	34.919	-95.309	5	2683
Plympton	MA	41.953	-70.814	33	2683
Saint George	ME	44.016	-69.199	33	2682
Seaforth	ON	43.550	-81.400	45	2680
Hoxie	AR	36.050	-90.975	5	2680
Loughman	FL	28.242	-81.567	33	2680
Strasburg	OH	40.595	-81.527	33	2679
Highfield Park	NS	44.686	-63.589	15	2678
Villano Beach	FL	29.939	-81.302	33	2678
Pearisburg	VA	37.327	-80.737	33	2678
Crab Orchard	WV	37.741	-81.231	33	2678
Bonny Doon	CA	37.042	-122.151	29	2678
Remington	MD	39.320	-76.623	33	2678
Glen Oaks	MD	39.365	-76.596	33	2678
Hillsville	VA	36.763	-80.735	33	2677
Angels Camp	CA	38.068	-120.540	29	2677
Otterbein	MD	39.282	-76.616	33	2677
Burlington	OH	38.407	-82.536	33	2676
Donalsonville	GA	31.040	-84.879	33	2675
Santa Rosa	NM	34.939	-104.682	9	2675
Ingonish	NS	46.700	-60.365	15	2673
Bonaventure	QC	48.046	-65.493	45	2673
Mountain View	MO	36.995	-91.704	5	2673
Grifton	NC	35.373	-77.437	33	2673
Burnettown	SC	33.515	-81.849	33	2673
Tamworth	NH	43.860	-71.263	33	2673
Sundre	AB	51.800	-114.635	11	2672
Aberdeen	FL	26.551	-80.149	33	2672
Emigsville	PA	40.022	-76.728	33	2672
Sacaton	AZ	33.077	-111.739	38	2672
Pleasantside	BC	49.292	-122.850	46	2671
Windsor	VA	36.808	-76.744	33	2671
Jesup	IA	42.476	-92.064	5	2671
Norton Center	MA	41.973	-71.185	33	2671
Selmont-West Selmont	AL	32.378	-87.007	5	2671
Rio Grande	NJ	39.015	-74.882	33	2670
Wimberley	TX	29.997	-98.099	5	2670
Durham	NY	42.400	-74.172	33	2670
Walton Park	NY	41.310	-74.229	33	2669
Lakeside	MT	48.019	-114.225	9	2669
Coalhurst	AB	49.746	-112.932	11	2668
Kuujjuaq	QC	58.107	-68.400	45	2668
Sibley	IA	43.399	-95.752	5	2668
Hardwick	MA	42.350	-72.200	33	2668
Saint Helen	MI	44.364	-84.410	10	2668
Paia	HI	20.903	-156.369	49	2668
Trenton	IL	38.606	-89.682	5	2667
Clearbrook Park	NJ	40.310	-74.465	33	2667
Bath	PA	40.726	-75.394	33	2667
Cap-Santé	QC	46.672	-71.788	45	2666
Stanton	KY	37.846	-83.858	33	2666
Tusculum	TN	36.175	-82.759	33	2666
Rossmoor	NJ	40.337	-74.473	33	2666
Marin City	CA	37.869	-122.509	29	2666
University Park	MD	38.970	-76.942	33	2665
East Lansdowne	PA	39.946	-75.261	33	2665
Hallam	PA	40.005	-76.604	33	2665
Icard	NC	35.727	-81.471	33	2664
Newtown	OH	39.124	-84.362	33	2664
Hampton	SC	32.878	-81.128	33	2664
Clifton	TN	35.387	-87.995	5	2663
West Ishpeming	MI	46.484	-87.701	10	2662
Federalsburg	MD	38.694	-75.772	33	2661
Chelsea	ME	44.250	-69.717	33	2661
Avoca	PA	41.340	-75.736	33	2661
Lions Gate	BC	49.326	-123.122	46	2660
West Sand Lake	NY	42.643	-73.609	33	2660
Premont	TX	27.361	-98.124	5	2659
Harlem	FL	26.738	-80.951	33	2658
Benton	ME	44.586	-69.551	33	2658
Weedpatch	CA	35.238	-118.915	29	2658
Tiffin	IA	41.706	-91.663	5	2657
Clinton	NJ	40.637	-74.910	33	2657
Mount Brydges	ON	42.900	-81.483	45	2656
Foley	MN	45.665	-93.910	5	2656
Crisfield	MD	37.983	-75.854	33	2655
Fairview	OK	36.269	-98.480	5	2655
Mondovi	WI	44.568	-91.671	5	2654
Dahlgren	VA	38.331	-77.051	33	2653
Clarkson Valley	MO	38.618	-90.589	5	2652
Devola	OH	39.474	-81.479	33	2652
Seymour	TX	33.594	-99.260	5	2652
Brush Prairie	WA	45.733	-122.546	29	2652
Lake Wazeecha	WI	44.371	-89.757	5	2651
Palisade	CO	39.110	-108.351	9	2651
Hodgson	AB	53.458	-113.560	11	2650
Cordaville	MA	42.269	-71.524	33	2650
Winthrop	ME	44.305	-69.977	33	2650
Aromas	CA	36.889	-121.643	29	2650
Pittston	ME	44.222	-69.756	33	2649
Delavan Lake	WI	42.584	-88.633	5	2649
Laurier Heights	AB	53.517	-113.567	11	2648
Hartford	AL	31.102	-85.697	5	2647
Albany	MN	45.630	-94.570	5	2647
Eielson Air Force Base	AK	64.663	-147.054	0	2647
Westgate	MD	39.284	-76.707	33	2647
Sneads Ferry	NC	34.553	-77.397	33	2646
Clarence	NY	42.977	-78.592	33	2646
Libby	MT	48.388	-115.556	9	2645
Dixon Lane-Meadow Creek	CA	37.386	-118.415	29	2645
Saint Helen's Park	BC	49.188	-122.872	46	2644
Leadville	CO	39.251	-106.293	9	2644
Adstock	QC	46.050	-71.082	45	2643
North Seekonk	MA	41.889	-71.330	33	2643
Versailles	OH	40.223	-84.484	33	2643
Pleasant Hill	PA	40.336	-76.442	33	2643
New Richmond	OH	38.949	-84.280	33	2642
Provincetown	MA	42.053	-70.186	33	2642
Weldon	CA	35.666	-118.290	29	2642
Remsenburg-Speonk	NY	40.826	-72.697	33	2642
Northeast Ithaca	NY	42.470	-76.462	33	2641
Maple Bay	BC	48.816	-123.619	46	2640
Green Park	MO	38.524	-90.338	5	2640
Potosi	MO	37.936	-90.788	5	2640
Dennison	OH	40.393	-81.334	33	2640
Delmont	PA	40.413	-79.570	33	2640
Lake Wynonah	PA	40.599	-76.164	33	2640
Kits Point	BC	49.275	-123.147	46	2639
Thomaston	NY	40.786	-73.714	33	2639
Kahuku-Kawela	HI	21.694	-157.975	49	2639
Okolona	MS	34.002	-88.755	5	2638
Marshville	NC	34.988	-80.367	33	2638
Fairfield	ME	44.588	-69.599	33	2638
Hanapēpē	HI	21.907	-159.594	49	2638
Milton	WV	38.435	-82.132	33	2637
Plumsteadville	PA	40.387	-75.147	33	2637
Exhibition	SK	52.099	-106.676	41	2636
Saint-Bruno	QC	48.467	-71.649	45	2636
Sweet Grass	AB	53.462	-113.525	11	2636
Villa Ridge	MO	38.473	-90.887	5	2636
Gowanda	NY	42.463	-78.936	33	2636
Westmorland Heights	NB	45.292	-66.042	32	2635
St. Peter's	NS	45.657	-60.874	15	2634
Luis M. Cintron	PR	18.300	-65.638	39	2634
Arcadia	SC	34.958	-81.991	33	2634
Yorkville	NY	43.113	-75.271	33	2634
Cedar Hill	ON	43.445	-80.485	45	2633
Brogden	NC	35.293	-78.034	33	2633
Pine Crest	TN	36.276	-84.129	33	2633
Cordes Lakes	AZ	34.308	-112.103	38	2633
Barahona	PR	18.351	-66.445	39	2632
Croom	MD	38.753	-76.764	33	2631
George West	TX	28.332	-98.118	5	2631
Vergennes	VT	44.167	-73.254	33	2631
Como	WI	42.612	-88.482	5	2631
Gervais	OR	45.108	-122.898	29	2631
Spaniard's Bay	NL	47.617	-53.281	43	2630
Dunkirk	IN	40.756	-86.394	16	2630
North Lakeville	MA	41.858	-70.942	33	2630
Madison	ME	44.798	-69.880	33	2630
Mohawk	NY	43.011	-75.004	33	2628
Elmvale Acres	ON	45.397	-75.632	45	2627
Saint Marys	KS	39.194	-96.071	5	2627
Owensville	MO	38.346	-91.502	5	2627
Redwood	OR	42.422	-123.387	29	2627
Cadiz	KY	36.865	-87.835	5	2626
Chester Heights	PA	39.890	-75.475	33	2626
Tilton	IL	40.095	-87.648	5	2626
Covington	OH	40.117	-84.354	33	2625
Loudonville	OH	40.635	-82.233	33	2625
Statham	GA	33.965	-83.597	33	2624
K. I. Sawyer Air Force Base	MI	46.332	-87.366	10	2624
Hoisington	KS	38.518	-98.778	5	2623
Strathearn	AB	53.534	-113.463	11	2622
Thamesford	ON	43.057	-80.999	45	2622
Thunderbolt	GA	32.034	-81.050	33	2622
Kachina Village	AZ	35.097	-111.693	38	2622
Better Waverly	MD	39.324	-76.605	33	2622
Melocheville	QC	45.317	-73.937	45	2621
Bayou La Batre	AL	30.404	-88.249	5	2621
Seminole Manor	FL	26.584	-80.100	33	2621
Parksdale	CA	36.947	-120.023	29	2621
Day Heights	OH	39.174	-84.226	33	2620
Abbeville	AL	31.572	-85.250	5	2620
Vassar	MI	43.372	-83.583	10	2620
Jemison	AL	32.960	-86.747	5	2619
Andorra	PA	40.073	-75.231	33	2619
Platteville	CO	40.215	-104.823	9	2619
Potterville	MI	42.629	-84.739	10	2618
Sylva	NC	35.374	-83.226	33	2617
Bloomfield	IA	40.752	-92.415	5	2617
Hartford	MI	42.207	-86.167	10	2617
Whetstone	AZ	31.693	-110.350	38	2617
Reidsville	GA	32.087	-82.118	33	2616
Macon	MS	33.105	-88.561	5	2616
Freemansburg	PA	40.626	-75.346	33	2616
Mohave Valley	AZ	34.933	-114.589	38	2616
Monticello	GA	33.305	-83.683	33	2615
Burlington	KS	38.194	-95.743	5	2615
Barton	WI	43.444	-88.181	5	2615
Merkel	TX	32.471	-100.013	5	2615
De Leon Springs	FL	29.120	-81.353	33	2614
Graniteville	SC	33.564	-81.808	33	2614
Kahuku	HI	21.680	-157.952	49	2614
Swedesboro	NJ	39.748	-75.310	33	2613
Green Island	NY	42.744	-73.692	33	2612
Elmwood	AB	53.517	-113.600	11	2611
Fort Nelson	BC	58.805	-122.700	12	2611
Turner Valley	AB	50.667	-114.285	11	2611
Rhinebeck	NY	41.927	-73.913	33	2609
Green Harbor-Cedar Crest	MA	42.075	-70.658	33	2609
Woodhaven Court	NB	46.117	-64.867	32	2608
Braddock Heights	MD	39.419	-77.504	33	2608
Guntown	MS	34.443	-88.660	5	2608
Marietta	PA	40.057	-76.552	33	2608
Salem	AR	34.629	-92.558	5	2607
Elgin	SC	34.673	-80.719	33	2607
Lyford	TX	26.412	-97.790	5	2607
Belvidere	NJ	40.830	-75.078	33	2607
West Bishop	CA	37.361	-118.455	29	2607
Chewelah	WA	48.276	-117.716	29	2607
Wyomissing Hills	PA	40.338	-75.980	33	2606
Highlands	AB	53.567	-113.429	11	2604
Reed Creek	GA	34.446	-82.925	33	2604
Herald Harbor	MD	39.054	-76.569	33	2603
Timberville	VA	38.639	-78.774	33	2603
Matamoras	PA	40.440	-76.933	33	2603
Port Ludlow	WA	47.925	-122.683	29	2603
Meadowlark Park	AB	53.526	-113.597	11	2602
Rock Rapids	IA	43.427	-96.176	5	2602
Oakland	ME	44.540	-69.722	33	2602
Ravenel	SC	32.763	-80.250	33	2600
La Villa	TX	26.299	-97.929	5	2600
Williams Bay	WI	42.578	-88.541	5	2600
Everson	WA	48.920	-122.343	29	2600
Zephyrhills North	FL	28.252	-82.166	33	2600
Woodcroft	AB	53.566	-113.557	11	2598
Pennington	NJ	40.328	-74.791	33	2598
Glenrock	WY	42.861	-105.872	9	2598
Northumberland	NH	44.563	-71.559	33	2597
Linden	AZ	34.285	-110.157	38	2597
Guilford Center	CT	41.282	-72.676	33	2597
Alva	FL	26.716	-81.610	33	2596
Alfred	ME	43.476	-70.718	33	2596
Sandusky	MI	43.420	-82.830	10	2596
Lewiston	NY	43.173	-79.036	33	2596
Grand Manan	NB	44.698	-66.821	32	2595
Keith-Lynn	BC	49.317	-123.067	46	2595
Derry	PA	40.334	-79.300	33	2594
Alturas	CA	41.487	-120.543	29	2594
Penn-Fallsway	MD	39.298	-76.609	33	2594
Crest	CA	32.807	-116.868	29	2593
Conrad	MT	48.170	-111.946	9	2593
Hallettsville	TX	29.444	-96.941	5	2592
Blasdell	NY	42.797	-78.823	33	2592
Cayucos	CA	35.443	-120.892	29	2592
Bridgeport North	ON	43.494	-80.476	45	2591
Loris	SC	34.056	-78.890	33	2591
Indian Hills	TX	26.213	-97.916	5	2591
Fox Lake Hills	IL	42.408	-88.132	5	2591
Faneuil	MA	42.356	-71.163	33	2590
Hooverson Heights	WV	40.325	-80.578	33	2590
Palmer Lake	CO	39.122	-104.917	9	2590
Alden	NY	42.900	-78.492	33	2589
Weston Lakes	TX	29.683	-95.936	5	2589
Bethlehem	WV	39.392	-80.281	33	2588
Madrid	IA	41.877	-93.823	5	2588
Chetwynd	BC	55.700	-121.636	8	2587
Huntingtown	MD	38.616	-76.613	33	2587
Spooner	WI	45.822	-91.889	5	2586
Ruidoso Downs	NM	33.329	-105.604	9	2586
Elkford	BC	50.015	-114.923	11	2585
Sabetha	KS	39.902	-95.801	5	2585
Tobaccoville	NC	36.238	-80.371	33	2584
Blackmud Creek	AB	53.420	-113.511	11	2583
Mount Vernon	KY	38.026	-84.495	33	2583
Fiskdale	MA	42.116	-72.113	33	2583
Glencoe	FL	29.026	-80.972	33	2582
Whitehall	NY	43.556	-73.404	33	2582
Harlem Park	MD	39.296	-76.640	33	2582
Shippagan	NB	47.744	-64.708	32	2580
Glen Rose	TX	32.235	-97.755	5	2580
Richmond	UT	41.923	-111.814	9	2580
Inner Harbor	MD	39.284	-76.606	33	2580
Bourg	LA	29.554	-90.602	5	2579
Osgoode	ON	45.149	-75.598	45	2578
Homosassa	FL	28.781	-82.615	33	2578
McCormick	SC	33.913	-82.293	33	2578
East Williston	NY	40.758	-73.635	33	2578
Twin Creeks	BC	49.302	-122.832	46	2577
Eddyville	KY	37.094	-88.080	5	2577
Barnesville	MN	46.652	-96.420	5	2577
Crichton Park	NS	44.681	-63.567	15	2576
Saint-Joseph	QC	45.958	-73.220	45	2576
Centerville	IN	39.818	-84.996	16	2576
Lake Village	AR	33.329	-91.282	5	2575
Preston Heights	IL	41.492	-88.082	5	2575
Dayton	OR	45.221	-123.076	29	2575
Volcano	HI	19.443	-155.234	49	2575
Pemberton	BC	50.316	-122.803	46	2574
Royston	GA	34.287	-83.110	33	2574
Forest Heights	MD	38.810	-76.998	33	2573
The Hills	TX	30.348	-97.985	5	2573
Piermont	NY	41.042	-73.918	33	2573
Wales	WI	43.004	-88.377	5	2573
Elma Center	NY	42.830	-78.636	33	2571
Paramount-Long Meadow	MD	39.680	-77.693	33	2571
Collins	MS	31.645	-89.555	5	2570
Tahoka	TX	33.167	-101.794	5	2570
Dillsburg	PA	40.111	-77.035	33	2569
Okanogan	WA	48.361	-119.583	29	2569
Covington	IN	40.142	-87.395	16	2568
Cape Neddick	ME	43.194	-70.621	33	2568
Glenwood	MN	45.650	-95.390	5	2568
Flying Hills	PA	40.277	-75.914	33	2568
Rimbey	AB	52.633	-114.235	11	2567
Moscow Mills	MO	38.948	-90.918	5	2567
Bayfield	CO	37.226	-107.598	9	2567
Honaunau-Napoopoo	HI	19.456	-155.865	49	2567
Brookville	IN	39.423	-85.013	16	2566
Beach City	TX	29.662	-94.890	5	2566
Homedale	ID	43.618	-116.934	3	2565
Wrightsville Beach	NC	34.209	-77.796	33	2564
Gibsonburg	OH	41.385	-83.320	33	2564
Bartram Village	PA	39.930	-75.217	33	2564
Ekota	AB	53.450	-113.442	11	2563
Lake Meade	PA	39.985	-77.037	33	2563
Winters	TX	31.957	-99.962	5	2563
Manchester	ME	44.325	-69.860	33	2563
Harrow	ON	42.033	-82.917	45	2562
Bermuda Run	NC	36.004	-80.422	33	2561
Emerald Mountain	AL	32.448	-86.094	5	2561
Grimshaw	AB	56.183	-117.603	11	2560
Leger	AB	53.458	-113.576	11	2559
Edisto	SC	33.477	-80.899	33	2559
Beverly	NJ	40.065	-74.919	33	2559
Ridgecrest	FL	27.898	-82.805	33	2558
Raoul	GA	34.450	-83.594	33	2558
Ashland	NE	41.039	-96.368	5	2558
Hedwig Village	TX	29.777	-95.517	5	2557
Daleville	VA	37.410	-79.913	33	2557
East Douglas	MA	42.072	-71.713	33	2557
Plainfield Village	CT	41.677	-71.925	33	2557
Carrizales	PR	18.482	-66.790	39	2556
South Hutchinson	KS	38.028	-97.940	5	2556
Pleasant Ridge	MI	42.471	-83.142	10	2556
Luxemburg	WI	44.539	-87.704	5	2556
Weed	CA	41.423	-122.386	29	2556
Whiteman Air Force Base	MO	38.730	-93.559	5	2556
Travis Ranch	TX	32.804	-96.473	5	2556
Kenilworth	IL	42.086	-87.718	5	2555
Shallowater	TX	33.689	-101.998	5	2555
Granville	WV	39.646	-79.987	33	2554
Colwyn	PA	39.912	-75.254	33	2553
Bar Harbor	ME	44.388	-68.204	33	2552
Hawarden	IA	42.996	-96.485	5	2551
Southern Victoria	NB	46.774	-67.721	32	2550
Hopkinton	MA	42.229	-71.523	33	2550
Upper Pauoa	HI	21.317	-157.839	49	2550
Williamsburg	OH	39.054	-84.053	33	2549
Bonners Ferry	ID	48.691	-116.316	29	2549
Helemano	HI	21.536	-158.019	49	2549
Liverpool	NS	44.036	-64.720	15	2546
Country Hills East	ON	43.418	-80.467	45	2546
Leith-Hatfield	PA	39.877	-79.731	33	2546
Menisa	AB	53.440	-113.450	11	2545
Rockville	IN	39.763	-87.229	16	2545
Hollandale	MS	33.169	-90.854	5	2545
Wayne Heights	PA	39.744	-77.554	33	2545
McQueeney	TX	29.592	-98.033	5	2545
Solon	IA	41.807	-91.494	5	2545
Carthage	IL	40.416	-91.136	5	2545
Horace	ND	46.759	-96.904	5	2545
Silver Creek	NY	42.544	-79.167	33	2545
Ct 0024	QC	45.540	-73.548	45	2544
Troutman	NC	35.701	-80.888	33	2544
West Newton	PA	40.210	-79.767	33	2544
West Fork	AR	35.924	-94.189	5	2543
Arial	SC	34.846	-82.642	33	2543
Tipton	CA	36.059	-119.312	29	2543
Fort Smith	NT	60.004	-111.889	11	2542
Lucan	ON	43.183	-81.400	45	2541
Waverley	NS	44.783	-63.599	15	2541
Saint-Anselme	QC	46.629	-70.973	45	2541
Imperial	PA	40.450	-80.245	33	2541
Rockledge	PA	40.081	-75.090	33	2541
Meadow Glade	WA	45.758	-122.560	29	2541
Huguley	AL	32.835	-85.230	5	2540
Charlevoix	MI	45.318	-85.258	10	2540
Wernersville	PA	40.330	-76.081	33	2540
Dakota Dunes	SD	42.487	-96.486	5	2540
Clinton	AR	35.591	-92.460	5	2538
Sylvania	GA	32.750	-81.637	33	2538
Prince Frederick	MD	38.540	-76.584	33	2538
Cambridge Springs	PA	41.804	-80.056	33	2538
Clearwater	KS	37.503	-97.504	5	2537
Roaring Spring	PA	40.336	-78.391	33	2537
Overton	TX	32.275	-94.979	5	2536
Clio	MI	43.178	-83.734	10	2536
Millersburg	PA	40.540	-76.961	33	2536
Sainte-Martine	QC	45.250	-73.799	45	2535
Eminence	KY	38.370	-85.181	33	2535
Oliver	PA	39.919	-79.718	33	2535
Marysville	PA	40.343	-76.930	33	2535
Cabazon	CA	33.918	-116.787	29	2535
Sterling	GA	31.272	-81.561	33	2534
Sabina	OH	39.489	-83.637	33	2534
Ferris	TX	32.534	-96.666	5	2534
Barnesboro	PA	40.663	-78.780	33	2534
Winchester	CA	33.707	-117.084	29	2534
Central Heights-Midland City	AZ	33.404	-110.815	38	2534
Westphal	NS	44.685	-63.541	15	2533
Lochsloy	WA	48.051	-122.032	29	2533
Calvert City	KY	37.033	-88.350	5	2532
Lockport	LA	29.646	-90.539	5	2531
Pantego	TX	32.714	-97.156	5	2531
Lordsburg	NM	32.350	-108.709	9	2531
Pearl River	LA	30.376	-89.748	5	2530
Potomac Park	MD	39.612	-78.806	33	2530
East Royalty	PE	46.278	-63.102	15	2529
Hinton	WV	37.674	-80.889	33	2528
Dover-Foxcroft	ME	45.183	-69.227	33	2528
Hyde Park	PA	40.377	-75.925	33	2528
Lake Crystal	MN	44.106	-94.219	5	2527
Wellford	SC	34.951	-82.106	33	2526
Dayton	WA	46.324	-117.972	29	2526
Dawsonville	GA	34.421	-84.119	33	2525
Argentine	MI	42.791	-83.846	10	2525
Parkville	MN	47.531	-92.579	5	2525
Bentleyville	PA	40.117	-80.008	33	2525
Phillipsburg	KS	39.756	-99.324	5	2524
Pima	AZ	32.897	-109.828	38	2524
Cedmont	MD	39.347	-76.535	33	2524
Indian Springs Village	AL	33.355	-86.754	5	2523
Silver Lake	OH	41.159	-81.454	33	2523
Waller	TX	30.057	-95.927	5	2522
Penngrove	CA	38.300	-122.667	29	2522
Delaware	ON	42.917	-81.416	45	2521
Westridge	BC	49.283	-122.950	46	2521
Center Point	IA	42.191	-91.785	5	2521
Casselton	ND	46.901	-97.211	5	2521
North Boston	NY	42.686	-78.777	33	2521
Chesterland	OH	41.522	-81.338	33	2521
Salina	UT	38.958	-111.860	9	2521
New Town	ND	47.981	-102.490	5	2521
Holly Hills	CO	39.668	-104.918	9	2521
Dunkirk Town Center	MD	38.720	-76.659	33	2520
Petersburg	WV	38.993	-79.124	33	2520
Liberty	PA	40.325	-79.856	33	2520
Tam O'Shanter Ridge	NS	44.689	-63.527	15	2519
Ct 0026	QC	45.548	-73.546	45	2519
Alburtis	PA	40.511	-75.603	33	2519
Ranchos de Taos	NM	36.359	-105.609	9	2518
Clever	MO	37.030	-93.473	5	2517
Galva	IL	41.168	-90.043	5	2517
Tofino	BC	49.153	-125.907	46	2516
Corinth	NY	43.245	-73.832	33	2516
Rockville	MN	45.472	-94.341	5	2514
Myrtle Point	OR	43.065	-124.139	29	2514
Penrose/Fayette Street Outreach	MD	39.291	-76.657	33	2514
Grand-Bouctouche	NB	46.489	-64.710	32	2513
Marengo	IA	41.798	-92.071	5	2513
Crossfield	AB	51.433	-114.035	11	2512
New Egypt	NJ	40.068	-74.531	33	2512
Carmel	ME	44.798	-69.051	33	2512
Russell Springs	KY	37.056	-85.089	5	2511
Osceola	WI	45.321	-92.705	5	2511
Chilliwack Mountain	BC	49.162	-122.013	46	2510
West Tisbury	MA	41.381	-70.674	33	2510
New Hope	PA	40.364	-74.951	33	2510
Hartley	CA	38.417	-121.947	29	2510
Bayview	CA	40.773	-124.184	29	2510
Dunkirk	MD	38.722	-76.661	33	2509
Kalona	IA	41.483	-91.706	5	2509
Montpelier	ID	42.322	-111.298	3	2509
Portage	PA	40.389	-78.672	33	2508
Bethel	ME	44.404	-70.791	33	2507
Frankfort	NY	43.039	-75.070	33	2507
McChord Air Force Base	WA	47.134	-122.492	29	2507
Paden City	WV	39.603	-80.937	33	2506
Lauderdale	MN	44.999	-93.206	5	2506
Dogtown	CA	38.214	-121.089	29	2506
Des Allemands	LA	29.824	-90.475	5	2505
Wyldwood	TX	30.129	-97.473	5	2505
Lincoln	NB	45.900	-66.582	32	2504
Pepperell	MA	42.666	-71.588	33	2504
Muse	PA	40.293	-80.200	33	2504
Garden View	PA	41.254	-77.046	33	2503
Fairmont City	IL	38.650	-90.093	5	2502
Walters	OK	34.360	-98.308	5	2502
Greenbriar	FL	28.011	-82.753	33	2502
Marked Tree	AR	35.533	-90.421	5	2501
Paloma Creek	TX	33.225	-96.937	5	2501
Abita Springs	LA	30.479	-90.040	5	2499
Cumberland Center	ME	43.796	-70.259	33	2499
Deerfield	WI	43.052	-89.076	5	2499
Crooksville	OH	39.769	-82.092	33	2498
Halesite	NY	40.888	-73.415	33	2498
Chester	WV	40.613	-80.563	33	2498
Delbrook	BC	49.346	-123.083	46	2497
Blountstown	FL	30.444	-85.047	5	2497
Fairfax	IA	41.919	-91.781	5	2497
Caruthers	CA	36.543	-119.833	29	2497
Cherryvale	SC	33.956	-80.458	33	2496
Sand Hill	PA	40.360	-76.432	33	2496
Villa Grove	IL	39.863	-88.162	5	2495
Idlewood	MD	39.370	-76.589	33	2495
Chesterfield	IN	40.113	-85.597	16	2495
Williamson	NY	43.224	-77.186	33	2495
Sells	AZ	31.912	-111.881	38	2495
Essex Village	CT	41.355	-72.391	33	2495
Mineral Point	WI	42.860	-90.180	5	2494
Olimpo	PR	18.002	-66.108	39	2493
Landrum	SC	35.175	-82.189	33	2493
Wilkinson Heights	SC	33.502	-80.833	33	2493
West Belmar	NJ	40.169	-74.035	33	2493
Poynette	WI	43.390	-89.403	5	2493
Colonial Pine Hills	SD	44.008	-103.315	9	2493
Thornton	IL	41.568	-87.608	5	2492
El Portal	FL	25.855	-80.193	33	2491
Midway	TN	36.300	-82.424	33	2491
Rancho Viejo	TX	26.040	-97.556	5	2491
Bethel Heights	AR	36.214	-94.129	5	2490
Blue Mound	TX	32.857	-97.339	5	2490
Leisure Knoll	NJ	40.019	-74.292	33	2490
Kenilworth	AB	53.521	-113.432	11	2489
Clarendon	VT	43.516	-72.970	33	2489
East Quincy	CA	39.934	-120.898	29	2489
Fillmore	UT	38.969	-112.324	9	2489
Mendenhall	MS	31.962	-89.870	5	2488
La Blanca	TX	26.293	-98.038	5	2488
Diamond	IL	41.289	-88.252	5	2488
Fort Kent	ME	47.259	-68.589	33	2488
Fredericktown	OH	40.481	-82.541	33	2488
Fennimore	WI	42.984	-90.655	5	2488
Stallion Springs	CA	35.089	-118.643	29	2488
Sutter Creek	CA	38.393	-120.802	29	2488
Hazen	ND	47.294	-101.623	35	2488
Virginia Gardens	FL	25.810	-80.302	33	2487
Alamo	TN	35.785	-89.117	5	2487
Durant	MS	33.075	-89.855	5	2486
Fifth Street	TX	29.598	-95.551	5	2486
New Lisbon	WI	43.879	-90.165	5	2486
Moosomin	SK	50.143	-101.667	41	2485
Westminster	SC	34.665	-83.097	33	2484
Poland	OH	41.024	-80.615	33	2484
Bennett	CO	39.759	-104.427	9	2484
Deep River Center	CT	41.382	-72.439	33	2484
Charleston	AR	35.297	-94.036	5	2483
Chuluota	FL	28.642	-81.123	33	2483
Commerce	OK	36.933	-94.873	5	2483
Jay	OK	36.421	-94.797	5	2483
Dripping Springs	TX	30.190	-98.087	5	2483
Jefferson	ME	44.207	-69.453	33	2483
Iwilei-Anuenue	HI	21.315	-157.873	49	2483
Woodbine	NJ	39.242	-74.815	33	2482
Odem	TX	27.951	-97.582	5	2482
Moorefield	WV	39.062	-78.969	33	2482
Coudersport	PA	41.775	-78.021	33	2482
Country Hills Village	AB	51.158	-114.065	11	2480
Lac-Lapierre	QC	45.898	-73.773	45	2480
Homerville	GA	31.037	-82.747	33	2480
Spring Lake	MI	43.077	-86.197	10	2480
Silver Lake	WI	44.055	-89.226	5	2480
Campbell	FL	28.259	-81.456	33	2479
Ross	CA	37.962	-122.555	29	2479
Woodville	TX	30.775	-94.415	5	2478
Newmanstown	PA	40.350	-76.213	33	2478
Tonopah	NV	38.067	-117.230	29	2478
Osceola	IN	41.665	-86.076	16	2477
Navy Yard City	WA	47.553	-122.665	29	2477
Thurso	QC	45.600	-75.249	45	2476
Harriman	NY	41.308	-74.145	33	2476
Cecil-Bishop	PA	40.318	-80.193	33	2476
Whittingham	NJ	40.330	-74.445	33	2476
Unity	SK	52.450	-109.168	41	2475
South End	BC	49.152	-123.934	46	2475
Morgantown	KY	37.226	-86.684	5	2475
Mountain City	TN	36.475	-81.805	33	2475
Belle Plaine	IA	41.897	-92.278	5	2475
Jarales	NM	34.613	-106.764	9	2475
Eagle Lake	FL	27.978	-81.756	33	2474
Santa Claus	IN	38.120	-86.914	5	2474
Middleport	OH	39.002	-82.049	33	2474
Skaneateles	NY	42.947	-76.429	33	2474
Curwensville	PA	40.976	-78.525	33	2474
Nekoosa	WI	44.312	-89.904	5	2474
Grand Point	LA	30.061	-90.753	5	2473
Weyers Cave	VA	38.288	-78.913	33	2473
Sisters	OR	44.291	-121.549	29	2472
Chase	BC	50.816	-119.686	46	2471
Holyrood	NL	47.383	-53.131	43	2471
Hounsfield Heights/Briar Hill	AB	51.064	-114.105	11	2470
Ct 0016	QC	45.552	-73.531	45	2470
Mayodan	NC	36.412	-79.967	33	2470
Attica	NY	42.864	-78.280	33	2470
Poplar-Cotton Center	CA	36.056	-119.149	29	2470
Nicoma Park	OK	35.491	-97.323	5	2469
Apison	TN	35.024	-85.024	33	2469
Williamsburg	MA	42.393	-72.730	33	2469
Elm Creek	TX	28.774	-100.492	5	2469
New Llano	LA	31.115	-93.272	5	2468
Val Verde	CA	34.445	-118.658	29	2468
Golden Grove	SC	34.734	-82.444	33	2467
Granville	NY	43.408	-73.260	33	2467
Ravensworth	VA	38.804	-77.221	33	2466
Hairsine	AB	53.603	-113.391	11	2465
Nixon	TX	29.267	-97.764	5	2465
Princeton Junction	NJ	40.317	-74.620	33	2465
Lake Placid	NY	44.280	-73.982	33	2465
Ranger	TX	32.470	-98.679	5	2464
Sterlington	LA	32.696	-92.086	5	2463
Coalfield	TN	36.029	-84.421	33	2463
Weatherly	PA	40.942	-75.830	33	2462
Sexsmith	AB	55.350	-118.786	11	2461
Pelican Rapids	MN	46.571	-96.083	5	2461
Camp Meeker	CA	38.425	-122.959	29	2461
Moundville	AL	32.998	-87.630	5	2460
Farmington	IL	41.945	-88.316	5	2460
Amelia	LA	29.666	-91.102	5	2459
Bloomington	TX	28.648	-96.892	5	2459
Fairmont	IL	41.556	-88.059	5	2459
Le Center	MN	44.389	-93.730	5	2459
Saint-Raphaël	QC	46.796	-70.756	45	2458
Big Coppitt Key	FL	24.597	-81.660	33	2458
Greenwood	PA	40.536	-78.358	33	2458
Cathcart	WA	47.848	-122.099	29	2458
Fox Creek	AB	54.400	-116.802	11	2457
Bridgeport	WA	48.008	-119.671	29	2457
Riverview	DE	39.026	-75.511	33	2456
Santo Domingo Pueblo	NM	35.515	-106.366	9	2456
Roosevelt Gardens	FL	26.141	-80.180	33	2456
Berwick	NS	45.050	-64.732	15	2455
Louisa	KY	38.114	-82.603	33	2455
Tumbler Ridge	BC	55.130	-120.994	8	2454
Readfield	ME	44.388	-69.967	33	2454
Hato Candal	PR	18.374	-65.787	39	2453
Prague	OK	35.487	-96.685	5	2453
Daingerfield	TX	33.032	-94.722	5	2452
Wild Peach Village	TX	29.084	-95.634	5	2452
Saint Ignace	MI	45.866	-84.728	10	2452
Valcourt	QC	45.500	-72.316	45	2451
Maxton	NC	34.735	-79.349	33	2451
Escobares	TX	26.411	-98.963	5	2451
Wabasha	MN	44.384	-92.033	5	2451
Lakeland Ridges	NB	45.971	-67.490	32	2450
Eureka	KS	37.824	-96.289	5	2450
Sisseton	SD	45.665	-97.050	5	2450
Laporte	CO	40.626	-105.139	9	2450
Minnedosa	MB	50.245	-99.844	48	2449
Country Club Village	MO	39.832	-94.822	5	2449
Garland	UT	41.741	-112.162	9	2448
Bells	TN	35.711	-89.088	5	2447
West Simsbury	CT	41.873	-72.858	33	2447
Strasburg	CO	39.738	-104.323	9	2447
Monroe City	MO	39.654	-91.735	5	2446
Pembroke	GA	32.136	-81.623	33	2445
Rio Hondo	TX	26.235	-97.582	5	2445
Winneconne	WI	44.111	-88.713	5	2445
Junction	TX	30.489	-99.772	5	2444
Wayne	IL	41.951	-88.242	5	2444
Bohners Lake	WI	42.623	-88.280	5	2444
Saint-Lambert-de-Lauzon	QC	46.586	-71.209	45	2443
Broad Channel	NY	40.603	-73.820	33	2443
South End	NB	45.267	-66.055	32	2442
Kinder	LA	30.485	-92.851	5	2442
Park City	TN	35.082	-86.571	5	2442
Verona	PA	40.506	-79.843	33	2442
Meadow Oaks	FL	28.346	-82.603	33	2442
Cap-Pele	NB	46.213	-64.278	32	2441
Edgard	LA	30.043	-90.560	5	2441
Yardley	PA	40.246	-74.846	33	2441
Versailles	MO	38.431	-92.841	5	2440
Sherbrooke	AB	53.576	-113.547	11	2438
Quanah	TX	34.298	-99.740	5	2438
White Sulphur Springs	WV	37.797	-80.298	33	2438
Aquebogue	NY	40.945	-72.627	33	2438
Gambier	OH	40.376	-82.397	33	2437
Warm Beach	WA	48.171	-122.365	29	2437
Pinckney	MI	42.457	-83.948	10	2436
Bertsch-Oceanview	CA	41.752	-124.159	29	2436
Brander Gardens	AB	53.496	-113.578	11	2435
North Glenmore	AB	51.005	-114.112	11	2435
Hartsville	TN	36.391	-86.167	5	2435
Old Orchard	PA	40.658	-75.262	33	2434
Paynesville	MN	45.381	-94.712	5	2433
Muncy	PA	41.206	-76.786	33	2433
Lincoln	AR	35.950	-94.424	5	2431
Mayflower	AR	34.957	-92.427	5	2431
Forsyth	MO	36.685	-93.120	5	2431
Moline Acres	MO	38.747	-90.240	5	2431
Oakland City	IN	38.339	-87.345	5	2430
Forest	ON	43.100	-82.000	45	2429
Micmac Village	NS	44.684	-63.558	15	2429
Carrollton	IL	39.302	-90.407	5	2429
Buckhorn	CA	38.452	-120.529	29	2429
Betsiamites	QC	48.941	-68.646	45	2428
Windy Hills	KY	38.274	-85.634	27	2428
Park Circle	MD	39.329	-76.660	33	2428
Enfield	NC	36.181	-77.667	33	2427
Saint Henry	OH	40.418	-84.640	33	2427
Oronogo	MO	37.188	-94.470	5	2425
Woodside	PA	40.222	-74.875	33	2425
Belleville	WI	42.860	-89.538	5	2425
Decherd	TN	35.210	-86.079	5	2424
Pemberton Heights	NJ	39.963	-74.679	33	2423
Honalo	HI	19.546	-155.932	49	2423
Berlin	MA	42.381	-71.637	33	2422
Lovell	WY	44.837	-108.390	9	2422
Ester	AK	64.847	-148.014	0	2422
Coopersburg	PA	40.511	-75.390	33	2421
Lexington Hills	CA	37.165	-121.973	29	2421
Ange-Gardien	QC	45.350	-72.932	45	2420
Anchorage	KY	38.267	-85.533	27	2420
East Brewton	AL	31.093	-87.063	5	2419
East Uniontown	PA	39.900	-79.698	33	2419
Emsworth	PA	40.510	-80.094	33	2419
Sumiton	AL	33.756	-87.050	5	2418
Shepherd	TX	30.498	-94.997	5	2418
Shapleigh	ME	43.541	-70.848	33	2418
Fobes Hill	WA	47.949	-122.120	29	2418
Bolivar Peninsula	TX	29.478	-94.580	5	2417
Hampton Manor	NY	42.621	-73.728	33	2417
Irvine	KY	37.701	-83.974	33	2416
Uniontown	AL	32.450	-87.514	5	2415
Morovis	PR	18.326	-66.407	39	2414
Barnum Island	NY	40.605	-73.644	33	2414
Indian Springs	GA	33.243	-83.921	33	2413
Avilla	IN	41.366	-85.239	16	2413
Spring Valley	MN	43.687	-92.389	5	2413
Westbrook Center	CT	41.280	-72.443	33	2413
Lost Hills	CA	35.616	-119.694	29	2412
Wheeler Army Airfield	HI	21.475	-158.034	49	2412
Monticello	FL	30.545	-83.871	33	2411
South Sumter	SC	33.881	-80.345	33	2411
Mascot	TN	36.061	-83.746	33	2411
Lake Nacimiento	CA	35.728	-120.880	29	2411
White Hall	IL	39.437	-90.403	5	2410
Lawson	MO	39.438	-94.204	5	2409
Hebron	OH	39.962	-82.491	33	2409
West Union	IA	42.963	-91.808	5	2409
Neillsville	WI	44.560	-90.596	5	2409
Coats	NC	35.408	-78.672	33	2408
North Browning	MT	48.570	-113.010	9	2408
Jamestown West	NY	42.089	-79.281	33	2408
Langdale	BC	49.434	-123.480	46	2407
Trenton	NS	45.615	-62.637	15	2407
Eddystone	PA	39.860	-75.344	33	2407
Dennis	MA	41.735	-70.194	33	2407
Harrison	ME	44.110	-70.679	33	2407
East Newark	NJ	40.748	-74.162	33	2406
Sky Valley	CA	33.890	-116.353	29	2406
Darlington	WI	42.683	-90.118	5	2405
Kimball	NE	41.236	-103.663	9	2405
Lavaca	AR	35.336	-94.173	5	2404
San Felipe Pueblo	NM	35.434	-106.447	9	2404
Dillingham	AK	59.040	-158.458	0	2404
Violetville	MD	39.268	-76.674	33	2403
Newton	TX	30.849	-93.757	5	2403
Matoaca	VA	37.230	-77.477	33	2403
Reserve Mines	NS	46.180	-60.020	13	2402
Taylor	AL	31.165	-85.468	5	2402
Isle of Hope	GA	31.982	-81.061	33	2402
Haw River	NC	36.092	-79.364	33	2402
Winamac	IN	41.051	-86.603	23	2402
Saint Maries	ID	47.314	-116.563	29	2402
Brooks	KY	38.061	-85.710	33	2401
Inverness Highlands North	FL	28.864	-82.377	33	2401
Stoneridge	NS	44.634	-63.633	15	2400
Coal Creek	CO	39.906	-105.377	9	2400
Scotts Mill	NC	35.727	-78.884	33	2400
River John	NS	45.750	-63.049	15	2399
York	AL	32.486	-88.296	5	2399
Greentown	IN	40.478	-85.967	16	2399
Sun Valley	PA	40.982	-75.466	33	2399
Telluride	CO	37.937	-107.812	9	2399
Ct 0019	QC	45.549	-73.538	45	2398
Kalama	WA	46.008	-122.844	29	2398
Selbyville	DE	38.460	-75.221	33	2397
Seneca	MO	36.841	-94.611	5	2397
Marcus Hook	PA	39.819	-75.419	33	2397
Lake Katrine	NY	41.986	-73.988	33	2397
Lunenburg	NS	44.378	-64.317	15	2396
Herington	KS	38.671	-96.943	5	2396
Groton	NY	42.588	-76.367	33	2396
Mount Union	PA	40.385	-77.882	33	2396
Carthage	NC	35.346	-79.417	33	2395
Conneaut Lakeshore	PA	41.627	-80.310	33	2395
Winchester	ON	45.083	-75.349	45	2394
Cave City	KY	37.137	-85.957	5	2394
Norwood	NC	35.220	-80.119	33	2394
Walnut Hill	TN	36.570	-82.257	33	2394
Enon	OH	39.878	-83.937	33	2393
Circle D-KC Estates	TX	30.161	-97.235	5	2393
East Dublin	GA	32.548	-82.872	33	2392
Egypt	PA	40.680	-75.530	33	2391
Harbor	OR	42.053	-124.268	29	2391
Concordia	MO	38.983	-93.569	5	2390
Waynesboro	TN	35.320	-87.762	5	2390
Olmos Park	TX	29.479	-98.488	5	2390
Reed City	MI	43.875	-85.510	10	2390
‘Ele‘ele	HI	21.907	-159.583	49	2390
Assiniboia	SK	49.633	-105.984	41	2389
Batchelor	LA	30.840	-91.662	5	2389
Park View	IA	41.694	-90.546	5	2389
Clearwater	BC	51.641	-120.028	46	2388
South Congaree	SC	33.911	-81.136	33	2388
Rochester	WA	46.822	-123.096	29	2388
Salisbury	NB	46.039	-65.046	32	2387
Mariano Colón	PR	18.023	-66.332	39	2387
Greensboro	AL	32.704	-87.596	5	2387
Raceland	KY	38.540	-82.728	33	2387
Tappahannock	VA	37.925	-76.859	33	2387
Midland City	AL	31.319	-85.494	5	2386
Chamberlain	SD	43.811	-99.331	5	2386
Dalton Gardens	ID	47.730	-116.770	29	2386
Stonybrook	PA	39.987	-76.644	33	2384
Lomira	WI	43.591	-88.444	5	2384
Sleepy Hollow	CA	38.010	-122.584	29	2384
Val Verde Park	TX	29.375	-100.832	5	2384
Waverly	MD	39.328	-76.606	33	2383
Brownville	NJ	40.401	-74.295	33	2383
Red Hill	PA	40.373	-75.481	33	2383
Ingalls	IN	39.957	-85.805	16	2382
Chichester	NH	43.249	-71.400	33	2382
Wrangell	AK	56.471	-132.377	42	2382
Derwood	MD	39.117	-77.161	33	2381
Aliceville	AL	33.130	-88.151	5	2381
Hudson	IA	42.407	-92.455	5	2381
New London	OH	41.085	-82.400	33	2381
Mission Canyon	CA	34.451	-119.713	29	2381
Rangely	CO	40.087	-108.805	9	2381
Aptos Hills-Larkin Valley	CA	36.961	-121.834	29	2381
Watchtower	NY	41.638	-74.260	33	2381
H. Rivera Colon	PR	18.348	-66.274	39	2379
Redfield	SD	44.876	-98.519	5	2379
Franklin Square	MD	39.290	-76.643	33	2379
Huntsville	AR	36.086	-93.741	5	2378
Timmonsville	SC	34.135	-79.940	33	2378
Highspire	PA	40.211	-76.791	33	2378
Wray	CO	40.076	-102.223	9	2378
Guayabal	PR	18.081	-66.501	39	2377
Hawthorne	PA	39.936	-75.167	33	2377
Canton	MO	40.130	-91.519	5	2377
Callingwood North	AB	53.508	-113.624	11	2376
Hermann	MO	38.704	-91.437	5	2376
Lamoni	IA	40.623	-93.934	5	2376
Byesville	OH	39.970	-81.537	33	2375
Aliamanu Makai	HI	21.359	-157.919	49	2374
Holiday Island	AR	36.485	-93.732	5	2373
Dalworthington Gardens	TX	32.703	-97.155	5	2373
Adamstown	MD	39.311	-77.475	33	2372
Magnolia	MS	31.143	-90.459	5	2371
East Jordan	MI	45.158	-85.124	10	2371
Madison	NE	41.828	-97.455	5	2371
Geistown	PA	40.291	-78.869	33	2371
Old Town	MD	39.294	-76.607	33	2370
Swanton	VT	44.918	-73.124	33	2370
Blind Bay	BC	50.883	-119.386	46	2369
Pine Ridge at Crestwood	NJ	39.955	-74.315	33	2369
Byron	NY	43.080	-78.064	33	2369
Auberry	CA	37.081	-119.485	29	2369
Solomons	MD	38.318	-76.454	33	2368
Loma Rica	CA	39.312	-121.418	29	2368
Hayfork	CA	40.554	-123.183	29	2368
Edneyville	NC	35.394	-82.341	33	2367
Fairlawn	VA	37.148	-80.578	33	2367
Town Line	NY	42.891	-78.578	33	2367
Georgetown	CA	38.907	-120.839	29	2367
Grand Forks Air Force Base	ND	47.955	-97.387	5	2367
Tierras Nuevas Poniente	PR	18.462	-66.489	39	2366
Lincoln Park	NY	41.951	-73.994	33	2366
Stormstown	PA	40.793	-78.017	33	2366
Lake Echo	NS	44.733	-63.382	15	2365
North Haven	AB	51.097	-114.090	11	2365
Bairoa	PR	18.259	-66.040	39	2365
Presidential Lakes Estates	NJ	39.914	-74.565	33	2365
Logy Bay-Middle Cove-Outer Cove	NL	47.633	-52.681	43	2364
Cotuit	MA	41.617	-70.437	33	2364
New Durham	NH	43.437	-71.172	33	2364
Barbers Point Housing	HI	21.321	-158.081	49	2364
Maine	WI	45.027	-89.690	5	2364
Washington Hill	MD	39.292	-76.595	33	2364
Comfort	TX	29.968	-98.905	5	2363
Whitefield	ME	44.170	-69.625	33	2363
Lawai	HI	21.922	-159.504	49	2363
Killarney	MB	49.183	-99.664	48	2362
Montague	MI	43.417	-86.357	10	2362
Meeker	CO	40.037	-107.913	9	2362
Bouctouche	NB	46.468	-64.739	32	2361
Strafford	MO	37.268	-93.117	5	2361
Parc La Salle	MB	49.765	-97.160	48	2360
Ina	IL	38.151	-88.904	5	2360
Desert View Highlands	CA	34.591	-118.153	29	2360
Clearlake Oaks	CA	39.026	-122.672	29	2359
Saint-Marc-des-Carrières	QC	46.683	-72.049	45	2358
Louisville	GA	33.002	-82.411	33	2358
Edgemont Park	MI	42.747	-84.594	10	2358
Neodesha	KS	37.418	-95.680	5	2357
Cass City	MI	43.601	-83.175	10	2357
Jackson	KY	37.825	-84.871	33	2356
Amboy	IL	41.714	-89.329	5	2356
Marshfield Hills	MA	42.146	-70.740	33	2356
Olivia	MN	44.776	-94.990	5	2356
Bridgeport	AL	34.948	-85.714	5	2355
Claryville	KY	38.919	-84.395	33	2355
Maynardville	TN	36.251	-83.797	33	2355
Antlers	OK	34.231	-95.620	5	2354
Winfield	WV	38.533	-81.893	33	2354
Brewster	WA	48.096	-119.781	29	2354
Pacolet	SC	34.899	-81.762	33	2352
Poydras	LA	29.869	-89.889	5	2351
Horse Shoe	NC	35.343	-82.557	33	2351
Liberty City	TX	32.445	-94.949	5	2351
Danville	AR	35.054	-93.394	5	2350
Breezy Point	MN	46.590	-94.220	5	2350
Río Lajas	PR	18.395	-66.268	39	2349
Privateer	SC	33.833	-80.414	33	2349
North Conway	NH	44.054	-71.128	33	2349
Chester	NS	44.542	-64.239	15	2348
Wyoming	ON	42.950	-82.117	45	2348
Tamarack	AB	53.464	-113.362	11	2348
Woodsfield	OH	39.763	-81.115	33	2348
Johnston	SC	33.832	-81.801	33	2348
Fairview	PA	42.031	-80.255	33	2348
Grovenor	AB	53.546	-113.572	11	2347
Petersburg	IN	38.492	-87.279	19	2347
Henagar	AL	34.635	-85.767	5	2346
North Vacherie	LA	29.997	-90.706	5	2346
Baldwin	LA	29.838	-91.544	5	2345
Crosby	MN	46.482	-93.958	5	2345
Horse Cave	KY	37.179	-85.907	5	2344
New Concord	OH	39.994	-81.734	33	2343
Mosheim	TN	36.190	-82.958	33	2343
Bottineau	ND	48.827	-100.446	5	2343
White Salmon	WA	45.728	-121.486	29	2343
Perryman	MD	39.470	-76.204	33	2342
Panhandle	TX	35.346	-101.380	5	2341
Seymour Heights	BC	49.325	-123.000	46	2340
Kentwood	LA	30.938	-90.509	5	2340
Shenandoah	VA	38.485	-78.625	33	2340
Seville	OH	41.010	-81.862	33	2340
Friday Harbor	WA	48.534	-123.017	29	2340
Huelo	HI	20.905	-156.225	49	2340
Fearrington Village	NC	35.804	-79.090	33	2339
Boxford	MA	42.661	-70.997	33	2339
Carleton	MI	42.059	-83.391	10	2338
Croswell	MI	43.276	-82.621	10	2338
Eastpoint	FL	29.737	-84.879	33	2337
Parsons	TN	35.650	-88.127	5	2337
West Branch	IA	41.671	-91.347	5	2337
Minot	ME	44.086	-70.320	33	2337
Idalou	TX	33.666	-101.683	5	2337
Bloomfield	IN	39.027	-86.938	16	2336
San Miguel	CA	35.752	-120.696	29	2336
Colstrip	MT	45.884	-106.624	9	2336
Purvis	MS	31.143	-89.410	5	2335
Bronson	MI	41.872	-85.195	10	2335
Dousman	WI	43.014	-88.473	5	2335
Colchester	ON	41.983	-82.933	45	2334
Claxton	GA	32.162	-81.904	33	2334
Broad Creek	NC	34.721	-76.936	33	2334
Parkside	PA	39.864	-75.379	33	2334
Anson	TX	32.757	-99.896	5	2334
Park Falls	WI	45.934	-90.442	5	2334
Coxheath	NS	46.117	-60.232	13	2333
Forestville	QC	48.738	-69.085	45	2333
Hardinsburg	KY	37.780	-86.461	5	2333
Oak Hills	PA	40.825	-79.913	33	2333
Terrace Heights	AB	53.540	-113.435	11	2332
Mulberry	NC	36.240	-81.181	33	2332
Brewster	NY	41.397	-73.617	33	2332
Fundy Heights	NB	45.252	-66.072	32	2331
Genoa	OH	40.783	-81.467	33	2331
Kensington	MD	39.026	-77.076	33	2330
Limerick	ME	43.688	-70.794	33	2329
Garrettsville	OH	41.284	-81.096	33	2328
Green Meadows	OH	39.869	-83.944	33	2327
Glenville	CT	41.035	-73.660	33	2327
Henry	IL	41.111	-89.356	5	2327
Greenville	DE	39.779	-75.598	33	2326
Fredonia	KS	37.534	-95.827	5	2326
Middlebush	NJ	40.498	-74.529	33	2326
Corralitos	CA	36.989	-121.806	29	2326
River Springs	BC	49.283	-122.767	46	2325
Government Road	BC	49.252	-122.944	46	2325
Rafael Gonzalez	PR	18.427	-66.787	39	2325
Charlotte Park	FL	26.910	-82.054	33	2325
Albion	IN	41.396	-85.424	16	2325
Lillooet	BC	50.686	-121.942	46	2324
Lake City	AR	35.816	-90.434	5	2324
Anahuac	TX	29.773	-94.683	5	2324
Salmon Brook	CT	41.956	-72.795	33	2324
Wellston	MO	38.673	-90.299	5	2323
Guin	AL	33.966	-87.915	5	2322
Aspen Ridge	SK	52.178	-106.552	41	2321
Palomas	PR	18.014	-66.873	39	2321
Citrus City	TX	26.326	-98.385	5	2321
Falconer	NY	42.119	-79.198	33	2321
Geneva	WA	48.746	-122.402	29	2321
Terre du Lac	MO	37.912	-90.625	5	2320
Terre Haute	MO	40.439	-93.234	5	2320
Watsontown	PA	41.085	-76.864	33	2320
Lineville	AL	33.311	-85.754	5	2319
Carrollton Ridge	MD	39.282	-76.649	33	2318
East Baltimore Midway	MD	39.315	-76.603	33	2318
Minorca	LA	31.579	-91.482	5	2317
New Miami	OH	39.435	-84.537	33	2316
Stockbridge	MA	42.288	-73.320	33	2316
Woodside East	DE	39.068	-75.537	33	2316
Hallowell	ME	44.286	-69.791	33	2315
Pine Mountain Club	CA	34.846	-119.150	29	2315
Constance Bay	ON	45.500	-76.083	45	2314
Elmvale	ON	44.583	-79.866	45	2314
Lac La Biche	AB	54.767	-111.969	11	2314
Laurel Park	NC	35.314	-82.493	33	2314
Belmond	IA	42.846	-93.614	5	2314
McLeod	AB	53.608	-113.433	11	2313
Kimberling City	MO	36.633	-93.417	5	2313
Sewanee	TN	35.203	-85.921	5	2311
Phoenix	NY	43.231	-76.301	33	2311
Auditorium	ON	43.448	-80.470	45	2310
Pulaski	NY	43.567	-76.128	33	2310
Rosetown	SK	51.550	-108.001	41	2309
Denver	NC	35.531	-81.030	33	2309
West Sharyland	TX	26.273	-98.329	5	2309
Mountain Green	UT	41.143	-111.792	9	2309
Altamont	IL	39.062	-88.748	5	2308
Grantham	NH	43.490	-72.138	33	2308
Big Sky	MT	45.285	-111.368	9	2308
Stewartstown	PA	39.754	-76.591	33	2305
‘Ālewa Heights	HI	21.341	-157.848	49	2305
East Bernard	TX	29.531	-96.071	5	2304
Mitchellville	IA	41.669	-93.358	5	2304
Manahawkin	NJ	39.695	-74.259	33	2303
Alpha	NJ	40.667	-75.157	33	2303
Flandreau	SD	44.049	-96.595	5	2303
Mt. Edward	PE	46.260	-63.128	15	2302
Harrisburg	AR	35.564	-90.717	5	2302
Lakewood	TN	36.243	-86.636	5	2302
Carlin	NV	40.714	-116.104	29	2302
Mabton	WA	46.215	-119.997	29	2302
Los Llanos	PR	18.055	-66.406	39	2301
Vista Heights	AB	51.074	-114.014	11	2300
Riverside	AL	33.606	-86.204	5	2300
Bellevue	ID	43.464	-114.261	3	2300
West Warrenton	GA	33.412	-82.675	33	2300
Hernando Beach	FL	28.469	-82.659	33	2299
Tedder	FL	26.284	-80.122	33	2299
Crosby	TX	29.912	-95.062	5	2299
Vázquez	PR	18.066	-66.239	39	2297
Union	ME	44.211	-69.274	33	2297
Pawling	NY	41.562	-73.603	33	2297
Columbia	CA	38.036	-120.401	29	2297
Malakoff	TX	32.170	-96.012	5	2296
Chase City	VA	36.799	-78.458	33	2296
Winsted	MN	44.964	-94.047	5	2296
Hayward	WI	46.013	-91.485	5	2296
Lakeview	OR	42.189	-120.346	29	2296
Blackville	SC	33.358	-81.271	33	2295
Glen Moir	NS	44.719	-63.681	15	2294
Liverpool	NY	43.106	-76.218	33	2294
Melrose Park	NY	42.909	-76.540	33	2294
Sterling	KS	38.210	-98.207	5	2293
Panorama Village	TX	30.381	-95.494	5	2293
Monroe	UT	38.630	-112.121	9	2293
Seneca	IL	41.311	-88.610	5	2292
Crompond	NY	41.288	-73.848	33	2292
Brownsville	PA	40.024	-79.884	33	2292
Towamensing Trails	PA	41.008	-75.585	33	2292
Plattsburg	MO	39.566	-94.448	5	2291
Westmoreland	TN	36.562	-86.248	5	2291
Massanutten	VA	38.410	-78.738	33	2291
Windsor	ME	44.311	-69.581	33	2291
Collingwood	AB	51.084	-114.102	11	2290
La Porte City	IA	42.315	-92.192	5	2290
Saint Paul	NE	41.215	-98.458	5	2290
Wrightsville	PA	40.026	-76.530	33	2290
Madison Center	CT	41.279	-72.600	33	2290
Sifton Park	AB	53.594	-113.408	11	2289
Tompkinsville	KY	36.702	-85.692	5	2289
Lofall	WA	47.812	-122.658	29	2289
Spruce Meadows	NL	47.603	-52.724	43	2288
Arthur	IL	39.715	-88.472	5	2288
Tazewell	TN	36.454	-83.569	33	2288
Chesaning	MI	43.185	-84.115	10	2288
Munising	MI	46.411	-86.649	10	2288
Tuftonboro	NH	43.696	-71.222	33	2288
Wallkill	NY	41.606	-74.184	33	2288
Ogdensburg	NJ	41.082	-74.592	33	2286
West Lafayette	OH	40.275	-81.751	33	2286
White River Junction	VT	43.649	-72.319	33	2286
Enetai	WA	47.585	-122.599	29	2286
White River Junction VA Medical Center	VT	42.830	-72.568	33	2286
North Spearfish	SD	44.507	-103.892	9	2285
Arlington Heights	WA	48.202	-122.062	29	2284
Junction City	KY	37.587	-84.794	33	2283
Saint Bonifacius	MN	44.906	-93.747	5	2283
Swartzville	PA	40.233	-76.078	33	2283
Shingletown	CA	40.492	-121.889	29	2283
Earle	AR	35.275	-90.467	5	2282
Sag Harbor	NY	40.998	-72.293	33	2282
Wilson-Conococheague	MD	39.654	-77.832	33	2282
Good Hope	AL	34.116	-86.864	5	2281
Apalachicola	FL	29.726	-84.986	33	2281
Camden	OH	41.238	-82.306	33	2281
Richwood	OH	40.426	-83.297	33	2281
Cabin John	MD	38.975	-77.158	33	2280
Fitzwilliam	NH	42.781	-72.142	33	2280
Hidden Spring	ID	43.722	-116.251	3	2280
Outlook	SK	51.488	-107.056	41	2279
Excelsior	MN	44.903	-93.566	5	2279
Carson	WA	45.725	-121.819	29	2279
Gold Beach	OR	42.407	-124.422	29	2279
Carthage	TN	36.252	-85.952	5	2278
Crownpoint	NM	35.678	-108.151	9	2278
Wilsons Mills	NC	35.584	-78.356	33	2277
Star Valley	AZ	34.255	-111.258	38	2277
Suárez	PR	18.430	-65.853	39	2276
Mount Vernon	GA	32.179	-82.595	33	2276
Crestmont	AB	51.085	-114.261	11	2275
Williston Highlands	FL	29.341	-82.541	33	2275
Hampton Beach	NH	42.907	-70.812	33	2275
Saint-Pamphile	QC	46.958	-69.781	45	2274
Dyer	TN	36.067	-88.994	5	2274
Fowler	IN	40.617	-87.321	16	2274
Eglin Air Force Base	FL	30.459	-86.550	5	2274
Inman	SC	35.047	-82.090	33	2273
West Hill	OH	41.233	-80.519	33	2273
Clinton	MI	42.072	-83.972	10	2272
Lennox	SD	43.354	-96.892	5	2272
Beaverlodge	AB	55.217	-119.436	11	2271
Eatonville	FL	28.615	-81.381	33	2271
Spencer	IN	39.287	-86.763	16	2271
Wilberforce	OH	39.716	-83.878	33	2271
Cascade	IA	42.299	-91.015	5	2271
Raven	VA	37.087	-81.855	33	2270
Davis Junction	IL	42.102	-89.093	5	2270
Lemont	PA	40.811	-77.818	33	2270
Oakwood	PA	41.011	-80.380	33	2270
Lebanon South	PA	40.328	-76.406	33	2270
Effort	PA	40.939	-75.435	33	2269
Fair Haven	VT	43.595	-73.266	33	2269
Pymatuning Central	PA	41.585	-80.480	33	2269
Fairfield Bay	AR	35.594	-92.278	5	2268
Tool	TX	32.268	-96.170	5	2268
Buchanan	NY	41.262	-73.938	33	2268
Parkwood	CA	36.927	-120.045	29	2268
Cowpens	SC	35.017	-81.804	33	2267
South Paris	ME	44.224	-70.513	33	2267
Westmorland	CA	33.037	-115.621	29	2267
Okanagan Falls	BC	49.350	-119.567	46	2266
East Sonora	CA	37.978	-120.361	29	2266
Lynnmour	BC	49.317	-123.033	46	2265
Prairie Pointe	MB	49.778	-97.196	48	2265
Dover	MA	42.246	-71.283	33	2265
North Brookfield	MA	42.267	-72.083	33	2265
Susquehanna Trails	PA	39.759	-76.368	33	2264
Walkerton	IN	41.467	-86.483	16	2264
Abbotsford	WI	44.946	-90.316	5	2264
Bayard	NM	32.762	-108.131	9	2264
Holden	MO	38.714	-93.991	5	2263
Westby	WI	43.657	-90.854	5	2263
Jellico	TN	36.588	-84.127	33	2262
Cimarron	KS	37.807	-100.348	5	2262
Grande-Digue	NB	46.300	-64.565	32	2261
Moorhead	MS	33.450	-90.506	5	2261
Texanna	OK	35.347	-95.437	5	2261
South Fulton	TN	36.501	-88.875	5	2261
Lewistown	IL	40.393	-90.155	5	2261
Belgium	WI	43.500	-87.850	5	2261
Wrightsville	AR	34.602	-92.217	5	2260
Middletown	IN	40.057	-85.537	16	2260
Spring Mount	PA	40.276	-75.457	33	2259
Chico	WA	47.611	-122.710	29	2259
Elwood	IL	41.404	-88.112	5	2258
Bridgman	MI	41.943	-86.557	10	2258
Honoka‘a	HI	20.079	-155.467	49	2258
Jonesville	NC	36.239	-80.845	33	2257
Levant	ME	44.869	-68.935	33	2257
Clarence Center	NY	43.011	-78.638	33	2257
Bridgeville	DE	38.743	-75.604	33	2256
Mars Hill	NC	35.827	-82.549	33	2256
Ashville	AL	33.837	-86.254	5	2256
Encantada-Ranchito-El Calaboz	TX	26.033	-97.633	5	2255
Odell	OR	45.627	-121.543	29	2255
Wenonah	NJ	39.795	-75.149	33	2254
Janesville	MN	44.116	-93.708	5	2254
Pablo	MT	47.600	-114.119	9	2254
Wailua	HI	22.053	-159.338	49	2254
Newkirk	OK	36.882	-97.053	5	2253
Polo	IL	41.986	-89.579	5	2253
Sturbridge	MA	42.108	-72.079	33	2253
Boron	CA	34.999	-117.650	29	2253
Kea‘au	HI	19.623	-155.037	49	2253
Fannett	TX	29.926	-94.251	5	2252
Deep Cove	BC	49.333	-122.950	46	2251
Oyster Bay Cove	NY	40.871	-73.511	33	2251
Holyoke	CO	40.584	-102.302	9	2251
Deltana	AK	63.872	-145.218	0	2251
East Manoa	HI	21.305	-157.811	49	2251
Ilderton	ON	43.079	-81.381	45	2250
Chinatown	AB	51.052	-114.064	11	2250
Pottsboro	TX	33.759	-96.669	5	2250
Madelia	MN	44.051	-94.418	5	2250
Girdwood	AK	60.943	-149.166	0	2250
Crabtree	QC	45.967	-73.466	45	2248
Waterloo	IN	41.432	-85.020	16	2248
Fort Plain	NY	42.931	-74.623	33	2248
Calera	OK	33.935	-96.429	5	2247
Wells	MN	43.746	-93.729	5	2247
Gimli	MB	50.634	-96.991	48	2246
Andover	NH	43.437	-71.823	33	2246
Ahwahnee	CA	37.365	-119.726	29	2246
Cascade Valley	WA	47.135	-119.328	29	2246
Blueridge	BC	49.329	-122.992	46	2245
Hudson Bay Park	SK	52.145	-106.689	41	2245
Thayer	MO	36.525	-91.538	5	2245
Terrace Park	OH	39.159	-84.307	33	2245
Orchard Lake	MI	42.583	-83.359	10	2245
Gaylord	MN	44.553	-94.221	5	2245
Walton Hills	OH	41.366	-81.561	33	2245
Desert Hills	AZ	34.554	-114.372	38	2245
Cannon Air Force Base	NM	34.397	-103.324	9	2245
Manatee Road	FL	29.513	-82.914	33	2244
Walbrook	MD	39.309	-76.671	33	2244
Gibbsboro	NJ	39.838	-74.965	33	2244
White Pine	TN	36.108	-83.287	33	2244
Hull	IA	43.189	-96.134	5	2244
Nedrow	NY	42.975	-76.141	33	2244
Tallaboa Alta	PR	18.051	-66.700	39	2243
Pequot Lakes	MN	46.603	-94.309	5	2243
Ashburton	MD	39.328	-76.672	33	2243
West Dennis	MA	41.665	-70.173	33	2242
Tainter Lake	WI	44.989	-91.848	5	2242
Beaverdam Lake-Salisbury Mills	NY	41.442	-74.116	33	2242
Beaver Dam Lake	NY	41.447	-74.115	33	2242
Crewe	VA	37.173	-78.123	33	2241
Hudson	MI	41.855	-84.354	10	2241
Sunset Acres	NB	45.978	-66.679	32	2240
Hartford	NY	43.364	-73.394	33	2240
Hanlon-Longwood	MD	39.318	-76.669	33	2240
Fulton Place	AB	53.546	-113.425	11	2239
Senneterre	QC	48.393	-77.240	45	2239
Adamsville	TN	35.236	-88.391	5	2239
Midway South	TX	26.157	-98.020	5	2239
Summerset	SD	44.190	-103.344	9	2239
Trenton	GA	34.872	-85.509	33	2238
Kiln	MS	30.409	-89.435	5	2238
Burin	NL	47.083	-55.191	43	2237
Northlake	TX	33.127	-97.266	5	2237
Mechanic Falls	ME	44.112	-70.392	33	2237
Bono	AR	35.909	-90.803	5	2236
Fulton	KY	36.504	-88.874	5	2235
North Beach Haven	NJ	39.573	-74.232	33	2235
Leesville	SC	33.917	-81.513	33	2235
Gates Mills	OH	41.518	-81.403	33	2235
Minto	NB	46.085	-66.062	32	2234
Port McNeill	BC	50.590	-127.086	46	2234
Clayton	GA	34.878	-83.401	33	2234
Sugarcreek	OH	40.503	-81.641	33	2234
Milford	ME	44.946	-68.644	33	2233
New Wilmington	PA	41.122	-80.333	33	2233
Hancock	ME	44.529	-68.254	33	2232
Southside	AR	35.698	-91.623	5	2231
Tangelo Park	FL	28.456	-81.446	33	2231
Helmetta	NJ	40.377	-74.425	33	2231
East Ithaca	NY	42.440	-76.479	33	2231
Anthony	KS	37.153	-98.031	5	2230
Cherryvale	KS	37.270	-95.552	5	2230
Rossmoyne	OH	39.214	-84.387	33	2230
Acton	ME	43.534	-70.910	33	2230
Corinna	ME	44.921	-69.262	33	2230
Lantz	NS	44.983	-63.482	15	2229
Calmar	AB	53.267	-113.819	11	2228
Horse Pasture	VA	36.628	-79.951	33	2227
Las Animas	CO	38.067	-103.223	9	2227
Rogue River	OR	42.436	-123.172	29	2227
Twain Harte	CA	38.040	-120.233	29	2226
Raymond	MS	32.259	-90.423	5	2225
Country Knolls	NY	42.915	-73.805	33	2224
Marysville	NB	45.983	-66.582	32	2223
Rockport	IN	37.883	-87.049	5	2223
Lumberton	MS	31.001	-89.452	5	2223
Wynnewood	OK	34.643	-97.164	5	2223
Anahola	HI	22.142	-159.314	49	2223
Pennfield	NB	45.102	-66.739	32	2222
Graceville	FL	30.957	-85.517	5	2222
Pumpkin Center	NC	34.792	-77.372	33	2222
Newtown	PA	40.229	-74.937	33	2222
Fredonia	WI	43.471	-87.951	5	2222
Red Lodge	MT	45.186	-109.247	9	2222
New Palestine	IN	39.722	-85.889	16	2221
Penndel	PA	40.152	-74.917	33	2221
Jonesville	MI	41.984	-84.662	10	2220
Royal City	WA	46.901	-119.631	29	2220
Sugarcreek Police Dept	OH	40.503	-81.642	33	2220
Rosemont	MD	39.304	-76.671	33	2220
Parkallen	AB	53.500	-113.517	11	2219
Orland	ME	44.570	-68.736	33	2219
Pine Grove	CA	38.413	-120.659	29	2219
Chiefland	FL	29.475	-82.860	33	2218
Salem	NC	35.699	-81.697	33	2218
Newport	WA	47.571	-122.181	29	2218
Saugerties South	NY	42.061	-73.951	33	2218
West Terre Haute	IN	39.465	-87.450	16	2217
Four Seasons	MO	38.198	-92.711	5	2217
Soulsbyville	CA	37.985	-120.264	29	2215
Old Brookville	NY	40.832	-73.605	33	2214
Craigsville	WV	38.331	-80.653	33	2213
Murphys	CA	38.138	-120.461	29	2213
Disraeli	QC	45.900	-71.349	45	2212
Bay Park	NY	40.633	-73.670	33	2212
Greenport	NY	41.103	-72.359	33	2212
Naples	UT	40.427	-109.499	9	2212
Cylburn	MD	39.348	-76.664	33	2212
Anmore	BC	49.316	-122.853	46	2210
McLendon-Chisholm	TX	32.842	-96.381	5	2210
Amherst	VA	37.585	-79.051	33	2210
Mathews	LA	29.686	-90.547	5	2209
Quitman	MS	32.040	-88.728	5	2209
Crimora	VA	38.154	-78.850	33	2209
New Market	VA	38.648	-78.671	33	2208
North Rock Springs	WY	41.644	-109.266	9	2207
Bridgeview	NS	44.671	-63.656	15	2206
Buena Vista	GA	32.319	-84.517	33	2206
Houston	AK	61.630	-149.818	0	2206
Highwood	AB	51.091	-114.081	11	2205
Redington Shores	FL	27.826	-82.829	33	2205
Taft	FL	28.430	-81.365	33	2205
Rising Sun	IN	38.950	-84.854	33	2205
Dry Ridge	KY	38.682	-84.590	33	2205
Whitesboro	NJ	39.039	-74.857	33	2205
Windham	OH	41.235	-81.049	33	2205
McAdoo	PA	40.901	-75.991	33	2205
White Mountain Lake	AZ	34.349	-109.998	38	2205
Whitesboro-Burleigh	NJ	39.043	-74.865	33	2205
Canisteo	NY	42.270	-77.606	33	2204
Center	CO	37.753	-106.109	9	2204
Schofield	WI	44.910	-89.605	5	2203
Hickman	KY	36.571	-89.186	5	2202
Lisbon	IA	41.921	-91.385	5	2202
Toledo	IA	41.996	-92.577	5	2202
Camden	NY	43.335	-75.748	33	2202
Lakin	KS	37.941	-101.255	5	2202
Jal	NM	32.113	-103.194	9	2201
Wendake	QC	46.861	-71.357	45	2200
Ferdinand	IN	38.224	-86.862	22	2200
Roebuck	SC	34.880	-81.966	33	2200
Caryville	TN	36.299	-84.223	33	2200
Spencerville	OH	40.709	-84.354	33	2200
Wofford Heights	CA	35.707	-118.456	29	2200
Bridgeport East	ON	43.478	-80.467	45	2199
Hennessey	OK	36.109	-97.899	5	2199
Brighton	IL	39.040	-90.141	5	2198
Wilton	ME	44.593	-70.228	33	2198
Bellerose Terrace	NY	40.721	-73.726	33	2198
Kinsey	AL	31.299	-85.344	5	2197
Oxford	GA	33.619	-83.867	33	2197
Hughesville	MD	38.533	-76.784	33	2197
Madison	NC	36.385	-79.959	33	2197
Coaldale	PA	40.823	-75.907	33	2197
Michaels Park	AB	53.478	-113.449	11	2196
West Forest Park	MD	39.320	-76.692	33	2196
Utica	OH	40.234	-82.451	33	2196
Cordova	AK	60.543	-145.759	0	2196
Spencer	WV	38.802	-81.351	33	2195
Greenock	PA	40.312	-79.807	33	2195
Kalanipuu	HI	21.293	-157.691	49	2195
Esterhazy	SK	50.650	-102.084	41	2194
Farmington	MS	34.930	-88.452	5	2194
Elysburg	PA	40.865	-76.552	33	2194
Lawson Heights	PA	40.292	-79.389	33	2194
Surf City	NC	34.427	-77.546	33	2193
Bernardston	MA	42.671	-72.550	33	2193
Denmark	WI	44.348	-87.827	5	2193
Colorado City	CO	37.945	-104.835	9	2193
Playita	PR	18.045	-65.907	39	2192
Erwinville	LA	30.531	-91.408	5	2192
Valencia	NM	34.800	-106.700	9	2192
Marlborough	MO	38.570	-90.337	5	2191
Chetek	WI	45.314	-91.651	5	2191
Flora Vista	NM	36.794	-108.080	9	2191
Logan Lake	BC	50.492	-120.815	46	2190
Petersburg	IL	40.012	-89.848	5	2190
Livermore	ME	44.384	-70.249	33	2190
Phippsburg	ME	43.821	-69.815	33	2190
Lincoln Heights	NB	45.908	-66.592	32	2189
Marionville	MO	37.003	-93.637	5	2189
North Pole	AK	64.751	-147.349	0	2189
Thornhill	NS	44.603	-63.611	15	2188
Terra Losa	AB	53.534	-113.623	11	2188
Shinnecock Hills	NY	40.891	-72.464	33	2188
Berwick	ME	43.266	-70.865	33	2187
Morenci	MI	41.719	-84.218	10	2187
East Arlington	MD	39.331	-76.668	33	2187
Nokomis	IL	39.301	-89.285	5	2185
Oakhurst	OK	36.075	-96.064	5	2185
Southworth	WA	47.512	-122.502	29	2185
Bluewell	WV	37.313	-81.260	33	2184
Castle Rock	WA	46.275	-122.908	29	2184
Carlisle	AR	34.783	-91.747	5	2183
Cedaredge	CO	38.902	-107.926	9	2183
Three Rivers	CA	36.439	-118.905	29	2182
Nanton	AB	50.350	-113.769	11	2181
Jonesville	LA	31.627	-91.818	5	2181
Cranbury	NJ	40.316	-74.514	33	2181
Creston	OH	40.987	-81.894	33	2181
Star City	AR	33.943	-91.843	5	2180
Cooper	TX	31.243	-95.582	5	2180
Mason City	IL	40.202	-89.698	5	2180
Hawley	MN	46.881	-96.317	5	2179
Halls	TN	35.876	-89.396	5	2178
Townsend	DE	39.395	-75.692	33	2177
Waskom	TX	32.479	-94.060	5	2177
Bellevue	IA	42.259	-90.423	5	2176
Trowbridge Park	MI	46.557	-87.437	10	2176
Upper Nyack	NY	41.107	-73.920	33	2176
Slater-Marietta	SC	35.035	-82.493	33	2176
Upper Miramichi	NB	46.466	-66.411	32	2175
Elkton	KY	36.810	-87.154	5	2175
Ware Shoals	SC	34.398	-82.247	33	2175
Tremont	IL	40.528	-89.493	5	2175
Southmont	PA	40.311	-78.939	33	2175
Haynesville	LA	32.962	-93.140	5	2174
New Boston	OH	38.752	-82.937	33	2174
Wellington	TX	34.856	-100.214	5	2174
Prudhoe Bay	AK	70.255	-148.337	0	2174
Mariposa	CA	37.485	-119.966	29	2173
New Glarus	WI	42.814	-89.635	5	2172
Shawnee Hills	OH	39.653	-83.787	33	2171
Uvalde Estates	TX	29.165	-99.832	5	2171
Narrows	VA	37.205	-79.959	33	2171
Shinnston	WV	39.396	-80.300	33	2171
Arlington	MN	44.608	-94.081	5	2169
Rouses Point	NY	44.994	-73.365	33	2169
Brewster	OH	40.707	-81.598	33	2169
Dublin	PA	40.372	-75.202	33	2169
South Taft	CA	35.135	-119.456	29	2169
Spring Grove	PA	39.875	-76.866	33	2168
Saint-Côme--Linière	QC	46.067	-70.516	45	2167
Hope	IN	39.304	-85.771	16	2167
Spiro	OK	35.241	-94.620	5	2167
Poth	TX	29.070	-98.082	5	2167
Mont Vernon	NH	42.895	-71.674	33	2166
Lavonia	GA	34.436	-83.107	33	2165
Jasonville	IN	39.163	-87.199	16	2165
Lake Placid	FL	27.298	-81.371	33	2164
Elmwood Place	OH	39.187	-84.488	33	2164
Glendale	OH	41.397	-81.542	33	2164
Oakbrook Terrace	IL	41.850	-87.965	5	2164
Canadensis	PA	41.192	-75.251	33	2164
Bella Coola	BC	52.372	-126.754	46	2163
Canajoharie	NY	42.906	-74.572	33	2163
Holcomb	KS	37.986	-100.989	5	2163
Williamsport	MD	39.601	-77.821	33	2162
Beverly	TX	31.525	-97.142	5	2162
Lexington	OK	35.015	-97.336	5	2161
Weimar	TX	29.703	-96.781	5	2161
Liberty	KY	37.318	-84.939	33	2160
Green Level	NC	36.121	-79.344	33	2160
Pawnee	OK	36.338	-96.804	5	2160
Hudson Oaks	TX	32.757	-97.707	5	2160
Ontario	NY	43.221	-77.283	33	2160
Cheney	KS	37.630	-97.783	5	2159
Essex Fells	NJ	40.825	-74.285	33	2159
Ashford	AL	31.183	-85.236	5	2158
Dexter	ME	45.024	-69.290	33	2158
North Prairie	WI	42.934	-88.405	5	2158
Princeville	HI	22.218	-159.479	49	2158
Trinity	AL	34.607	-87.088	5	2157
East Missoula	MT	46.871	-113.945	9	2157
Palama	HI	21.323	-157.864	49	2157
Little Current	ON	45.979	-81.925	45	2156
Wilmerding	PA	40.391	-79.810	33	2156
Graceland Park	MD	39.281	-76.533	33	2156
Ramsay	AB	51.036	-114.043	11	2155
Lynn Canyon	BC	49.340	-123.022	46	2155
Lipscomb	AL	33.426	-86.927	5	2155
Maunabo	PR	18.007	-65.899	39	2154
Marceline	MO	39.712	-92.948	5	2154
Fremont	IN	41.731	-84.933	16	2153
Trucksville	PA	41.304	-75.932	33	2152
Kingsbury	NV	38.977	-119.907	29	2152
Willow Springs	MO	36.992	-91.970	5	2150
Pine Beach	NJ	39.936	-74.171	33	2150
De Leon	TX	32.111	-98.536	5	2150
Conway	PA	40.660	-80.239	33	2150
Lafayette Hill	PA	40.092	-75.253	33	2150
Sewall's Point	FL	27.199	-80.202	33	2149
Owings	MD	38.718	-76.601	33	2149
Churchill	OH	41.162	-80.665	33	2149
Port Stanley	ON	42.667	-81.216	45	2148
Hertford	NC	36.190	-76.466	33	2148
Causapscal	QC	48.364	-67.233	45	2147
Elm Springs	AR	36.206	-94.234	5	2147
Lyons	CO	40.225	-105.271	9	2147
Wabana	NL	47.633	-52.948	43	2146
Russell Lake	NS	44.663	-63.528	15	2146
Deenwood	GA	31.235	-82.375	33	2146
Gumlog	GA	34.492	-83.097	33	2146
Piketon	OH	39.068	-83.014	33	2146
Caledonia	NY	42.973	-77.853	33	2146
Cumberland	WI	45.532	-92.019	5	2146
Malone	FL	30.958	-85.162	5	2145
Yorktown	TX	28.981	-97.503	5	2145
Lisbon	ND	46.442	-97.681	5	2145
Ira	NY	43.221	-76.556	33	2145
Gurdon	AR	33.921	-93.154	5	2144
Ossun	LA	30.276	-92.112	5	2144
Rockwell	NC	35.551	-80.406	33	2144
Sac City	IA	42.422	-94.990	5	2144
Chester	CA	40.306	-121.232	29	2144
Koloa	HI	21.904	-159.467	49	2144
Coal Grove	OH	38.503	-82.647	33	2143
Manchester	MI	42.150	-84.038	10	2143
Vernonia	OR	45.859	-123.193	29	2143
Buna	TX	30.433	-93.962	5	2142
Pine Grove	PA	40.548	-76.385	33	2142
Saint-Quentin	NB	47.513	-67.393	32	2141
Glenwood	AR	34.327	-93.551	5	2141
Rockwell City	IA	42.395	-94.634	5	2141
Crosslake	MN	46.659	-94.114	5	2141
Rutland Park	AB	51.020	-114.136	11	2140
Huntington	TX	31.278	-94.577	5	2140
Salado	TX	30.947	-97.539	5	2140
Clinton	WI	42.558	-88.865	5	2140
La Alianza	PR	18.397	-66.602	39	2139
La Playa	PR	18.287	-67.187	39	2139
Mason	TX	30.749	-99.231	5	2139
Shiner	TX	29.429	-97.171	5	2139
Fairview-Ferndale	PA	40.780	-76.575	33	2139
Whitesboro	AL	34.163	-86.069	5	2138
Cherokee	NC	35.474	-83.315	33	2138
Memphis	TX	34.725	-100.534	5	2138
Guilford	PA	39.915	-77.601	33	2138
Pilot Butte	SK	50.480	-104.419	41	2137
Bethel Island	CA	38.015	-121.641	29	2137
Olton	TX	34.183	-102.135	5	2137
Fife Heights	WA	47.259	-122.346	29	2137
Carlisle-Rockledge	AL	34.114	-86.124	5	2137
Windermere	AB	53.436	-113.622	11	2136
Tavernier	FL	25.012	-80.515	33	2136
Wautoma	WI	44.075	-89.288	5	2136
Heritage Pines	FL	28.425	-82.621	33	2136
Sunny Brae	NB	46.104	-64.777	32	2135
Lake Hamilton	AR	34.425	-93.095	5	2135
Franklinton	NC	36.102	-78.458	33	2135
Mays Landing	NJ	39.452	-74.728	33	2135
Cleona	PA	40.337	-76.476	33	2135
Belgravia	AB	53.508	-113.533	11	2134
Spruce Pine	NC	35.915	-82.065	33	2134
Erma	NJ	38.988	-74.902	33	2134
Gassville	AR	36.283	-92.494	5	2133
Merrimac	VA	37.190	-80.426	33	2133
Eddington	ME	44.826	-68.693	33	2133
Fishkill	NY	41.536	-73.899	33	2133
Saint Croix Falls	WI	45.410	-92.640	5	2133
Kirbyville	TX	30.660	-93.893	5	2132
Dolgeville	NY	43.101	-74.773	33	2132
Riverbend	WA	47.466	-121.750	29	2132
Ct 0017	QC	45.553	-73.534	45	2131
Postville	IA	43.085	-91.568	5	2131
Geneva	NE	40.527	-97.596	5	2131
Cabool	MO	37.124	-92.101	5	2130
Waldport	OR	44.427	-124.069	29	2130
Puvirnituq	QC	60.036	-77.274	45	2129
Orleans	IN	38.662	-86.452	16	2129
Evansburg	PA	40.181	-75.429	33	2129
New Stanton	PA	40.219	-79.609	33	2129
Baden	MD	38.659	-76.778	33	2128
Granby	MO	36.919	-94.255	5	2128
Braddock	PA	40.403	-79.868	33	2128
Falmouth	KY	38.677	-84.330	33	2127
Glencoe	ON	42.750	-81.716	45	2126
Hanley Hills	MO	38.686	-90.324	5	2126
New Eagle	PA	40.208	-79.947	33	2126
Elsinore	AB	53.641	-113.497	11	2125
Point Clear	AL	30.474	-87.919	5	2125
Midway	PA	39.808	-77.003	33	2125
Westview Village	AB	53.552	-113.698	11	2124
Westworth	TX	32.757	-97.411	5	2124
Pecatonica	IL	42.314	-89.359	5	2124
Greenport West	NY	41.102	-72.372	33	2124
Métabetchouan	QC	48.367	-72.016	45	2123
Greensburg	KY	37.261	-85.499	5	2123
Shelby	MS	33.951	-90.768	5	2123
Truro	MA	41.993	-70.050	33	2123
Lincolnville	ME	44.281	-69.009	33	2123
Ida Grove	IA	42.345	-95.472	5	2122
Maple Creek	SK	49.906	-109.481	41	2121
Twillingate	NL	49.650	-54.765	43	2121
New Ellenton	SC	33.422	-81.686	33	2121
Belvedere	CA	37.873	-122.464	29	2121
Spruce Avenue	AB	53.563	-113.500	11	2120
Vincent	AL	33.385	-86.412	5	2120
Knightstown	IN	39.796	-85.526	16	2120
Fairplains	NC	36.198	-81.153	33	2120
Greenfield	TN	36.153	-88.801	5	2120
Manchester Center	VT	43.177	-73.057	33	2120
Union	OR	45.208	-117.865	29	2120
Port Barre	LA	30.560	-91.954	5	2119
Calabash	NC	33.891	-78.568	33	2119
Albany	IN	40.301	-85.242	16	2119
Fogo Island	NL	49.716	-54.170	43	2117
Simmesport	LA	30.984	-91.800	5	2117
Mountain Lake	MN	43.939	-94.930	5	2117
Tracy	MN	44.233	-95.619	5	2117
Valley	NE	41.313	-96.346	5	2117
Fort Pierre	SD	44.354	-100.374	5	2117
Onion Creek	TX	30.137	-97.784	5	2116
Connerton	FL	28.314	-82.475	33	2116
Ferme-Neuve	QC	46.700	-75.449	45	2115
Cetronia	PA	40.587	-75.530	33	2115
Lake View	AL	33.281	-87.138	5	2114
Vineyard Haven	MA	41.454	-70.601	33	2114
Angola	NY	42.638	-79.028	33	2114
Hillen	MD	39.342	-76.590	33	2114
Cambridge	IL	41.304	-90.193	5	2113
Auburn	MI	43.603	-84.070	10	2113
Madison	NH	43.899	-71.148	33	2113
Redgranite	WI	44.042	-89.098	5	2113
Pearson	GA	31.298	-82.852	33	2112
Millers Creek	NC	36.189	-81.238	33	2112
Rosemount	OH	38.786	-82.979	33	2112
Cedar Grove	WI	43.570	-87.823	5	2112
Helper	UT	39.684	-110.855	9	2112
Gold Bar	WA	47.857	-121.697	29	2112
Jefferson	MD	39.362	-77.532	33	2111
Mountain Lake Park	MD	39.398	-79.382	33	2111
Victory Lakes	NJ	39.633	-74.966	33	2111
Rutland	MA	42.370	-71.948	33	2111
Kohler	WI	43.739	-87.782	5	2110
Firing Range	GA	33.438	-82.691	33	2110
North Park	SK	52.147	-106.645	41	2108
Pegram	TN	36.101	-87.051	5	2108
Brownlee Park	MI	42.319	-85.142	10	2108
Canterbury	NH	43.337	-71.565	33	2108
East McKeesport	PA	40.383	-79.806	33	2108
Erath	LA	29.958	-92.036	5	2107
Combine	TX	32.588	-96.509	5	2107
Harrison	MI	44.019	-84.799	10	2107
Milford	NE	40.774	-97.051	5	2107
Monson Center	MA	42.099	-72.305	33	2107
Atlantis	FL	26.591	-80.101	33	2106
Eupora	MS	33.541	-89.267	5	2106
White Island Shores	MA	41.800	-70.635	33	2106
Willamina	OR	45.079	-123.486	29	2106
Bruce Park	MB	49.877	-97.217	48	2105
Weweantic	MA	41.735	-70.732	33	2105
Brenas	PR	18.467	-66.341	39	2104
Ogden	KS	39.111	-96.706	5	2104
Lakeview	CA	33.839	-117.118	29	2104
Cumberland	KY	36.978	-82.989	33	2103
Jenkins	KY	37.173	-82.631	33	2103
Steele	MO	36.084	-89.829	5	2103
Lagrange	OH	41.237	-82.120	33	2103
Mulino	OR	45.222	-122.582	29	2103
Eudora	AR	33.110	-91.262	5	2102
Goldsby	OK	35.141	-97.477	5	2102
Willow	AK	61.747	-150.037	0	2102
Whitney	TX	31.952	-97.321	5	2101
Northfield	VT	44.151	-72.656	33	2101
Beechville	NS	44.636	-63.682	15	2100
Versailles	IN	39.072	-85.252	16	2100
Warsaw	MO	38.243	-93.382	5	2100
Hunter	OH	39.493	-84.290	33	2100
Perry	MI	42.826	-84.219	10	2100
North Plains	OR	45.597	-122.993	29	2100
Holiday Heights	NJ	39.946	-74.254	33	2099
Glasco	NY	42.044	-73.947	33	2099
Hughesville	PA	41.241	-76.724	33	2099
Kingston	WA	47.798	-122.498	29	2099
Inez	TX	28.904	-96.788	5	2098
Hart	MI	43.698	-86.364	10	2098
Chinchilla	PA	41.475	-75.677	33	2098
Medinah	IL	41.981	-88.051	5	2097
Canaan	ME	44.762	-69.561	33	2097
Sparrow Bush	NY	41.400	-74.723	33	2097
Graysville	AL	33.621	-86.971	5	2096
New Haven	MO	38.608	-91.219	5	2096
Holly Ridge	NC	34.495	-77.555	33	2096
Preston	TX	33.882	-96.633	5	2096
Newburgh Heights	OH	41.450	-81.663	33	2096
Jermyn	PA	41.531	-75.545	33	2096
Magrath	AB	49.417	-112.869	11	2095
Belleair Bluffs	FL	27.921	-82.817	33	2095
Pink	OK	35.261	-97.120	5	2095
Ganado	TX	29.041	-96.514	5	2095
Veedersburg	IN	40.113	-87.263	16	2095
Vista Center	NJ	40.159	-74.318	33	2095
Lima	NY	42.905	-77.611	33	2095
McDonald	PA	40.371	-80.235	33	2095
Saint Hedwig	TX	29.414	-98.200	5	2094
Shelburne	MA	42.590	-72.688	33	2094
Dryden	NY	42.491	-76.297	33	2094
Halstead	KS	38.001	-97.509	5	2093
Stonewall	LA	32.282	-93.824	5	2093
Hale Center	TX	34.064	-101.844	5	2093
Aberdeen Proving Ground	MD	39.467	-76.131	33	2093
Horseshoe Bend	AR	36.229	-91.764	5	2092
Hurlock	MD	38.624	-75.854	33	2092
Chouteau	OK	36.186	-95.343	5	2092
Maple Lake	MN	45.229	-94.002	5	2092
Clifton Springs	NY	42.962	-77.140	33	2092
Kure Beach	NC	33.997	-77.907	33	2091
Port Allegany	PA	41.811	-78.280	33	2091
Pemberton Heights	BC	49.331	-123.108	46	2090
Cloverdale	IN	39.515	-86.794	16	2090
Hopwood	PA	39.877	-79.702	33	2090
Rankin	PA	40.413	-79.879	33	2090
San Ysidro	NM	32.351	-106.811	9	2090
Elmwood	IL	40.778	-89.966	5	2089
Whitehouse Station	NJ	40.615	-74.770	33	2089
Brewster Hill	NY	41.424	-73.604	33	2089
Bolindale	OH	41.207	-80.778	33	2089
Saint Paris	OH	40.128	-83.960	33	2089
Woodstock	NY	42.041	-74.118	33	2088
Avonmore	AB	53.509	-113.452	11	2087
Sea Isle City	NJ	39.153	-74.693	33	2087
Arcanum	OH	39.990	-84.553	33	2087
Detroit Beach	MI	41.931	-83.327	10	2087
Navajo	NM	36.946	-107.063	9	2087
Council Grove	KS	38.661	-96.492	5	2086
Morningside	MD	38.830	-76.891	33	2086
Snow Hill	MD	38.177	-75.393	33	2086
Gladstone	NJ	40.723	-74.665	33	2086
Peapack	NJ	40.717	-74.657	33	2086
Southwest Greensburg	PA	40.291	-79.547	33	2086
Pardeeville	WI	43.538	-89.300	5	2086
Spirit Lake	ID	47.966	-116.869	29	2086
Aviston	IL	38.607	-89.608	5	2084
Saint George	SC	33.186	-80.576	33	2084
Eureka Springs	AR	36.401	-93.738	5	2083
Kountze	TX	30.372	-94.312	5	2083
Bath	MI	42.819	-84.449	10	2083
Woodville	OH	41.451	-83.366	33	2083
Easton	CA	36.650	-119.791	29	2083
Provost	AB	52.350	-110.268	11	2082
Houston	MO	37.326	-91.956	5	2082
Meyersdale	PA	39.814	-79.025	33	2082
Atlantic Mine	MI	47.097	-88.628	10	2082
Parma	ID	43.785	-116.943	3	2082
Stanfield	OR	45.780	-119.217	29	2082
Ludowici	GA	31.708	-81.742	33	2081
South Pottstown	PA	40.240	-75.651	33	2081
Springdale	NL	49.500	-56.065	43	2080
Caney	KS	37.011	-95.935	5	2080
Breckinridge Center	KY	37.683	-87.863	5	2080
Leeds	ME	44.303	-70.120	33	2080
Falconer Heights	AB	53.467	-113.590	11	2079
Shepherdstown	WV	39.430	-77.804	33	2079
Hickman	NE	40.620	-96.629	5	2079
Taylorsville	NC	35.922	-81.176	33	2078
Belcourt	ND	48.839	-99.745	5	2078
Bellport	NY	40.757	-72.939	33	2078
Strait Shores	NB	46.090	-64.076	32	2077
Mannington	WV	39.531	-80.343	33	2077
Bowmansville	PA	40.197	-76.017	33	2077
Drexel	OH	39.746	-84.287	33	2076
Heritage Pointe	AB	50.842	-114.005	11	2075
King George	SK	52.118	-106.686	41	2075
Elk Point	SD	42.683	-96.684	5	2075
Jones Creek	TX	28.969	-95.455	5	2074
Ely	IA	41.874	-91.585	5	2074
Lyman	WY	41.327	-110.293	9	2074
Twin Lakes	FL	26.181	-80.160	33	2073
Waverly	VA	37.036	-77.095	33	2073
Roanoke	IL	40.796	-89.197	5	2073
Stratford	TX	36.336	-102.072	5	2073
Bowdon	GA	33.538	-85.253	33	2072
Carrington	ND	47.450	-99.126	5	2072
Bayou Gauche	LA	29.787	-90.413	5	2071
Bridgton	ME	44.055	-70.713	33	2071
Alstead	NH	43.149	-72.361	33	2071
Valley Hill	NC	35.298	-82.483	33	2070
Concord	WI	43.069	-88.599	5	2070
Saltair	BC	48.950	-123.769	46	2069
Belzoni	MS	33.184	-90.489	5	2069
Leechburg	PA	40.627	-79.606	33	2069
Monticello	UT	37.871	-109.343	9	2069
Kellogg	ID	47.538	-116.119	29	2069
Biggar	SK	52.060	-107.988	41	2068
Cacao	PR	18.437	-66.937	39	2068
McColl	SC	34.669	-79.545	33	2068
Springfield	MN	44.239	-94.976	5	2068
Winter Beach	FL	27.719	-80.421	33	2067
Varnville	SC	32.850	-81.079	33	2067
Abram	TX	26.200	-98.411	5	2067
West Branch	MI	44.276	-84.239	10	2067
Carlton	OR	45.294	-123.176	29	2067
Ucluelet	BC	48.942	-125.546	46	2066
Prairie Creek	AR	36.342	-94.062	5	2066
Trenton	FL	29.613	-82.818	33	2066
Ellinwood	KS	38.356	-98.581	5	2066
Cape Carteret	NC	34.692	-77.063	33	2066
Prince George	VA	37.220	-77.288	33	2066
Windsor	VT	43.480	-72.385	33	2066
Fritch	TX	35.640	-101.603	5	2066
West Carthage	NY	43.974	-75.615	33	2065
Chambery	AB	53.642	-113.511	11	2064
Ellis	KS	38.938	-99.561	5	2064
Pineridge	SC	33.910	-81.105	33	2064
West Wareham	MA	41.790	-70.760	33	2064
Constantine	MI	41.841	-85.669	10	2064
Masury	OH	41.211	-80.538	33	2064
Robesonia	PA	40.352	-76.134	33	2064
Crestwood	AB	53.533	-113.567	11	2063
Lumby	BC	50.250	-118.969	46	2063
Pouch Cove	NL	47.767	-52.765	43	2063
Walden	TN	35.165	-85.301	33	2063
Oakwood Hills	IL	42.246	-88.243	5	2063
Columbus Grove	OH	40.919	-84.057	33	2063
Piru	CA	34.415	-118.794	29	2063
Edwards Air Force Base	CA	34.916	-117.935	29	2063
Topton	PA	40.503	-75.701	33	2062
McCamey	TX	31.136	-102.224	5	2062
Baker Lake	NU	64.320	-96.021	40	2061
Ord	NE	41.603	-98.926	5	2061
Reynolds Heights	PA	41.345	-80.394	33	2061
Walnutport	PA	40.754	-75.599	33	2061
Plainview	TN	36.177	-83.795	33	2061
Golden Meadow	LA	29.379	-90.260	5	2060
Chevy Chase Village	MD	38.969	-77.079	33	2060
Ludlow	PA	39.972	-75.146	33	2060
Lake Mills	IA	43.419	-93.533	5	2060
Rutland	WI	42.879	-89.350	5	2060
Fairdale	PA	39.887	-79.968	33	2059
Lexington	IL	40.641	-88.783	5	2059
East Pepperell	MA	42.665	-71.573	33	2059
Summerlea	AB	53.525	-113.622	11	2058
Ct 0028	QC	45.545	-73.548	45	2058
Hinckley	IL	41.769	-88.641	5	2058
Miranda	PR	18.387	-66.384	39	2057
East Helena	MT	46.590	-111.916	9	2057
Burley	WA	47.418	-122.631	29	2057
Holderness	NH	43.732	-71.588	33	2056
Iona	ID	43.526	-111.933	3	2056
Imperial	NE	40.517	-101.643	9	2056
Canora	SK	51.633	-102.434	41	2055
Palmer	TX	32.431	-96.668	5	2055
Cuba City	WI	42.606	-90.430	5	2055
Washburn	WI	46.673	-90.895	5	2055
Saint Charles	MI	43.297	-84.141	10	2054
South Greensburg	PA	40.278	-79.545	33	2054
Shad Bay	NS	44.523	-63.787	15	2053
Minonk	IL	40.904	-89.035	5	2053
Lapel	IN	40.068	-85.848	16	2053
Aitkin	MN	46.533	-93.710	5	2053
Slayton	MN	43.988	-95.756	5	2053
Lorenz Park	NY	42.264	-73.768	33	2053
Kamas	UT	40.643	-111.281	9	2053
Toftrees	PA	40.826	-77.881	33	2053
Freeport	FL	30.498	-86.136	5	2052
Kershaw	SC	34.552	-80.584	33	2052
Centerburg	OH	40.305	-82.696	33	2052
La Salle	CO	40.349	-104.702	9	2052
Lame Deer	MT	45.623	-106.667	9	2052
Augusta	AR	35.282	-91.365	5	2051
Wrens	GA	33.208	-82.392	33	2051
Colfax	IA	41.678	-93.245	5	2051
Lee	MA	42.304	-73.248	33	2051
Sandy Valley	NV	35.817	-115.632	29	2051
Fundy Shores	NB	45.167	-66.392	32	2050
Demorest	GA	34.565	-83.545	33	2050
Four Oaks	NC	35.445	-78.427	33	2050
Judson	SC	34.833	-82.428	33	2050
Malad City	ID	42.192	-112.251	3	2050
Igloolik	NU	69.378	-81.800	25	2049
St. Anthony	NL	51.370	-55.597	43	2049
Fulton	MD	39.151	-76.923	33	2049
Lathrop	MO	39.548	-94.330	5	2049
Burns Flat	OK	35.349	-99.170	5	2049
Woodland Beach	MI	41.940	-83.313	10	2049
Lexington	MN	45.142	-93.163	5	2049
East Atlantic Beach	NY	40.790	-73.747	33	2049
Limoges	ON	45.333	-75.249	45	2048
Saint Andrews	NB	45.074	-67.053	32	2048
Charleston	MS	34.007	-90.057	5	2048
Manchester	OH	40.937	-81.569	33	2048
Ninety Six	SC	34.175	-82.024	33	2048
Jefferson	TX	32.757	-94.345	5	2048
Lake Summerset	IL	42.454	-89.390	5	2048
Cardington	OH	40.501	-82.894	33	2047
Golden Shores	AZ	34.782	-114.478	38	2047
Yale Heights	MD	39.276	-76.691	33	2046
Castlewood	VA	36.890	-82.280	33	2045
Oakley	KS	39.133	-100.864	5	2045
Lincoln Beach	OR	44.850	-124.047	29	2045
Freeland	WA	48.010	-122.526	29	2045
New-Wes-Valley	NL	49.150	-53.565	43	2044
Thorsby	AL	32.916	-86.716	5	2044
Estill Springs	TN	35.271	-86.128	5	2044
Saint Bonaventure	NY	42.080	-78.475	33	2044
Mandeville	QC	46.367	-73.349	45	2043
Ferrum	VA	36.923	-80.013	33	2043
Galesburg	MI	42.289	-85.418	10	2043
Sussex	NJ	41.210	-74.608	33	2043
Ridgetop	TN	36.395	-86.779	5	2042
Mount Jackson	VA	38.746	-78.642	33	2042
Elkhart	KS	37.008	-101.890	5	2042
Hamlin	TX	32.885	-100.126	5	2042
Columbus	MT	45.637	-109.252	9	2042
Ogden	IA	42.039	-94.028	5	2041
Wapello	IA	41.181	-91.185	5	2041
Augusta	NY	42.975	-75.501	33	2041
San Pasqual	CA	33.092	-116.954	29	2041
King East	ON	43.444	-80.473	45	2040
Bradley	WV	37.865	-81.194	33	2040
Boonville	NY	43.484	-75.337	33	2040
Brockway	PA	41.249	-78.799	33	2040
Morrisville	VT	44.562	-72.598	33	2040
Belmont	MS	34.510	-88.209	5	2039
Howard Lake	MN	45.061	-94.073	5	2039
Browns Lake	WI	42.693	-88.231	5	2039
Old Saybrook Center	CT	41.291	-72.372	33	2039
Liberty	IN	39.636	-84.931	16	2038
Rolling Fork	MS	32.907	-90.878	5	2038
Kalkaska	MI	44.734	-85.176	10	2038
Kearny	AZ	33.057	-110.911	38	2038
Playa Fortuna	PR	18.380	-65.745	39	2037
Carbon Cliff	IL	41.495	-90.391	5	2037
Waterford	NY	42.793	-73.681	33	2037
Mount Holly Springs	PA	40.118	-77.190	33	2037
Shorewood Hills	WI	43.078	-89.446	5	2037
Los Molinos	CA	40.021	-122.100	29	2037
Walker	AB	53.418	-113.430	11	2036
Laurel Hollow	NY	40.857	-73.470	33	2036
Ocean View	DE	38.545	-75.089	33	2035
Saint Pauls	NC	34.807	-78.971	33	2035
Lone Pine	CA	36.606	-118.065	29	2035
Seneca	KS	39.834	-96.064	5	2034
Beverly Hills	TX	31.522	-97.154	5	2033
Jonestown	TX	30.495	-97.923	5	2033
Dolan Springs	AZ	35.592	-114.273	38	2033
Eyota	MN	43.988	-92.228	5	2032
Churchville	NY	43.104	-77.884	33	2032
Leipsic	OH	41.098	-83.985	33	2032
Sainte-Anne-de-la-Pérade	QC	46.583	-72.199	45	2031
Gandy	FL	27.869	-82.616	33	2031
Wadley	GA	32.867	-82.404	33	2031
Fruitland	NC	35.397	-82.393	33	2031
Granite	OK	34.962	-99.381	5	2031
Glen Rock	PA	39.793	-76.730	33	2031
Saltville	VA	36.882	-81.762	33	2031
Palmyra	ME	44.846	-69.359	33	2031
Lynnwood-Pricedale	PA	40.131	-79.851	33	2031
Dovercourt	AB	53.574	-113.559	11	2030
Stirling	ON	44.300	-77.549	45	2030
Zion	PA	40.914	-77.685	33	2030
Bristol	VT	44.133	-73.079	33	2030
North York	PA	39.978	-76.733	33	2029
Trail Creek	IN	41.698	-86.859	5	2029
Lake Odessa	MI	42.785	-85.138	10	2029
Cordova	AL	33.760	-87.183	5	2028
Baldwinville	MA	42.608	-72.076	33	2028
Connaught Heights	BC	49.200	-122.950	46	2027
Montague	PE	46.167	-62.649	15	2027
Comunas	PR	18.087	-65.844	39	2027
Judsonia	AR	35.270	-91.640	5	2027
Girard	IL	39.446	-89.781	5	2027
Jamestown	OH	39.658	-83.735	33	2027
Kualapu‘u	HI	21.153	-157.037	49	2027
Buena Vista	PR	17.996	-66.052	39	2026
Buckland	MA	42.592	-72.792	33	2026
Bow Island	AB	49.867	-111.368	11	2025
Linden	AL	32.306	-87.798	5	2025
Haverhill	FL	26.691	-80.120	33	2025
Gila Bend	AZ	32.948	-112.717	38	2025
Seth Ward	TX	34.212	-101.690	5	2025
Berkeley Lake	GA	33.984	-84.187	33	2024
Kahoka	MO	40.420	-91.720	5	2024
West Rutland	VT	43.593	-73.045	33	2024
North Glenora	AB	53.554	-113.558	11	2023
Level Plains	AL	31.300	-85.778	5	2023
Albion	ME	44.532	-69.443	33	2023
Westport	WA	46.890	-124.104	29	2023
Tantalus	HI	21.309	-157.828	49	2023
Lithonia	GA	33.712	-84.105	33	2022
Ridgeway	AK	60.532	-151.085	0	2022
Beech Mountain Lakes	PA	41.042	-75.935	33	2022
Franquez	PR	18.340	-66.428	39	2021
Saint Matthews	SC	33.665	-80.778	33	2021
Bethlehem Village	CT	41.640	-73.203	33	2021
Shawnee Slopes	AB	50.926	-114.083	11	2020
Wishingwell Park	NL	47.561	-52.734	43	2020
Navesink	NJ	40.400	-74.035	33	2020
Canon Ridge	AB	53.579	-113.379	11	2019
Berlin	PA	39.921	-78.958	33	2019
Shavertown	PA	41.320	-75.938	33	2019
Westwood	CA	34.056	-118.431	29	2019
Kealakekua	HI	19.521	-155.923	49	2019
Manitou Beach-Devils Lake	MI	41.976	-84.286	10	2019
Cross Lake 19A	MB	54.651	-97.768	48	2018
Lake Lotawana	MO	38.923	-94.244	5	2018
Gouldsboro	ME	44.478	-68.038	33	2018
Burnham	PA	40.639	-77.569	33	2018
Boquerón	PR	18.027	-67.169	39	2017
Hartshorne	OK	34.845	-95.557	5	2017
Audubon	IA	41.718	-94.932	5	2017
Kensington	NH	42.927	-70.944	33	2016
Benton	LA	32.695	-93.742	5	2015
North Beach	MD	38.707	-76.531	33	2014
Albany	TX	32.723	-99.297	5	2014
Star City	WV	39.658	-79.986	33	2014
Ct 0018	QC	45.552	-73.536	45	2013
Mount Olive	IL	39.072	-89.727	5	2013
Hudson	AB	53.606	-113.551	11	2012
Albany	KY	36.691	-85.135	5	2012
Prophetstown	IL	41.671	-89.936	5	2012
Valley View	OH	41.388	-81.605	33	2012
Saint-Esprit	QC	45.900	-73.666	45	2011
Nisswa	MN	46.521	-94.289	5	2011
Seneca Knolls	NY	43.120	-76.286	33	2011
Shrub Oak	NY	41.328	-73.820	33	2011
Baker	MT	46.367	-104.285	9	2011
Carlisle	KY	38.312	-84.027	33	2010
Ocean Gate	NJ	39.927	-74.134	33	2010
Delton	AB	53.578	-113.482	11	2009
San Augustine	TX	31.530	-94.106	5	2009
Sumner	IA	42.847	-92.092	5	2009
Midway	GA	31.806	-81.431	33	2007
Sparks	GA	31.167	-83.437	33	2007
Rural Hill	TN	36.114	-86.520	5	2007
Catlin	IL	40.065	-87.702	5	2007
East Berwick	PA	41.062	-76.222	33	2007
Whitesburg	KY	37.118	-82.827	33	2006
Tchula	MS	33.183	-90.223	5	2006
Clyde	NY	43.084	-76.869	33	2006
Gladmer Park	SK	50.436	-104.602	41	2005
Lluveras	PR	18.038	-66.905	39	2005
Naranjito	PR	18.301	-66.245	39	2005
Neuse Forest	NC	34.964	-76.945	33	2005
Sigourney	IA	41.333	-92.205	5	2005
Lower Pearl City	HI	21.403	-157.958	49	2005
Riverdale	AB	53.544	-113.470	11	2004
Ramos	PR	18.340	-65.713	39	2004
Hillsboro Beach	FL	26.294	-80.079	33	2004
Yanceyville	NC	36.404	-79.336	33	2004
Farmer City	IL	40.243	-88.643	5	2004
Hoyt Lakes	MN	47.520	-92.139	5	2004
Huntington	UT	39.327	-110.965	9	2004
Sharpsburg	NC	35.867	-77.829	33	2003
Minneapolis	KS	39.122	-97.707	5	2002
Hampton Falls	NH	42.916	-70.864	33	2002
Leavenworth	WA	47.596	-120.661	29	2002
Digby	NS	44.622	-65.759	15	2001
Big Eddy	BC	51.000	-118.217	46	2000
Cambrian Heights	AB	51.086	-114.090	11	2000
Chute-aux-Outardes	QC	49.117	-68.399	45	2000
Wakefield	QC	45.667	-75.833	45	2000
Fossambault-sur-le-Lac	QC	46.877	-71.615	45	2000
Clovelly Trails	NL	47.616	-52.710	43	2000
Plateau	AL	30.736	-88.061	5	2000
Seaside	FL	30.321	-86.142	5	2000
Hildebran	NC	35.714	-81.422	33	2000
Brewster	MA	41.760	-70.083	33	2000
Culp Creek	OR	43.703	-122.848	29	2000
Parkway Garden Homes	IL	41.778	-87.617	5	2000
Coeburn	VA	36.944	-82.464	33	1999
Coleraine	MN	47.289	-93.428	5	1999
South Roxana	IL	38.829	-90.063	5	1997
Deering	NH	43.073	-71.845	33	1997
Painted Post	NY	42.162	-77.094	33	1997
Wiarton	ON	44.742	-81.140	45	1996
Miramichi River Valley	NB	46.615	-65.902	32	1996
Kechi	KS	37.796	-97.279	5	1996
Baraga	MI	46.779	-88.489	10	1996
Hooker	OK	36.860	-101.213	5	1996
Wewahitchka	FL	30.113	-85.200	5	1995
Spring City	TN	35.692	-84.861	33	1995
Northwood	IA	43.444	-93.221	5	1995
Colfax	CA	39.101	-120.953	29	1995
Mattawa	ON	46.317	-78.700	45	1993
Steeleville	IL	38.007	-89.658	5	1993
Blooming Prairie	MN	43.867	-93.051	5	1993
Syracuse	NE	40.657	-96.186	5	1993
Fall City	WA	47.567	-121.889	29	1993
Johnston Square	MD	39.303	-76.606	33	1993
Gregory	TX	27.922	-97.290	5	1992
Stevenson	AL	34.869	-85.839	5	1991
Doniphan	MO	36.621	-90.823	5	1991
Princeville	NC	35.890	-77.532	33	1991
North Fork Village	OH	39.336	-83.029	33	1991
Dover	PA	40.002	-76.850	33	1991
Brookdale	CA	37.106	-122.106	29	1991
Guilford	MD	39.335	-76.618	33	1990
Sheldon	TX	29.868	-95.128	5	1990
Red Hook	NY	41.995	-73.875	33	1990
Brundidge	AL	31.720	-85.816	5	1989
South Zanesville	OH	39.899	-82.006	33	1989
Shamrock	TX	35.214	-100.249	5	1989
Cowarts	AL	31.200	-85.305	5	1988
Medicine Lodge	KS	37.281	-98.580	5	1988
Waurika	OK	34.167	-97.998	5	1988
Trexlertown	PA	40.548	-75.606	33	1988
Union	MS	32.572	-89.121	5	1987
Glenmoor	OH	40.666	-80.623	33	1987
Neebing	ON	48.167	-89.417	45	1986
Kedgwick	NB	47.645	-67.343	32	1986
Davisboro	GA	32.979	-82.608	33	1986
Elsberry	MO	39.167	-90.781	5	1986
Goliad	TX	28.668	-97.388	5	1986
Kemah	TX	29.543	-95.020	5	1986
Arcade	NY	42.534	-78.423	33	1986
Flora	IN	40.547	-86.524	16	1985
Rainier	WA	46.888	-122.688	29	1985
Turner	OR	44.843	-122.953	29	1984
Schuylkill	PA	39.942	-75.187	33	1983
Ashland	AL	33.274	-85.836	5	1983
Anderson	MO	36.651	-94.444	5	1982
Edgerton	OH	41.449	-84.748	33	1982
Badin	NC	35.406	-80.117	33	1981
Ronan	MT	47.529	-114.102	9	1981
100 Mile House	BC	51.650	-121.286	46	1980
Strathcona Park	AB	51.047	-114.175	11	1980
Wilsonville	AL	33.234	-86.484	5	1980
Long Neck	DE	38.620	-75.151	33	1980
Cecilia	LA	30.337	-91.853	5	1980
Haymarket	VA	38.812	-77.636	33	1980
Richwood	WV	38.225	-80.533	33	1980
El Mangó	PR	18.234	-65.880	39	1979
Mangonia Park	FL	26.760	-80.074	33	1979
Haskell	OK	35.820	-95.674	5	1979
Linden	TX	33.012	-94.365	5	1979
Laymantown	VA	37.366	-79.858	33	1979
West Hamburg	PA	40.548	-76.002	33	1979
Gambo	NL	48.783	-54.215	43	1978
Lancaster Mill	SC	34.709	-80.795	33	1978
Port Morris	NY	40.801	-73.910	33	1978
Campbellsport	WI	43.598	-88.279	5	1978
Piedmont	MO	37.154	-90.696	5	1977
Scottsville	NY	43.026	-77.745	33	1977
Commodore Park	NS	44.680	-63.531	15	1976
Beresford	SD	43.081	-96.774	5	1976
Hillsborough	NH	43.114	-71.899	33	1976
Carbon Hill	AL	33.892	-87.526	5	1975
Harlem Heights	FL	26.516	-81.928	33	1975
New Chicago	IN	41.558	-87.274	5	1975
Congress	AZ	34.163	-112.851	38	1975
Randolph	VT	43.925	-72.666	33	1974
Eagle	WI	42.879	-88.474	5	1974
Mayfield	AB	53.554	-113.599	11	1973
Collinsville	AL	34.264	-85.861	5	1973
Florala	AL	31.005	-86.328	5	1973
Krebs	OK	34.928	-95.716	5	1973
Welch	WV	37.433	-81.585	33	1973
Britt	IA	43.098	-93.802	5	1973
Leavittsburg	OH	41.248	-80.877	33	1973
Vinton	TX	31.951	-106.602	9	1973
Fort Qu'Appelle	SK	50.767	-103.801	41	1972
Tawa	AB	53.461	-113.424	11	1972
Slocomb	AL	31.108	-85.594	5	1972
Jean Lafitte	LA	29.736	-90.127	5	1972
Zwolle	LA	31.632	-93.644	5	1972
Afton	WY	42.725	-110.932	9	1972
Three Rivers	TX	28.460	-98.183	5	1971
Broening Manor	MD	39.274	-76.538	33	1971
Paper Mill Lake	NS	44.710	-63.680	15	1970
Butcher's Hill	MD	39.290	-76.588	33	1970
Leonard	TX	33.380	-96.247	5	1970
Farmingdale	ME	44.245	-69.771	33	1970
Millville	UT	41.682	-111.823	9	1970
Meadowbrook	BC	49.267	-122.783	46	1969
Sea Breeze	NC	34.063	-77.891	33	1969
Chelsea	OK	36.536	-95.432	5	1969
Lac du Flambeau	WI	45.970	-89.892	5	1969
Mount Sterling	IL	39.987	-90.763	5	1968
Seymour	MO	37.146	-92.769	5	1967
Hollis	OK	34.688	-99.912	5	1967
Kouts	IN	41.317	-87.026	5	1967
Newtown	CT	41.414	-73.303	33	1967
Matagami	QC	49.763	-77.627	45	1966
Caplan	QC	48.103	-65.684	45	1966
Troup	TX	32.145	-95.121	5	1966
East Washington	PA	40.174	-80.238	33	1966
Handsworth	BC	49.355	-123.104	46	1965
Scotland Neck	NC	36.130	-77.420	33	1965
Wabush	NL	52.900	-66.865	14	1964
Glenayre	BC	49.274	-122.876	46	1964
Calhoun Falls	SC	34.092	-82.596	33	1964
Cold Spring	NY	41.420	-73.955	33	1964
Thornton	NH	43.893	-71.676	33	1963
Pine	AZ	34.384	-111.455	38	1963
Malta	MT	48.360	-107.874	9	1963
Allyn	WA	47.386	-122.828	29	1963
Bylas	AZ	33.134	-110.120	38	1962
Beaver Dam	AZ	36.899	-113.933	38	1962
Plain View	NC	35.248	-78.555	33	1961
San Juan Bautista	CA	36.846	-121.538	29	1961
Victor	ID	43.603	-111.111	3	1961
St. Jacobs	ON	43.532	-80.557	45	1960
Dora	AL	33.729	-87.090	5	1960
Parkersburg	IA	42.577	-92.787	5	1960
Moscow	PA	41.337	-75.519	33	1960
Sainte-Madeleine	QC	45.600	-73.099	45	1959
Johnson City	TX	30.277	-98.412	5	1959
Little River-Academy	TX	30.986	-97.359	5	1959
Fisher	IL	40.315	-88.350	5	1959
Indian River	MI	45.413	-84.613	10	1959
Ten Mile Run	NJ	40.413	-74.602	33	1959
Townsend	MT	46.319	-111.521	9	1959
Fords Prairie	WA	46.735	-122.989	29	1959
Rosemont East	MD	39.356	-76.538	33	1959
Warson Woods	MO	38.607	-90.383	5	1958
Phoenix	IL	41.611	-87.635	5	1958
Jonestown	PA	40.414	-76.478	33	1958
Columbia City	OR	45.890	-122.807	29	1958
Newaygo	MI	43.420	-85.800	10	1957
Gordon	GA	32.882	-83.332	33	1956
Clayton	NY	44.239	-76.086	33	1956
Bodfish	CA	35.588	-118.492	29	1956
Bear Creek	AK	60.164	-149.395	0	1956
Gellatly	BC	49.817	-119.617	46	1955
Creola	AL	30.892	-88.040	5	1955
Itta Bena	MS	33.495	-90.320	5	1955
Gate City	VA	36.638	-82.581	33	1955
Epworth	IA	42.445	-90.932	5	1955
Englishtown	NJ	40.297	-74.358	33	1955
Petit-Rocher	NB	47.783	-65.717	32	1954
Bellevue	IL	40.684	-89.680	5	1954
Lindley	NY	42.028	-77.140	33	1954
Springerville	AZ	34.134	-109.288	38	1954
North Eagle Butte	SD	45.004	-101.234	9	1954
Dominion	NS	46.217	-60.015	13	1953
Cottonport	LA	30.984	-92.053	5	1953
Arden on the Severn	MD	39.066	-76.579	33	1953
Nettleton	MS	34.089	-88.622	5	1953
Springfield	SD	42.854	-97.897	5	1953
Olga	FL	26.719	-81.712	33	1952
Orchard Hills	PA	40.586	-79.531	33	1952
Custer	SD	43.767	-103.599	9	1952
New Athens	IL	38.326	-89.877	5	1951
Bernie	MO	36.669	-89.969	5	1951
Jacksboro	TN	36.330	-84.184	33	1951
Oxford House	MB	54.949	-95.266	48	1950
Avery Creek	NC	35.463	-82.583	33	1950
Estill	SC	32.755	-81.242	33	1950
Mineral Wells	WV	39.178	-81.512	33	1950
Deer Isle	ME	44.224	-68.678	33	1950
Roberts Creek	BC	49.424	-123.648	46	1949
Las Ollas	PR	18.014	-66.421	39	1949
Taft Heights	CA	35.135	-119.473	29	1949
Glovertown	NL	48.683	-54.031	43	1948
Collinsville	MS	32.498	-88.846	5	1948
Rockdale	IL	41.506	-88.115	5	1948
West Glendive	MT	47.111	-104.750	9	1948
Skyrattler	AB	53.451	-113.524	11	1947
Pennville	PA	39.790	-76.998	33	1947
Jamestown	TN	36.428	-84.932	5	1947
Mattawan	MI	42.209	-85.784	10	1947
Sabana	PR	18.461	-66.359	39	1946
Redstone Arsenal	AL	34.684	-86.648	5	1946
Crystal Lake	CT	41.932	-72.378	33	1945
Phelps	NY	42.958	-77.057	33	1945
East Bronson	FL	29.459	-82.590	33	1945
North Granby	CT	41.996	-72.830	33	1944
Clarendon	TX	34.938	-100.888	5	1944
Lake Walker	MD	39.370	-76.604	33	1944
University Heights Urban Centre	SK	52.151	-106.575	41	1943
Kaanapali Landing	HI	20.931	-156.688	49	1943
Chapleau	ON	47.841	-83.403	45	1942
Pelican Narrows	SK	55.167	-102.934	41	1942
Union City	OK	35.392	-97.941	5	1942
Spangler	PA	40.643	-78.773	33	1942
Laurium	MI	47.237	-88.443	10	1941
River Heights	UT	41.722	-111.821	9	1941
Vallée-Jonction	QC	46.374	-70.919	45	1940
Stephens City	VA	39.083	-78.218	33	1940
West End	NY	42.469	-75.094	33	1940
Cacouna	QC	47.917	-69.501	45	1939
Guilford Siding	PA	39.865	-77.612	33	1939
West Hurley	NY	41.997	-74.105	33	1939
Athens	IL	39.961	-89.724	5	1938
Durham	OR	45.402	-122.753	29	1938
Van Buren	ME	47.157	-67.935	33	1937
Belville	NC	34.230	-77.989	33	1936
Mercer	PA	41.227	-80.240	33	1936
Horseshoe Bay	BC	49.374	-123.275	46	1935
South Connellsville	PA	39.997	-79.586	33	1935
Saint-Élie-de-Caxton	QC	46.483	-72.966	45	1934
Morris	AL	33.748	-86.809	5	1934
Hill 'n Dale	FL	28.520	-82.299	33	1934
Lake Dunlap	TX	29.676	-98.072	5	1934
Lovettsville	VA	39.273	-77.637	33	1934
L'Anse	MI	46.757	-88.453	10	1934
Emporium	PA	41.511	-78.235	33	1934
North Warren	PA	41.874	-79.152	33	1934
Collierville	CA	38.215	-121.269	29	1934
Banks	OR	45.619	-123.114	29	1934
Bull Shoals	AR	36.384	-92.582	5	1933
Alorton	IL	38.590	-90.120	5	1933
Brooklawn	NJ	39.878	-75.121	33	1933
Belington	WV	39.025	-79.936	33	1933
Albion	IL	38.378	-88.056	5	1932
Fairchance	PA	39.825	-79.754	33	1932
Great Falls	SC	34.575	-80.902	33	1932
Cave Junction	OR	42.163	-123.648	29	1932
Granite	UT	40.573	-111.806	9	1932
Fritz Creek	AK	59.736	-151.295	0	1932
Gap	PA	39.987	-76.021	33	1931
Sunray	TX	36.017	-101.825	5	1931
Doe Valley	KY	37.957	-86.117	33	1931
Camden	AL	31.991	-87.291	5	1930
Lakeshore	LA	32.535	-92.030	5	1930
Anchor Point	AK	59.777	-151.831	0	1930
Bonneau Beach	SC	33.320	-80.000	33	1929
César Chávez	TX	26.303	-98.115	5	1929
Hopewell	NJ	40.389	-74.762	33	1929
Aberdeen	ID	42.944	-112.838	3	1929
Queenland	MD	38.805	-76.791	33	1929
Samson	AL	31.113	-86.046	5	1928
Van Horn	TX	31.040	-104.831	5	1928
Piedra Gorda	PR	18.434	-66.888	39	1927
Talty	TX	32.683	-96.386	5	1927
Three Forks	MT	45.892	-111.552	9	1926
Arkoma	OK	35.355	-94.434	5	1925
Madison Park	MD	39.304	-76.627	33	1925
Monte Alto	TX	26.373	-97.972	5	1924
Hidden Hills	CA	34.160	-118.652	29	1924
Mackinaw	IL	40.537	-89.358	5	1923
Big Beaver	PA	40.825	-80.363	33	1923
Plentywood	MT	48.775	-104.562	9	1923
Pinedale	WY	42.867	-109.861	9	1923
Campbell	MO	36.493	-90.075	5	1922
Navarre	OH	40.724	-81.522	33	1922
Stevensville	MT	46.510	-114.093	9	1922
Youngstown	NY	43.247	-79.050	33	1921
Spencer	WI	44.758	-90.297	5	1921
Manners Sutton	NB	45.689	-67.040	32	1920
Kiefer	OK	35.945	-96.065	5	1920
Canton	PA	41.656	-76.853	33	1920
Rainier	OR	46.089	-122.936	29	1920
Brookside	AB	53.490	-113.567	11	1919
North Liberty	IN	41.534	-86.427	16	1919
West Homestead	PA	40.394	-79.912	33	1919
Montz	LA	30.007	-90.469	5	1918
Vulcan	AB	50.400	-113.252	11	1917
Astatula	FL	28.710	-81.733	33	1917
Lebanon Junction	KY	37.835	-85.732	33	1917
Livingston	LA	30.502	-90.748	5	1917
Sebastian	TX	26.343	-97.790	5	1917
Gwinn	MI	46.281	-87.441	10	1917
Alpine	NJ	40.956	-73.931	33	1917
Morris	MB	49.355	-97.366	48	1916
Breckenridge Greens	AB	53.516	-113.684	11	1916
Fenelon Falls	ON	44.533	-78.750	45	1915
Gotha	FL	28.528	-81.523	33	1915
Venice	IL	38.672	-90.170	5	1915
Cromdale	AB	53.562	-113.462	11	1914
Atlantic Beach	NY	40.589	-73.729	33	1914
Stewart Manor	NY	40.719	-73.688	33	1914
Sturgis	KY	37.547	-87.984	5	1912
Yorklyn	PA	39.992	-76.646	33	1912
Riverside	PA	40.955	-76.629	33	1912
Tofield	AB	53.367	-112.669	11	1911
Valatie	NY	42.413	-73.673	33	1911
Martinsburg	PA	40.311	-78.324	33	1911
Limon	CO	39.264	-103.692	9	1911
Canyonville	OR	42.927	-123.281	29	1911
Sunalta	AB	51.041	-114.099	11	1910
Mart	TX	31.542	-96.834	5	1910
Thomaston	CT	41.674	-73.073	33	1910
Tunica Resorts	MS	34.836	-90.347	5	1910
Saint Albans	ME	44.910	-69.410	33	1909
Estey's Bridge	NB	46.035	-66.714	32	1908
Wesson	MS	31.701	-90.398	5	1908
Hyde Park	NY	41.785	-73.933	33	1908
Polk City	FL	28.183	-81.824	33	1907
Belleville	KS	39.824	-97.633	5	1907
Kenilworth	PA	40.231	-75.634	33	1907
Pojoaque	NM	35.893	-106.023	9	1907
Sesser	IL	38.092	-89.050	5	1906
Bruce	MS	33.992	-89.349	5	1906
Lake Kiowa	TX	33.577	-97.013	5	1906
Dakota City	NE	42.416	-96.418	5	1906
Frewsburg	NY	42.054	-79.158	33	1906
Eddington	PA	40.085	-74.945	33	1906
Harrison Hot Springs	BC	49.300	-121.786	46	1905
Millet	AB	53.094	-113.471	11	1905
Henryville	IN	38.542	-85.768	27	1905
Hinsdale	MA	42.439	-73.125	33	1905
Yale	MI	43.130	-82.798	10	1905
Clark Mills	NY	43.092	-75.380	33	1905
North Belle Vernon	PA	40.129	-79.868	33	1905
Ocean Ridge	FL	26.527	-80.048	33	1904
Leetonia	OH	40.877	-80.755	33	1904
Charenton	LA	29.882	-91.525	5	1903
Bloomfield	MO	36.886	-89.929	5	1903
Leon	IA	40.740	-93.748	5	1903
Mayer	MN	44.885	-93.888	5	1903
Crown Point	NY	43.950	-73.437	33	1903
Portola	CA	39.810	-120.469	29	1903
Belle Rose	LA	30.050	-91.041	5	1902
Glendale	NL	47.514	-52.817	43	1901
Moravian Falls	NC	36.097	-81.182	33	1901
Cle Elum	WA	47.195	-120.939	29	1901
Swan Hills	AB	54.717	-115.402	11	1900
Richmond	IL	42.476	-88.306	5	1900
East Kingston	NH	42.926	-71.017	33	1900
Harbour Breton	NL	47.483	-55.798	43	1898
Kamsack	SK	51.567	-101.901	41	1898
Winnsboro Mills	SC	34.362	-81.085	33	1898
Shenorock	NY	41.332	-73.738	33	1898
Hammond	WI	44.979	-92.436	5	1898
Ralls	TX	33.674	-101.388	5	1898
Deseronto	ON	44.200	-77.049	45	1897
New Johnsonville	TN	36.021	-87.967	5	1897
Italy	TX	32.184	-96.885	5	1897
Roxbury	WI	43.249	-89.675	5	1897
Vernon	AL	33.757	-88.109	5	1895
Plainville	KS	39.235	-99.298	5	1895
South Lancaster	MA	42.445	-71.687	33	1894
Rose Lodge	OR	45.010	-123.880	29	1894
Landisville	PA	40.095	-76.410	33	1893
Adams	WI	43.956	-89.818	5	1893
Rolling Hills	CA	33.757	-118.358	29	1893
Enterprise	OR	45.426	-117.279	29	1893
Morton	TX	33.725	-102.759	5	1892
Forsyth	MT	46.266	-106.678	9	1892
Henderson Estates	AB	53.468	-113.599	11	1891
Clinton	NY	43.048	-75.379	33	1891
Kelvin	BC	49.217	-122.933	46	1890
Birchwood	MB	49.874	-97.257	48	1890
Kent Acres	DE	39.132	-75.525	33	1890
Los Alamos	CA	34.744	-120.278	29	1890
Toa Baja	PR	18.444	-66.260	39	1889
Blanco	TX	30.098	-98.421	5	1889
Rockcliffe Park	ON	45.450	-75.683	45	1888
Lendrum Place	AB	53.495	-113.522	11	1887
Buffalo	TX	31.464	-96.058	5	1887
Brice Prairie	WI	43.939	-91.300	5	1887
Coupeville	WA	48.220	-122.686	29	1887
Colquitt	GA	31.171	-84.733	33	1886
Milan	IN	39.121	-85.131	16	1886
Vinita Park	MO	38.690	-90.343	5	1886
Flora	MS	32.543	-90.309	5	1886
Merrionette Park	IL	41.684	-87.700	5	1886
Butler	GA	32.557	-84.238	33	1885
Siesta Acres	TX	28.758	-100.490	5	1885
Sunshine Ranches	FL	26.046	-80.329	33	1884
Laurel Springs	NJ	39.820	-75.006	33	1884
Lookout Mountain	TN	34.994	-85.349	33	1884
Superior	NE	40.021	-98.070	5	1884
Winchester Park	PA	40.055	-75.030	33	1884
Fern Prairie	WA	45.637	-122.399	29	1884
Rideau Park	AB	53.479	-113.505	11	1883
Blacksburg	SC	35.121	-81.516	33	1883
Alta	IA	42.674	-95.291	5	1883
Greenfield	IA	41.305	-94.461	5	1883
Leesport	PA	40.447	-75.966	33	1883
Gariepy	AB	53.492	-113.621	11	1882
New London	IA	40.927	-91.400	5	1882
Sacré-Coeur	QC	48.230	-69.801	45	1881
Daniels	WV	37.743	-81.124	33	1881
Conyngham	PA	40.992	-76.057	33	1881
Christie Park	AB	51.038	-114.175	11	1880
South Deerfield	MA	42.477	-72.608	33	1880
Saint-Mathieu	QC	45.317	-73.516	45	1879
Silver Lake	FL	28.842	-81.798	33	1879
Ellaville	GA	32.238	-84.309	33	1879
Gibbon	NE	40.748	-98.845	5	1879
Long Valley	NJ	40.786	-74.780	33	1879
Greybull	WY	44.489	-108.056	9	1879
Walpole Island	ON	42.615	-82.514	10	1878
Edgewood	IN	40.103	-85.734	16	1878
Lovelock	NV	40.179	-118.473	29	1878
Somonauk	IL	41.634	-88.681	5	1877
Temple	PA	40.409	-75.922	33	1877
Granby	CO	40.086	-105.939	9	1877
Souris	MB	49.617	-100.261	48	1876
New Buffalo	MI	41.794	-86.744	10	1876
China Lake Acres	CA	35.641	-117.764	29	1876
Bagdad	AZ	34.581	-113.205	38	1876
West Hills	MD	39.297	-76.707	33	1876
Eau Claire	AB	51.051	-114.080	11	1875
Oakland	MD	39.408	-79.407	33	1875
Aberdeen	IN	41.439	-87.111	5	1875
Thomaston	ME	44.079	-69.182	33	1875
Mill City	OR	44.754	-122.478	29	1875
Hurstbourne Acres	KY	38.221	-85.589	27	1874
Oakboro	NC	35.226	-80.329	33	1874
Hopewell	TN	35.235	-84.888	33	1874
Mesilla	NM	32.270	-106.801	9	1874
Stagecoach	NV	39.374	-119.374	29	1874
Middleton	NS	44.943	-65.070	15	1873
McAlmont	AR	34.808	-92.182	5	1873
Greensboro	MD	38.974	-75.805	33	1873
Shawnee Land	VA	39.191	-78.346	33	1873
Glen Lyon	PA	41.175	-76.075	33	1873
Carnation	WA	47.648	-121.914	29	1873
Meadowlakes	TX	30.562	-98.299	5	1872
Crystal Lawns	IL	41.570	-88.158	5	1872
Duchesne	UT	40.163	-110.403	9	1872
Middle East	MD	39.302	-76.590	33	1872
Bellville	OH	40.620	-82.511	33	1871
Wilber	NE	40.481	-96.961	5	1870
Bryant	WA	48.239	-122.158	29	1870
Prairie Grove	IL	42.279	-88.261	5	1869
Esko	MN	46.706	-92.363	5	1869
London	CA	36.476	-119.443	29	1869
Cave City	AR	35.942	-91.548	5	1868
Leachville	AR	35.936	-90.258	5	1868
Hodgkins	IL	41.769	-87.858	5	1868
Lakemont	PA	40.473	-78.388	33	1868
Steinhauer	AB	53.462	-113.510	11	1867
Blaine	TN	36.154	-83.704	33	1867
Coalgate	OK	34.538	-96.219	5	1867
Tome	NM	34.741	-106.728	9	1867
Maysville	GA	34.253	-83.562	33	1866
Delcambre	LA	29.948	-91.989	5	1866
Drexel	NC	35.758	-81.604	33	1866
Condon	TN	36.181	-83.794	33	1866
Lawton	MI	42.167	-85.847	10	1866
Leslie	MI	42.451	-84.432	10	1866
Weyauwega	WI	44.321	-88.934	5	1866
Watrous	SK	51.667	-105.468	41	1865
Lakesite	TN	35.209	-85.127	33	1865
Volga	SD	44.324	-96.926	5	1865
Thoreau	NM	35.403	-108.223	9	1865
Greendale	NB	45.253	-66.103	32	1863
Valleyview	AB	55.067	-117.286	11	1863
Rafael Capo	PR	18.407	-66.782	39	1863
Crandon	WI	45.572	-88.903	5	1863
Shannon	GA	34.337	-85.071	33	1862
Wright	WY	43.751	-105.492	9	1862
Pine Level	NC	35.513	-78.244	33	1861
Guttenberg	IA	42.786	-91.100	5	1861
Evart	MI	43.901	-85.258	10	1861
Westmoreland	NH	42.962	-72.442	33	1861
Braddock Hills	PA	40.417	-79.865	33	1861
Milton	VT	44.640	-73.110	33	1861
Goldthwaite	TX	31.450	-98.571	5	1860
Saint Marys	WV	39.392	-81.205	33	1860
Columbus Junction	IA	41.280	-91.361	5	1860
Saint-Gédéon	QC	48.500	-71.766	45	1859
Stockton	MO	37.699	-93.796	5	1859
Watkins Glen	NY	42.381	-76.873	33	1859
Tullytown	PA	40.139	-74.815	33	1859
Hide-A-Way Lake	MS	30.565	-89.640	5	1859
Darien	GA	31.370	-81.434	33	1858
Elida	OH	40.789	-84.204	33	1858
Mora	PR	18.463	-67.033	39	1857
Guyton	GA	32.336	-81.391	33	1856
Marissa	IL	38.250	-89.750	5	1856
Humboldt	KS	37.811	-95.437	5	1856
Stinnett	TX	35.827	-101.443	5	1856
Cricket	NC	36.172	-81.194	33	1855
Falmouth	ME	43.730	-70.242	33	1855
Chenoweth	OR	45.628	-121.243	29	1855
Témiscaming	QC	46.721	-79.097	45	1854
Sylvania	AL	34.562	-85.812	5	1854
Pine Island Center	FL	26.614	-82.118	33	1854
Labadieville	LA	29.837	-90.956	5	1854
Hunter	TN	36.372	-82.159	33	1854
Wabasso Beach	FL	27.765	-80.399	33	1853
Roseville	OH	39.807	-82.071	33	1853
New Carlisle	IN	41.700	-86.509	16	1853
Coushatta	LA	32.015	-93.342	5	1852
Carterville	MO	37.149	-94.443	5	1852
Milan	MO	40.202	-93.125	5	1852
Hays	NC	36.250	-81.116	33	1851
Folsom	NJ	39.602	-74.843	33	1851
South Bloomfield	OH	39.718	-82.987	33	1851
Bangor	MI	42.313	-86.113	10	1850
Dalton	OH	40.799	-81.695	33	1850
Sainte-Béatrix	QC	46.200	-73.616	45	1849
Morgan	GA	31.538	-84.599	33	1849
Capac	MI	43.013	-82.928	10	1849
Stony Point	MI	42.497	-85.427	10	1849
Waterville	MN	44.219	-93.568	5	1849
Crossville	AL	34.288	-85.994	5	1848
Weatherby Lake	MO	39.238	-94.696	5	1848
Jacobus	PA	39.883	-76.711	33	1848
Williamsport	IN	40.288	-87.294	16	1848
Parchment	MI	42.328	-85.570	10	1848
Sabana Eneas	PR	18.086	-67.081	39	1847
Roman Forest	TX	30.179	-95.162	5	1847
Milo	ME	45.254	-68.986	33	1847
Bradford	OH	40.132	-84.431	33	1847
Durand	WI	44.626	-91.966	5	1847
Oak Hill	FL	28.864	-80.855	33	1846
Hudson	IL	40.606	-88.987	5	1846
Industry	PA	40.265	-79.792	33	1846
Belle Plaine	WI	44.715	-88.666	5	1846
Franksville	WI	42.760	-87.913	5	1846
Unionville	GA	31.435	-83.510	33	1845
Patrick Springs	VA	36.642	-80.195	33	1845
Colrain	MA	42.673	-72.697	33	1845
Coppin Heights/Ash-Co-East	MD	39.307	-76.657	33	1845
Eel River Crossing	NB	48.016	-66.422	32	1844
Sulligent	AL	33.902	-88.134	5	1844
Trainer	PA	39.828	-75.414	33	1844
Seabrook Island	SC	32.577	-80.171	33	1844
Van Vleck	TX	29.018	-95.889	5	1844
Grayling	MI	44.661	-84.715	10	1844
New Hartford	NY	43.073	-75.288	33	1844
Barview	OR	43.354	-124.313	29	1844
Troy	TX	31.207	-97.303	5	1843
Kippens	NL	48.550	-58.632	43	1842
Marion	KS	38.348	-97.017	5	1842
McMechen	WV	39.988	-80.731	33	1842
Shutesbury	MA	42.456	-72.410	33	1842
Shaw	MS	33.602	-90.775	5	1841
Conway	MA	42.510	-72.700	33	1841
Lanikai	HI	21.389	-157.715	49	1841
Upper Hammonds Plains	NS	44.754	-63.842	15	1840
Rector	AR	36.263	-90.293	5	1840
Hampton	IL	41.556	-90.409	5	1840
Adamstown	PA	40.241	-76.056	33	1840
Coarsegold	CA	37.262	-119.701	29	1840
Devens	MA	42.545	-71.613	33	1840
Waskaganish	QC	51.483	-78.750	45	1839
Lakeland	MN	44.956	-92.766	5	1839
Campion	CO	40.349	-105.078	9	1839
Hayden	CO	40.495	-107.257	9	1839
Jauca	PR	17.969	-66.366	39	1838
Depue	IL	41.324	-89.307	5	1838
Concord	AL	33.468	-87.031	5	1837
Ridgeville	SC	33.096	-80.315	33	1836
Roundup	MT	46.445	-108.542	9	1836
Elboya	AB	51.010	-114.075	11	1835
Lusby	MD	38.355	-76.437	33	1835
Southside Place	TX	29.706	-95.437	5	1835
Denver	IA	42.671	-92.337	5	1835
Big Lake	WA	48.403	-122.241	29	1835
Lepanto	AR	35.611	-90.330	5	1834
Inola	OK	36.151	-95.509	5	1834
Bedford	NY	41.204	-73.644	33	1834
Trevorton	PA	40.781	-76.673	33	1834
Vale	OR	43.982	-117.238	3	1833
Jasper Park	AB	53.524	-113.584	11	1832
East Broughton	QC	46.214	-71.077	45	1832
Slater	MO	39.218	-93.069	5	1832
Rainbow	CA	33.410	-117.148	29	1832
Monroe	IA	41.522	-93.102	5	1831
Ashfield	MA	42.526	-72.788	33	1831
Goodrich	MI	42.917	-83.506	10	1831
Eastport	NY	40.826	-72.732	33	1831
Maple Ridge	AB	50.956	-114.037	11	1830
Langston	OK	35.945	-97.255	5	1830
Cambridge	NY	43.028	-73.381	33	1830
Gold Key Lake	PA	41.306	-74.939	33	1830
Pole Ojea	PR	17.975	-67.185	39	1829
Saint Paul	MO	38.861	-90.742	5	1829
Memphis	MO	40.458	-92.171	5	1829
Mayville	ND	47.498	-97.325	5	1829
Adams	NY	43.809	-76.024	33	1829
Magnolia	TX	30.209	-95.751	5	1828
Trumansburg	NY	42.542	-76.666	33	1828
Cridersville	OH	40.654	-84.151	33	1828
Bellwood	PA	40.603	-78.325	33	1828
Colby	WI	44.910	-90.316	5	1828
Bonneauville	PA	39.812	-77.137	33	1827
Quitman	TX	32.796	-95.451	5	1827
Belleville	PA	40.605	-77.726	33	1827
Richland	MO	37.857	-92.404	5	1826
Lacon	IL	41.025	-89.411	5	1826
Mio	MI	44.652	-84.130	10	1826
Spinnerstown	PA	40.439	-75.437	33	1826
Smoke Rise	AL	33.892	-86.820	5	1825
White Castle	LA	30.170	-91.147	5	1825
Orion	IL	41.355	-90.382	5	1825
Fort Fairfield	ME	46.772	-67.834	33	1825
Allentown	NJ	40.178	-74.583	33	1825
Butler	WI	43.106	-88.070	5	1825
Frenchtown	MT	47.015	-114.230	9	1825
Chapais	QC	49.783	-74.849	45	1824
Lumsden	SK	50.650	-104.868	41	1824
Noel	MO	36.546	-94.485	5	1824
Five Points	OH	39.569	-84.193	33	1824
Frankton	IN	40.223	-85.779	16	1824
Laton	CA	36.433	-119.687	29	1824
Madison-Eastend	MD	39.301	-76.577	33	1824
Las Marias	PR	18.293	-67.146	39	1823
Sabana Hoyos	PR	18.434	-66.614	39	1823
Conway	NH	43.979	-71.120	33	1823
Brookwood	AL	33.256	-87.321	5	1822
Fairfax	SC	32.959	-81.237	33	1822
Ingram	TX	30.077	-99.240	5	1822
Middleport	NY	42.791	-75.560	33	1822
Inukjuak	QC	58.455	-78.101	45	1821
Long Beach	MD	38.461	-76.469	33	1821
Mount Pleasant	NC	35.399	-80.436	33	1821
Pomeroy	OH	39.028	-82.034	33	1821
Waterbury	VT	44.338	-72.756	33	1821
Moose Wilson Road	WY	43.525	-110.845	9	1821
Wright-Patterson AFB	OH	39.811	-84.057	33	1821
Greenough	NS	44.688	-63.510	15	1819
Inkerman	PA	41.299	-75.813	33	1819
Lagunitas-Forest Knolls	CA	38.018	-122.691	29	1819
Galena	IN	38.352	-85.942	27	1818
Wellsville	KS	38.718	-95.082	5	1818
Alabama	NY	43.096	-78.391	33	1818
Nambe	NM	35.893	-105.983	9	1818
Monte Grande	PR	18.087	-67.107	39	1817
Port Carbon	PA	40.696	-76.169	33	1817
Salyersville	KY	37.753	-83.069	33	1816
Basile	LA	30.485	-92.596	5	1816
Durant	IA	41.600	-90.911	5	1816
Charlotte	TX	28.862	-98.706	5	1815
Coal City	WV	37.679	-81.210	33	1815
Ortonville	MN	45.305	-96.445	5	1815
Unionville	MO	40.477	-93.003	5	1815
Wakarusa	IN	41.536	-86.021	16	1814
Kenyon	MN	44.272	-92.985	5	1814
Houserville	PA	40.824	-77.829	33	1814
Bay	AR	35.742	-90.562	5	1813
Wayland	NY	42.568	-77.590	33	1813
Veazie	ME	44.839	-68.705	33	1813
Silver Bay	MN	47.294	-91.257	5	1813
Newbury	NH	43.321	-72.036	33	1813
Central Square	NY	43.287	-76.146	33	1813
Warrenton	GA	33.407	-82.662	33	1812
Bondsville	MA	42.213	-72.345	33	1812
Mescal	AZ	31.990	-110.435	38	1812
WaKeeney	KS	39.025	-99.880	5	1811
Landover Hills	MD	38.943	-76.892	33	1811
Sea Girt	NJ	40.132	-74.035	33	1811
Village of the Branch	NY	40.856	-73.187	33	1811
Rio Verde	AZ	33.723	-111.676	38	1811
Mokulēia	HI	21.580	-158.153	49	1811
Monarch Mill	SC	34.716	-81.585	33	1811
New Southwest/Mount Clare	MD	39.283	-76.642	33	1811
Independence	LA	30.636	-90.503	5	1810
Westernport	MD	39.485	-79.045	33	1810
Central Valley	NY	41.332	-74.121	33	1810
Eldorado	TX	30.860	-100.601	5	1810
Forest City	PA	41.651	-75.467	33	1809
Saint Lawrence	PA	40.327	-75.872	33	1809
Susquehanna	PA	41.943	-75.600	33	1809
Maugerville	NB	45.872	-66.445	32	1808
Catlettsburg	KY	38.405	-82.600	33	1808
Moose Factory	ON	51.267	-80.616	45	1807
Presquille	LA	29.564	-90.646	5	1807
Lavallette	NJ	39.970	-74.069	33	1807
North Eastham	MA	41.865	-69.991	33	1806
Hinckley	MN	46.011	-92.944	5	1806
Moriarty	NM	34.990	-106.049	9	1806
Cliff Bungalow	AB	51.034	-114.075	11	1805
Kelvin Grove	AB	50.988	-114.088	11	1805
Pennington Gap	VA	36.758	-83.027	33	1805
Georgetown	CT	41.256	-73.435	33	1805
Green Acres	CA	33.738	-117.076	29	1805
Dayton	ME	43.550	-70.576	33	1805
Grove City	FL	26.914	-82.327	33	1804
Jamestown	KY	36.985	-85.063	5	1804
Zolfo Springs	FL	27.493	-81.796	33	1803
North Newton	KS	38.072	-97.346	5	1803
Reinholds	PA	40.267	-76.115	33	1803
Decatur	WI	42.634	-89.412	5	1803
Cedar Bluff	AL	34.220	-85.608	5	1802
Plymouth	OH	40.996	-82.667	33	1802
Webster	SD	45.332	-97.520	5	1802
Saint-Narcisse	QC	46.564	-72.471	45	1801
Marlette	MI	43.327	-83.080	10	1801
Long Lake	MN	44.987	-93.572	5	1800
Brodheadsville	PA	40.925	-75.394	33	1800
Irrigon	OR	45.896	-119.491	29	1800
Oak Cliff Place	TX	29.927	-95.627	5	1800
Arcade	GA	34.078	-83.562	33	1799
Warroad	MN	48.905	-95.314	5	1799
Mount Cobb	PA	41.413	-75.493	33	1799
Enterprise	UT	37.574	-113.719	9	1799
Ko Olina	HI	21.340	-158.126	49	1799
Dolfield	MD	39.338	-76.680	33	1799
G. L. Garcia	PR	18.127	-66.104	39	1798
Butler	AL	32.090	-88.222	5	1798
Cienega Springs	AZ	34.189	-114.225	38	1798
Olathe	CO	38.605	-107.982	9	1798
Harwich Center	MA	41.692	-70.069	33	1798
Harriston	ON	43.912	-80.872	45	1797
Decatur	MS	32.439	-89.108	5	1797
Glouster	OH	39.503	-82.085	33	1797
Oakes	ND	46.139	-98.090	5	1797
New Oxford	PA	39.864	-77.056	33	1796
Noank	CT	41.328	-71.991	33	1796
Parklane	MD	39.343	-76.662	33	1796
Bynum	AL	33.613	-85.961	5	1795
Atkins	IA	41.997	-91.862	5	1795
Churubusco	IN	41.231	-85.319	16	1795
Cameron	WI	45.409	-91.744	5	1795
Glide	OR	43.302	-123.101	29	1795
St-André	NB	47.101	-67.759	32	1794
Moore Haven	FL	26.833	-81.093	33	1794
French Lick	IN	38.549	-86.620	16	1794
Avon-by-the-Sea	NJ	40.192	-74.016	33	1794
Bridgeport	OH	40.070	-80.740	33	1794
East Pittsburgh	PA	40.396	-79.839	33	1794
Leadville North	CO	39.258	-106.301	9	1794
Burnt Store Marina	FL	26.765	-82.051	33	1793
Sparta	MO	37.001	-93.082	5	1792
Dallas Center	IA	41.684	-93.961	5	1792
Stockton	IL	42.350	-90.007	5	1792
Howard City	MI	43.396	-85.468	10	1792
Gilbert	MN	47.489	-92.465	5	1792
Cooperstown	NY	42.700	-74.924	33	1792
Keremeos	BC	49.200	-119.836	46	1791
Albany	MO	39.223	-94.113	5	1791
Chadbourn	NC	34.322	-78.827	33	1791
Sullivans Island	SC	32.763	-79.837	33	1791
Buckfield	ME	44.290	-70.365	33	1791
Estates of Fort Lauderdale (historical)	FL	26.052	-80.179	33	1791
Varnell	GA	34.901	-84.974	33	1790
West Paris	ME	44.324	-70.574	33	1790
McConnelsville	OH	39.649	-81.853	33	1789
Somers	CT	41.985	-72.446	33	1789
South Belmar	NJ	40.171	-74.027	33	1789
Napavine	WA	46.575	-122.908	29	1789
Pepeekeo	HI	19.834	-155.107	49	1789
Surgoinsville	TN	36.471	-82.852	33	1788
Lyme	NH	43.810	-72.156	33	1788
Seven Trees	CA	37.286	-121.839	29	1788
Jemez Pueblo	NM	35.614	-106.728	9	1788
Langdon	ND	48.760	-98.368	5	1787
Lattingtown	NY	40.895	-73.601	33	1787
South Floral Park	NY	40.714	-73.700	33	1787
Warren	OR	45.819	-122.849	29	1787
Willard	UT	41.409	-112.036	9	1787
Sicamous	BC	50.833	-118.986	46	1786
Montegut	LA	30.071	-90.502	5	1786
Haslet	TX	32.975	-97.348	5	1786
Becket	MA	42.332	-73.083	33	1786
Tawas City	MI	44.269	-83.515	10	1786
Loxley	AL	30.618	-87.753	5	1785
Owens Cross Roads	AL	34.588	-86.459	5	1785
Wallace	FL	30.677	-87.180	5	1785
Woodlawn Beach	FL	30.388	-86.991	5	1785
Trion	GA	34.544	-85.311	33	1785
Northcrest	TX	31.637	-97.100	5	1785
Sylvan Lake	MI	42.611	-83.329	10	1785
Maple Plain	MN	45.007	-93.656	5	1785
Arroyo Seco	NM	36.517	-105.569	9	1785
South Browning	MT	48.546	-113.014	9	1785
Saint-Placide	QC	45.533	-74.199	45	1784
Cambridge City	IN	39.813	-85.172	16	1784
Shadeland	IN	40.374	-86.949	16	1784
Linden	CA	38.021	-121.084	29	1784
Somerset	TX	29.226	-98.658	5	1783
Clearwater	MN	45.419	-94.049	5	1783
Miami	AZ	33.399	-110.869	38	1783
Millwood	WA	47.681	-117.283	29	1783
Smackover	AR	33.365	-92.725	5	1782
Verona Walk	FL	26.084	-81.680	33	1782
Rocky Top	TN	36.218	-84.155	33	1781
Bourbon	IN	41.296	-86.116	16	1781
Yorktown Heights	NY	41.271	-73.778	33	1781
Deshler	OH	41.208	-83.899	33	1781
Upper Pohatcong	NJ	40.677	-75.156	33	1781
Bokeelia	FL	26.706	-82.159	33	1780
Lowry Crossing	TX	33.155	-96.547	5	1780
Pine Bush	NY	41.608	-74.299	33	1780
Tunkhannock	PA	41.539	-75.947	33	1780
Burns Lake	BC	54.230	-125.761	46	1779
Melbourne	AR	36.060	-91.908	5	1779
Harvey	ND	47.770	-99.935	5	1779
Elkland	PA	41.986	-77.311	33	1779
Middlesex	VT	44.293	-72.679	33	1779
Lake Ripley	WI	43.006	-88.986	5	1779
Tuolumne City	CA	37.963	-120.241	29	1779
Mount Gay-Shamrock	WV	37.839	-82.030	33	1779
Cove Cliff	BC	49.323	-122.949	46	1778
Cobb	CA	38.822	-122.723	29	1778
Dunnellon	FL	29.049	-82.461	33	1777
Oak Grove	VA	38.984	-77.404	33	1777
Ben Avon	PA	40.508	-80.083	33	1777
La Pine	OR	43.670	-121.504	29	1777
Kings Bay Base	GA	30.798	-81.566	33	1777
McConnell AFB	KS	37.630	-97.259	5	1777
Metcalfe	ON	45.233	-75.466	45	1776
Albany	AB	53.632	-113.550	11	1776
Sneads	FL	30.708	-84.926	5	1776
Chinatown	PA	39.953	-75.155	33	1776
Gruetli-Laager	TN	35.372	-85.618	5	1776
Danbury	TX	29.228	-95.345	5	1776
Hughes Springs	TX	32.998	-94.631	5	1776
Claypool Hill	VA	37.063	-81.752	33	1776
Newport	ME	44.835	-69.274	33	1776
Starksboro	VT	44.227	-73.057	33	1776
Palmyra	WI	42.878	-88.586	5	1776
Grove Park	MD	39.340	-76.703	33	1776
Abbottsfield	AB	53.573	-113.392	11	1775
Saint-Liboire	QC	45.651	-72.763	45	1775
Duson	LA	30.236	-92.185	5	1775
Drew	MS	33.810	-90.526	5	1775
Cordova	NC	34.913	-79.822	33	1775
Harrisville	WV	39.210	-81.052	33	1775
West Liberty	OH	40.252	-83.756	33	1775
Lamont	AB	53.767	-112.802	11	1774
Chambord	QC	48.433	-72.066	45	1773
Decatur	AR	36.336	-94.461	5	1773
Tennille	GA	32.936	-82.812	33	1773
North Corbin	KY	36.961	-84.093	33	1773
West Arlington	MD	39.337	-76.695	33	1773
Sour Lake	TX	30.140	-94.411	5	1773
Romney	WV	39.342	-78.757	33	1773
Marcellus	NY	42.983	-76.340	33	1773
Evans City	PA	40.769	-80.063	33	1773
Pierson	FL	29.239	-81.466	33	1772
Randolph	ME	44.230	-69.767	33	1772
La Mesilla	NM	35.948	-106.071	9	1772
Shannon	MS	34.116	-88.712	5	1771
Shasta	CA	40.599	-122.492	29	1771
Louisdale	NS	45.607	-61.066	15	1770
Parkhill	AB	51.017	-114.070	11	1770
Lewisburg	OH	39.846	-84.540	33	1770
Bessemer	MI	46.481	-90.053	30	1770
Braham	MN	45.723	-93.171	5	1770
Randolph	WI	43.539	-89.007	5	1770
Bovina	TX	34.514	-102.883	5	1769
Eastwood	ON	43.442	-80.462	45	1768
Jonesboro	IL	37.452	-89.268	5	1768
Belford	NJ	40.426	-74.087	33	1768
Lewiston	UT	41.976	-111.856	9	1768
Idylwylde	AB	53.523	-113.449	11	1767
Stewartville	AL	33.079	-86.244	5	1767
Wales	MA	42.070	-72.222	33	1767
Decatur	MI	42.108	-85.974	10	1767
Oswego	KS	37.168	-95.110	5	1766
Stonewood	WV	39.251	-80.312	33	1766
Barrière	BC	51.183	-120.119	46	1765
Shaganappi	AB	51.038	-114.128	11	1765
Zeigler	IL	37.899	-89.052	5	1765
Saint Francisville	LA	30.780	-91.376	5	1765
Greenfield	NH	42.951	-71.872	33	1765
Antón Ruiz	PR	18.185	-65.808	39	1764
Deville	LA	31.357	-92.165	5	1764
Peebles	OH	38.949	-83.406	33	1764
Onalaska	TX	30.806	-95.116	5	1764
Berrien Springs	MI	41.946	-86.339	10	1764
Morrisville	NY	42.899	-75.640	33	1764
Cudjoe Key	FL	24.672	-81.498	33	1763
Merriam Woods	MO	36.714	-93.162	5	1763
Chenoa	IL	40.742	-88.720	5	1763
Dravosburg	PA	40.351	-79.886	33	1763
Century	FL	30.973	-87.264	5	1762
Pineville	KY	36.762	-83.695	33	1762
Jackson	SC	33.325	-81.788	33	1762
Oakfield	NY	43.066	-78.270	33	1762
Danville	QC	45.783	-72.016	45	1761
Geraldton	ON	49.727	-86.948	45	1761
Lake Ozark	MO	38.199	-92.639	5	1761
Weedsport	NY	43.049	-76.563	33	1761
Bakerstown	PA	40.651	-79.936	33	1761
Home Garden	CA	36.303	-119.636	29	1761
Oberlin	KS	39.818	-100.528	5	1761
Cambridge Bay	NU	69.115	-105.055	4	1760
Port Sulphur	LA	29.480	-89.694	5	1760
Lunenburg	MA	42.595	-71.725	33	1760
Richmond	ME	44.087	-69.799	33	1760
Nissequogue	NY	40.904	-73.198	33	1760
Tuckerman	AR	35.731	-91.198	5	1759
Appomattox	VA	37.357	-78.825	33	1759
Lake Como	NJ	40.160	-74.028	33	1759
Everett	PA	40.011	-78.373	33	1759
Lykens	PA	40.567	-76.701	33	1759
Hamilton City	CA	39.743	-122.014	29	1759
Clatskanie	OR	46.101	-123.207	29	1759
Fort Washakie	WY	43.006	-108.882	9	1759
Honey Brook	PA	40.094	-75.911	33	1758
Priest River	ID	48.181	-116.912	29	1758
Crownsville	MD	39.028	-76.601	33	1757
Key Vista	FL	28.195	-82.770	33	1757
Balgonie	SK	50.483	-104.268	41	1756
Stowell	TX	29.790	-94.383	5	1756
Rosedale	MS	33.853	-91.028	5	1756
Bridgehampton	NY	40.938	-72.301	33	1756
Big Pine	CA	37.165	-118.290	29	1756
Pagosa Springs	CO	37.269	-107.010	9	1756
Sardis City	AL	34.174	-86.123	5	1755
Sodus	NY	43.238	-77.061	33	1755
Huachuca City	AZ	31.628	-110.334	38	1755
Sun Valley	AZ	34.254	-111.261	38	1755
Archer City	TX	33.596	-98.626	5	1754
Gilman	IL	40.767	-87.992	5	1754
Warfield	BC	49.096	-117.745	46	1753
Upper Brookville	NY	40.839	-73.565	33	1753
Questa	NM	36.704	-105.595	9	1753
Oberlin	LA	30.620	-92.763	5	1752
Andrews	NC	35.202	-83.824	33	1752
Ronceverte	WV	37.750	-80.463	33	1752
Patterson Tract	CA	36.380	-119.296	29	1752
Reisterstown Station	MD	39.353	-76.703	33	1752
Montebello	NS	44.701	-63.543	15	1751
Moweaqua	IL	39.625	-89.019	5	1751
Punta Rassa	FL	26.488	-82.012	33	1750
Keeseville	NY	44.505	-73.480	33	1750
Westons Mills	NY	42.062	-78.377	33	1750
King	WI	44.337	-89.142	5	1750
Camino	CA	38.738	-120.675	29	1750
Fort Hancock	TX	31.298	-105.845	9	1750
Patricia Heights	AB	53.510	-113.596	11	1749
Kiawah Island	SC	32.608	-80.085	33	1749
Alum Creek	WV	38.287	-81.805	33	1749
Tenino	WA	46.857	-122.853	29	1749
Johnsonville	TN	36.060	-87.953	5	1748
Eaton	IN	40.340	-85.351	16	1748
Pierce	NE	42.199	-97.527	5	1748
Loretto	TN	35.078	-87.440	5	1747
Fairlea	WV	37.781	-80.457	33	1747
Knollwood	IL	42.286	-87.886	5	1747
Henniker	NH	43.180	-71.822	33	1747
Behchokǫ̀	NT	62.803	-116.046	11	1746
Clarkesville	GA	34.613	-83.525	33	1746
Monon	IN	40.868	-86.879	16	1746
Grosvenor Park	SK	52.118	-106.628	41	1745
Red Carpet	AB	51.041	-113.940	11	1745
Mount Sterling	OH	39.720	-83.265	33	1745
Gallatin	MO	39.914	-93.962	5	1744
Armada	MI	42.844	-82.884	10	1744
Greenwich	NY	43.091	-73.499	33	1744
Pirtleville	AZ	31.357	-109.564	38	1744
Bowman	ND	46.183	-103.395	9	1744
Marriott-Slaterville	UT	41.252	-112.025	9	1744
South Whitley	IN	41.085	-85.628	16	1743
Mexico	ME	44.561	-70.545	33	1743
Tekamah	NE	41.778	-96.221	5	1743
Freeport	PA	40.674	-79.685	33	1743
North Puyallup	WA	47.207	-122.282	29	1743
Blairmore Urban Centre	SK	52.128	-106.759	41	1742
Pleasant Grove	OH	39.952	-81.959	33	1742
Rock Hill	NY	41.626	-74.598	33	1742
Londonderry	VT	43.226	-72.806	33	1742
Delaware City	DE	39.578	-75.589	33	1741
Chilhowie	VA	36.798	-81.682	33	1741
Henderson	LA	30.313	-91.790	5	1740
Pocahontas	IA	42.736	-94.669	5	1740
Port Edwards	WI	44.351	-89.865	5	1740
Woodville	CA	36.094	-119.199	29	1740
Indios	PR	17.994	-66.819	39	1739
Calhoun City	MS	33.855	-89.311	5	1739
Maroa	IL	40.036	-88.957	5	1739
North Judson	IN	41.215	-86.776	17	1739
Searles Valley	CA	35.767	-117.404	29	1739
Seeley	CA	32.793	-115.691	29	1739
Carberry	MB	49.869	-99.360	48	1738
Bay Springs	MS	31.979	-89.287	5	1738
Rome	IL	40.883	-89.503	5	1738
West Falmouth	MA	41.604	-70.634	33	1738
Allegany	NY	42.090	-78.494	33	1738
Brownsville	OR	44.393	-122.985	29	1738
Parkhill	ON	43.160	-81.685	45	1737
Mount Zion	GA	33.634	-85.187	33	1737
Lorena	TX	31.387	-97.216	5	1737
Mayfield	PA	41.538	-75.536	33	1737
Lakeside	OR	43.576	-124.175	29	1737
Edgerton	KS	38.765	-95.008	5	1736
Duquesne	MO	37.077	-94.459	5	1736
Ripon	QC	45.783	-75.099	45	1735
St. Norbert	MB	49.766	-97.146	48	1735
Montpelier	IN	40.554	-85.277	16	1735
Holley	NY	43.226	-78.027	33	1735
Calico Rock	AR	36.120	-92.136	5	1734
Kirkland	IL	42.093	-88.851	5	1734
Kapaau	HI	20.234	-155.802	49	1734
Cairo	IL	37.005	-89.176	5	1733
Kingstown	MD	39.205	-76.051	33	1733
Mont Alto	PA	39.844	-77.558	33	1733
Winchester	NH	42.773	-72.383	33	1733
Marfa	TX	30.310	-104.021	5	1733
Reynoldstown	GA	33.752	-84.354	33	1733
Wynyard	SK	51.767	-104.184	41	1732
Georgestown	NL	47.569	-52.719	43	1732
Saint Johnsville	NY	42.998	-74.683	33	1732
Stillwater	NY	42.938	-73.653	33	1732
Youngsville	PA	40.781	-75.477	33	1732
Elgin	OR	45.565	-117.917	29	1732
Estell Manor	NJ	39.412	-74.742	33	1731
Shelburne Falls	MA	42.604	-72.739	33	1731
Mapleton	MN	43.929	-93.956	5	1731
Red Lake	MN	47.876	-95.017	5	1731
South Park	WY	43.422	-110.793	9	1731
Ormstown	QC	45.133	-73.999	45	1730
Delmar	DE	38.457	-75.577	33	1730
Roodhouse	IL	39.484	-90.372	5	1730
Wilson	OK	34.162	-97.426	5	1730
Cheswick	PA	40.542	-79.799	33	1730
Bowser	BC	49.445	-124.689	46	1729
Windsor Park	BC	49.312	-122.994	46	1729
Cassopolis	MI	41.912	-86.010	10	1729
Verplanck	NY	41.253	-73.960	33	1729
Redwood Valley	CA	39.265	-123.204	29	1729
Dechene	AB	53.491	-113.637	11	1728
Hagerstown	IN	39.911	-85.162	16	1728
Perryopolis	PA	40.087	-79.751	33	1728
Quincy	CA	39.937	-120.946	29	1728
Idaho Springs	CO	39.742	-105.514	9	1728
Wickerham Manor-Fisher	PA	40.177	-79.907	33	1728
Gay Street	MD	39.301	-76.597	33	1728
Poquonock Bridge	CT	41.345	-72.025	33	1727
Lamartine	WI	43.733	-88.569	5	1727
Whiting	WI	44.494	-89.559	5	1727
Stonepark	PE	46.269	-63.121	15	1726
Bladenboro	NC	34.539	-78.788	33	1726
Sparta	NC	36.505	-81.121	33	1726
Princeville	IL	40.930	-89.758	5	1726
Portlock	HI	21.271	-157.707	49	1726
Whitwell	TN	35.201	-85.519	5	1725
Heidelberg	TX	26.197	-97.880	5	1725
Wakefield	MI	46.475	-89.940	30	1725
Lancaster	NH	44.489	-71.569	33	1725
Ashford	WI	43.587	-88.371	5	1725
Weston	MO	39.411	-94.902	5	1724
Akron	CO	40.161	-103.214	9	1724
Cade	LA	30.087	-91.905	5	1723
Bluff City	TN	36.474	-82.261	33	1723
Flatrock	NL	47.700	-52.715	43	1722
Crooked Lake Park	FL	27.829	-81.584	33	1722
Cross Plains	TN	36.549	-86.696	5	1722
Lewisville	WA	45.810	-122.523	29	1722
Prestbury	IL	41.783	-88.418	5	1722
Horton	KS	39.661	-95.526	5	1721
Cedar Hill	MO	38.353	-90.641	5	1721
Tryon	NC	35.340	-81.322	33	1721
Ripley	OH	38.746	-83.845	33	1721
Westhampton Beach	NY	40.803	-72.615	33	1721
Ball Ground	GA	34.338	-84.377	33	1720
Twin Lake	MI	43.363	-86.165	10	1720
Altamont	NY	42.701	-74.034	33	1720
Fontana	WI	42.551	-88.575	5	1720
Westwood	KS	39.041	-94.617	5	1719
Arnold Line	MS	31.335	-89.373	5	1719
Dunlap	OH	39.292	-84.618	33	1719
Osakis	MN	45.867	-95.152	5	1719
Nicholson	GA	34.114	-83.432	33	1718
Meredith	NH	43.658	-71.500	33	1718
Skyline Acres	OH	39.229	-84.567	33	1717
Sabinal	TX	29.317	-99.466	5	1717
Carter Crest	AB	53.464	-113.578	11	1716
Bunker Hill	IL	39.043	-89.952	5	1716
Addison	NY	42.103	-77.234	33	1716
Tremont	PA	40.628	-76.387	33	1716
Hollins Market	MD	39.287	-76.633	33	1716
Sainte-Perpétue	QC	47.064	-69.929	45	1715
Burnt Church	NB	47.199	-65.140	32	1715
West Lawn	PA	40.330	-75.994	33	1715
Musquodoboit Harbour	NS	44.783	-63.149	15	1714
Lacoochee	FL	28.466	-82.172	33	1714
El Ojo	PR	18.004	-66.392	39	1713
Cropseyville	NY	42.749	-73.557	33	1713
Cibecue	AZ	34.045	-110.485	38	1713
Haines	AK	59.236	-135.445	26	1713
Vernon Center	NJ	41.189	-74.504	33	1713
Schonsee	AB	53.632	-113.455	11	1712
Southport	IN	39.665	-86.128	16	1712
Rushford	MN	43.808	-91.753	5	1712
Marion Bridge	NS	45.981	-60.212	13	1711
Orchard Grass Hills	KY	38.324	-85.521	33	1711
Hamilton	MO	39.744	-93.998	5	1711
Senath	MO	36.134	-90.160	5	1711
Sumrall	MS	31.417	-89.542	5	1711
Popkum	BC	49.204	-121.738	46	1710
Wakefield	MD	39.313	-76.698	33	1710
Jamesport	NY	40.950	-72.581	33	1710
Sturgeon	PA	40.385	-80.211	33	1710
Wind Point	WI	42.784	-87.766	5	1710
Boronda	CA	36.699	-121.675	29	1710
Willow Creek	CA	40.940	-123.631	29	1710
Union Point	GA	33.616	-83.075	33	1709
Prairie City	IA	41.599	-93.235	5	1709
Canby	MN	44.709	-96.276	5	1709
Manitouwadge	ON	49.122	-85.840	45	1708
Myersville	MD	39.505	-77.566	33	1708
Cross City	FL	29.635	-83.127	33	1707
Sedgwick	KS	37.917	-97.423	5	1707
Graton	CA	38.436	-122.870	29	1707
Nakusp	BC	50.250	-117.802	46	1706
Sayabec	QC	48.562	-67.687	45	1706
Collings Lakes	NJ	39.596	-74.882	33	1706
Ridgely	TN	36.263	-89.488	5	1706
Holliday	TX	33.816	-98.695	5	1706
Dresden	OH	40.121	-82.011	33	1706
Shamokin Dam	PA	40.849	-76.820	33	1706
Spring Park	MN	44.935	-93.632	5	1705
Jeffersonville	KY	37.974	-83.842	33	1704
Cowan	TN	35.165	-86.011	5	1704
Rancho Alegre	TX	27.742	-98.095	5	1704
Biggs	CA	39.412	-121.713	29	1704
Buena Vista	CA	37.321	-121.917	29	1704
Saint-Jean-Baptiste	QC	45.381	-74.012	45	1703
Fairfax	OH	39.145	-84.393	33	1703
McEwen	TN	36.108	-87.633	5	1703
Osseo	WI	44.572	-91.227	5	1703
Palm Aire	FL	26.206	-80.192	33	1702
Oakham	MA	42.353	-72.045	33	1702
Cannon Beach	OR	45.892	-123.962	29	1702
Tweed	ON	44.475	-77.316	45	1701
Midway	KY	38.151	-84.684	33	1701
Ramseur	NC	35.733	-79.653	33	1701
Roanoke	IN	40.963	-85.373	16	1701
Newton Center	MA	42.331	-71.200	33	1701
Lukachukai	AZ	36.417	-109.229	9	1701
Picture Butte	AB	49.883	-112.785	11	1700
Carnegie	OK	35.104	-98.604	5	1700
Bayamon	PR	18.178	-66.113	39	1699
Steelville	MO	37.968	-91.355	5	1699
Holland	OH	41.622	-83.712	33	1699
Saint David	AZ	31.904	-110.214	38	1699
Radium Springs	NM	32.501	-106.928	9	1699
Crosbyton	TX	33.660	-101.238	5	1699
Lewisport	KY	37.937	-86.902	5	1698
Garfield	TX	30.187	-97.558	5	1698
Chatmoss	VA	36.657	-79.812	33	1698
Higganum	CT	41.497	-72.557	33	1698
Kentland	IN	40.770	-87.445	5	1698
Clymer	NY	42.021	-79.630	33	1698
Eastmount	NB	45.308	-66.031	32	1697
McAllister	NB	45.310	-66.020	32	1697
Blountsville	AL	34.081	-86.591	5	1697
Saint Stephen	SC	33.404	-79.922	33	1697
Mazomanie	WI	43.177	-89.795	5	1697
La Luz	NM	32.978	-105.942	9	1697
Moundridge	KS	38.203	-97.519	5	1696
Chatham	NY	42.364	-73.595	33	1696
Choteau	MT	47.812	-112.184	9	1696
Millbrook	ON	44.150	-78.450	45	1695
Douglass	KS	37.519	-97.013	5	1695
Warsaw	KY	38.783	-84.902	33	1695
La Grulla	TX	26.270	-98.647	5	1695
Annandale	NJ	40.641	-74.881	33	1695
Rabbit Town	NB	45.955	-66.651	32	1694
Fairforest	SC	34.957	-82.010	33	1693
Jonesboro	IN	40.480	-85.628	16	1693
Averill Park	NY	42.634	-73.554	33	1693
Houghton	NY	42.423	-78.157	33	1693
Neguac	NB	47.249	-65.074	32	1692
Leverett	MA	42.452	-72.501	33	1692
Teaticket	MA	41.565	-70.596	33	1692
Sebewaing	MI	43.732	-83.451	10	1692
Watervliet	MI	42.187	-86.261	10	1692
Antwerp	OH	41.181	-84.741	33	1692
Farley	IA	42.443	-91.006	5	1691
Argos	IN	41.238	-86.215	16	1691
Nobleboro	ME	44.080	-69.485	33	1691
Mucarabones	PR	18.391	-66.216	39	1690
Biscoe	NC	35.360	-79.780	33	1690
Caldwell	OH	39.748	-81.517	33	1690
Wilder	VT	43.673	-72.309	33	1690
Richlands	NC	34.899	-77.547	33	1689
Lockney	TX	34.125	-101.442	5	1689
Driggs	ID	43.723	-111.111	3	1689
Franklin	QC	45.033	-73.916	45	1688
Aceitunas	PR	18.443	-67.065	39	1688
Havana	FL	30.624	-84.415	33	1688
Elmendorf	TX	29.256	-98.333	5	1688
Bristol	NH	43.591	-71.737	33	1688
Lyndeborough	NH	42.908	-71.766	33	1688
Del Rey Oaks	CA	36.593	-121.835	29	1688
Belfast	PE	46.083	-62.882	15	1687
Gordo	AL	33.320	-87.903	5	1687
Collinsville	TX	33.562	-96.911	5	1687
Mount Ayr	IA	40.715	-94.235	5	1686
Lester Prairie	MN	44.884	-94.042	5	1686
Yacolt	WA	45.866	-122.406	29	1686
Lake Camelot	IL	40.631	-89.742	5	1686
Maury	NC	35.482	-77.586	33	1685
Billington Heights	NY	42.784	-78.626	33	1685
Florence	NS	46.260	-60.266	13	1684
Splendora	TX	30.233	-95.161	5	1684
Kerhonkson	NY	41.775	-74.298	33	1684
Romoland	CA	33.746	-117.175	29	1684
Suncrest	BC	49.217	-123.017	46	1683
Bement	IL	39.922	-88.572	5	1683
Ledbetter	KY	37.048	-88.477	5	1683
Greenmount West	MD	39.309	-76.612	33	1683
Ragland	AL	33.745	-86.156	5	1682
Meridian Hills	IN	39.890	-86.157	16	1682
Summit	MS	31.284	-90.468	5	1682
Prudenville	MI	44.298	-84.652	10	1682
Webster	NH	43.329	-71.718	33	1682
Fall River	WI	43.384	-89.045	5	1682
Mactaggart	AB	53.438	-113.564	11	1681
Harpersville	AL	33.344	-86.438	5	1681
Three Way	TN	35.776	-88.859	5	1681
Epping	NH	43.033	-71.074	33	1681
Franklinville	NY	42.337	-78.458	33	1681
Patton	PA	40.634	-78.650	33	1681
Grunthal	MB	49.407	-96.859	48	1680
Garrison Green	AB	51.003	-114.124	11	1680
Ellijay	GA	34.695	-84.482	33	1680
Bartonville	TX	33.073	-97.132	5	1680
Enfield	ME	45.249	-68.568	33	1680
John Day	OR	44.416	-118.953	29	1680
Vevay	IN	38.748	-85.067	21	1679
Katonah	NY	41.259	-73.685	33	1679
Bridgeview/Greenlawn	MD	39.302	-76.655	33	1679
Saint-Ambroise	QC	48.554	-71.321	45	1678
Pinewood Estates	TX	30.164	-94.322	5	1678
Playita Cortada	PR	17.985	-66.439	39	1677
Victoria	VA	36.995	-78.227	33	1677
Oroville	WA	48.939	-119.436	29	1677
Saratoga	WY	41.455	-106.806	9	1677
Hemby Bridge	NC	35.104	-80.628	33	1676
Blue Grass	IA	41.509	-90.766	5	1676
Montour Falls	NY	42.347	-76.845	33	1676
Lenox	MA	42.356	-73.285	33	1675
Chester	NJ	40.784	-74.697	33	1675
Angola on the Lake	NY	42.655	-79.049	33	1675
Chepachet	RI	41.915	-71.671	33	1675
Twin City	GA	32.583	-82.155	33	1674
Saint-Édouard	QC	45.233	-73.516	45	1672
Saint-Jacques-le-Mineur	QC	45.283	-73.416	45	1672
Bannerman	NL	47.571	-52.708	43	1672
Washington Park	FL	26.133	-80.181	33	1672
Davenport	WA	47.654	-118.150	29	1672
Walla Walla East	WA	46.052	-118.304	29	1672
Appalachia	VA	36.907	-82.782	33	1671
Lebanon	NJ	40.642	-74.836	33	1671
McQueen	AB	53.553	-113.575	11	1670
Ramblewood	MD	39.363	-76.587	33	1670
Lake City	IA	42.267	-94.734	5	1670
Edgeworth	PA	40.551	-80.193	33	1670
Waterflow	NM	36.760	-108.482	9	1670
Anna Maria	FL	27.531	-82.733	33	1669
Lampeter	PA	39.990	-76.240	33	1669
Krugerville	TX	33.282	-96.991	5	1669
Pleasantville	IA	41.386	-93.269	5	1669
Bennington	NE	41.365	-96.158	5	1669
Fort Wadsworth	NY	40.601	-74.057	33	1669
Mayville	NY	42.254	-79.504	33	1669
Lamar	AR	35.441	-93.388	5	1668
Island Heights	NJ	39.942	-74.150	33	1668
Arcola	TX	29.496	-95.466	5	1668
South Amherst	OH	41.356	-82.254	33	1668
Virginia Park	NL	47.598	-52.692	43	1667
Georgiana	AL	31.637	-86.742	5	1667
Bristol	IN	41.721	-85.817	16	1667
Avon	PA	40.346	-76.390	33	1667
Gunter	TX	32.869	-95.630	5	1666
Arcadia	IN	40.176	-86.022	16	1666
Aurora	MN	47.530	-92.237	5	1666
Mitchell	NE	41.940	-103.809	9	1666
Monroe North	WA	47.882	-121.987	29	1666
Rose Hill	NC	34.828	-78.023	33	1665
Owls Head	ME	44.082	-69.057	33	1665
Dundee	NY	42.523	-76.977	33	1665
Ritzville	WA	47.128	-118.380	29	1665
McArthur	OH	39.246	-82.478	33	1664
Channel Lake	IL	42.479	-88.138	5	1664
Glen Gardner	NJ	40.697	-74.941	33	1663
Syracuse	KS	37.981	-101.754	9	1663
Bonner-West Riverside	MT	46.877	-113.887	9	1663
Grandview Plaza	KS	39.029	-96.789	5	1662
Oak Grove	LA	32.861	-91.388	5	1662
Niverville	NY	42.441	-73.661	33	1662
Upper Fruitland	NM	36.716	-108.314	9	1662
Sardis	MS	34.437	-89.916	5	1661
South Charleston	OH	39.825	-83.634	33	1661
Manchester	NY	42.970	-77.230	33	1661
Clancy	MT	46.465	-111.986	9	1661
Grand Ronde	OR	45.060	-123.609	29	1661
Haubstadt	IN	38.205	-87.574	5	1660
Burnsville	NC	35.917	-82.301	33	1660
Franklin Furnace	OH	38.626	-82.847	33	1660
Moretown	VT	44.251	-72.761	33	1660
Forest Lake	IL	42.208	-88.056	5	1659
Le Grand	CA	37.229	-120.248	29	1659
Seeley Lake	MT	47.179	-113.485	9	1659
Valle Vista	AZ	35.411	-113.863	38	1659
Shaunavon	SK	49.650	-108.418	41	1658
Victoria	NL	47.767	-53.231	43	1658
Gaston	SC	33.817	-81.101	33	1658
East Dubuque	IL	42.492	-90.643	5	1658
Mars	PA	40.696	-80.012	33	1658
Antelope Valley-Crestview	WY	44.225	-105.474	9	1658
Holiday Park	SK	52.108	-106.698	41	1657
Glendale	MS	31.365	-89.306	5	1657
Denton	NC	35.633	-80.116	33	1657
De Kalb	TX	33.509	-94.616	5	1657
Boissevain	MB	49.231	-100.056	48	1656
Centre District	ON	43.451	-80.492	45	1656
El Negro	PR	18.037	-65.851	39	1656
Minco	OK	35.313	-97.944	5	1656
Honey Grove	TX	33.583	-95.910	5	1656
Ada	MN	47.300	-96.515	5	1656
Lakefield	MN	43.677	-95.172	5	1656
Wheeler	TX	35.445	-100.271	5	1656
Arapahoe	WY	42.962	-108.490	9	1656
Hazelwood	NC	35.469	-83.004	33	1655
Traer	IA	42.194	-92.465	5	1655
Brackettville	TX	29.311	-100.418	5	1655
Cascade-Chipita Park	CO	38.944	-105.002	9	1655
Manana Housing	HI	21.402	-157.981	49	1655
East Palatka	FL	29.658	-81.598	33	1654
Stanley	VA	38.575	-78.503	33	1654
Mallory	WV	37.731	-81.838	33	1654
Porter Heights	TX	30.152	-95.322	5	1653
Keswick Ridge	NB	46.000	-66.882	32	1652
North Devon	NB	45.971	-66.633	32	1652
Elberta	AL	30.414	-87.598	5	1652
Lake Isabella	MI	43.644	-84.997	10	1652
Lake Mohawk	OH	40.667	-81.199	33	1652
Homer City	PA	40.543	-79.162	33	1652
Big Bend	BC	49.198	-122.978	46	1651
Kensett	AR	35.232	-91.668	5	1651
Jerome	IL	39.768	-89.681	5	1651
Norris	TN	36.196	-84.068	33	1651
Mundys Corner	PA	40.445	-78.841	33	1651
White Sands	NM	32.381	-106.479	9	1651
Trinity Bay North	NL	48.522	-53.071	43	1649
Logan	WV	37.849	-81.993	33	1649
Port Byron	IL	41.606	-90.335	5	1649
Phillipston	MA	42.549	-72.133	33	1649
Manawan	QC	47.220	-74.386	45	1648
Coaling	AL	33.159	-87.341	5	1648
Bernice	LA	32.822	-92.658	5	1648
Saxapahaw	NC	35.947	-79.322	33	1648
Batavia	OH	39.077	-84.177	33	1648
Atlanta	IL	40.259	-89.233	5	1648
Steinway	NY	40.775	-73.904	33	1648
Brandon	VT	43.798	-73.088	33	1648
Spring Green	WI	43.175	-90.068	5	1648
Big Timber	MT	45.835	-109.955	9	1648
Vienna	IL	37.415	-88.898	5	1647
Parsonsfield	ME	43.727	-70.929	33	1647
Henderson	GA	32.008	-81.259	33	1647
Twin Lakes	VA	38.249	-78.444	33	1647
Musqueam	BC	49.228	-123.193	46	1646
Perry Park	CO	39.257	-104.992	9	1646
Sanborn	NY	43.137	-78.885	33	1645
Wolcott	NY	43.221	-76.815	33	1645
West Unity	OH	41.586	-84.435	33	1645
Harwich Port	MA	41.667	-70.079	33	1644
Sutton	NH	43.334	-71.951	33	1644
McComb	OH	41.108	-83.793	33	1644
Eagleview	PA	40.059	-75.681	33	1644
Shea Heights	NL	47.550	-52.715	43	1643
Worthington	KY	38.316	-85.562	27	1643
La Pryor	TX	28.941	-99.850	5	1643
Tioga	ND	48.397	-102.938	5	1643
Scenic	AZ	36.794	-114.013	38	1643
Indian Head	SK	50.533	-103.668	41	1642
Wanchese	NC	35.843	-75.639	33	1642
Oak Hill	OH	40.414	-82.241	33	1642
South Rockwood	MI	42.064	-83.261	10	1642
Baiting Hollow	NY	40.956	-72.744	33	1642
Espy	PA	41.006	-76.410	33	1642
Serenada	TX	30.699	-97.692	5	1641
Amity	OR	45.116	-123.207	29	1641
Witless Bay	NL	47.283	-52.831	43	1640
Munfordville	KY	37.272	-85.891	5	1640
Georgetown	PA	41.227	-75.869	33	1640
Quincy	MI	41.944	-84.884	10	1640
Florenceville-Bristol	NB	46.444	-67.615	32	1639
Des Arc	AR	34.977	-91.495	5	1639
Harlan	KY	36.843	-83.322	33	1639
Shelbina	MO	39.694	-92.043	5	1639
Reinbeck	IA	42.324	-92.599	5	1639
Del Rey	CA	36.659	-119.594	29	1639
Harwood	MD	39.321	-76.611	33	1639
Aspen Gardens	AB	53.475	-113.544	11	1638
East Brooklyn	CT	41.797	-71.897	33	1638
Weston	OH	41.345	-83.797	33	1638
Roberts	WI	44.984	-92.556	5	1638
Boles Acres	NM	32.807	-105.986	9	1638
Santa Clara	NM	32.780	-108.150	9	1638
Helena West Side	MT	46.597	-112.113	9	1637
Navassa	NC	34.255	-78.007	33	1636
Pikeville	TN	35.606	-85.189	5	1636
Walcott	IA	41.585	-90.772	5	1636
Rapids	NY	43.098	-78.641	33	1636
Booker	TX	36.453	-100.537	5	1636
Southern View	IL	39.757	-89.654	5	1635
Connelly Springs	NC	35.743	-81.513	33	1635
Pelican Bay	TX	32.921	-97.518	5	1635
Watts Mills	SC	34.516	-81.986	33	1635
Gentilly	QC	46.400	-72.274	45	1634
Sainte-Sophie	QC	45.817	-73.899	45	1634
Stephenville Crossing	NL	48.504	-58.437	43	1634
Mulberry	AR	35.501	-94.052	5	1634
Rosepine	LA	30.920	-93.282	5	1634
Chesilhurst	NJ	39.732	-74.881	33	1634
Spencer	TN	35.747	-85.467	5	1634
Moville	IA	42.489	-96.073	5	1634
Harlan	IN	41.196	-84.920	16	1634
Harbor Beach	MI	43.845	-82.651	10	1634
Whitewright	TX	33.513	-96.392	5	1633
Delavan	IL	40.373	-89.547	5	1633
Nashville	MI	42.603	-85.093	10	1633
Cresson	PA	40.460	-78.592	33	1633
Reform	AL	33.378	-88.015	5	1632
Kingston	OK	33.999	-96.720	5	1632
Gadsden	SC	33.846	-80.766	33	1632
Remsen	IA	42.815	-95.973	5	1632
Earlville	IL	41.589	-88.922	5	1632
Richmond	MA	42.373	-73.368	33	1632
Lone Star	TX	33.786	-95.388	5	1631
Rand	WV	38.283	-81.562	33	1631
Rossville	IN	40.417	-86.595	16	1631
Fryeburg	ME	44.016	-70.981	33	1631
Manhattan	MT	45.857	-111.332	9	1631
Pleasantville	NL	47.588	-52.683	43	1630
Holley	FL	30.447	-86.907	5	1630
Rhome	TX	33.053	-97.472	5	1630
Homer	MI	42.146	-84.809	10	1630
Unity	NH	43.294	-72.260	33	1630
Goldens Bridge	NY	41.293	-73.677	33	1630
Sun Prairie	MT	47.537	-111.481	9	1630
Regina Beach	SK	50.791	-104.980	41	1629
Ct 0027	QC	45.546	-73.547	45	1629
Copeland	OK	36.656	-94.828	5	1629
Piperton	TN	35.045	-89.622	5	1629
Peach Lake	NY	41.368	-73.578	33	1629
Balmoral	NB	47.973	-66.445	32	1628
Parcelas Nuevas	PR	18.140	-66.172	39	1628
Wedgewood	SC	33.884	-80.513	33	1628
Mountain Ranch	CA	38.228	-120.541	29	1628
Lusk	WY	42.762	-104.452	9	1628
Las Maravillas	NM	34.738	-106.669	9	1628
Quail Creek	TX	28.776	-97.082	5	1628
Cumberland Head	NY	44.716	-73.403	33	1627
Perry	OH	41.760	-81.141	33	1627
Church Hill	PA	40.682	-77.599	33	1627
Avila Beach	CA	35.180	-120.732	29	1627
Financial District	HI	21.309	-157.861	49	1627
Grayville	IL	38.258	-87.994	5	1626
Ainsworth	NE	42.550	-99.863	5	1626
Tecumseh	NE	40.367	-96.196	5	1626
Vernon Valley	NJ	41.237	-74.487	33	1626
Desert Aire	WA	46.679	-119.917	29	1626
Naramata	BC	49.595	-119.594	46	1625
Carrier Mills	IL	37.684	-88.633	5	1625
Garden City	MO	38.561	-94.191	5	1625
Comanche	OK	34.369	-97.964	5	1625
Itasca	TX	32.160	-97.150	5	1625
Claysburg	PA	40.297	-78.450	33	1625
Cressona	PA	40.627	-76.193	33	1625
Green Valley	CA	38.253	-122.162	29	1625
Columbus	NM	31.828	-107.640	9	1625
Ixonia	WI	43.144	-88.597	5	1624
Thorp	WI	44.961	-90.800	5	1624
Meade	KS	37.286	-100.340	5	1624
Weissport East	PA	40.837	-75.686	33	1624
Warner	OK	35.494	-95.306	5	1623
Biola	CA	36.802	-120.016	29	1623
Adrian	MO	38.398	-94.352	5	1622
East Sahuarita	AZ	31.943	-110.928	38	1622
Ault	CO	40.582	-104.732	9	1622
Wilder	ID	43.677	-116.912	3	1622
Inverness	AL	32.015	-85.746	5	1621
Belle Plaine	KS	37.394	-97.281	5	1621
Pine Knot	KY	36.651	-84.439	33	1621
Bourbon	MO	38.155	-91.244	5	1621
Louisa	VA	38.025	-78.004	33	1621
Nashua	IA	42.953	-92.536	5	1621
Orleans	MA	41.790	-69.990	33	1621
Penn Valley	CA	39.196	-121.191	29	1621
Wellington	UT	39.542	-110.735	9	1621
Bethel	NC	35.807	-77.379	33	1620
Patton Village	TX	30.193	-95.169	5	1620
Mount Carroll	IL	42.095	-89.978	5	1620
North Bennington	VT	42.930	-73.243	33	1620
Bolinas	CA	37.909	-122.686	29	1620
South Dos Palos	CA	36.964	-120.653	29	1620
Union City	OH	40.199	-84.804	33	1620
Cow Bay	NS	44.631	-63.432	15	1619
Kensington	PE	46.433	-63.649	15	1619
Walnut Grove	MS	32.590	-89.458	5	1619
Fincastle	TN	36.410	-84.048	33	1618
Peosta	IA	42.451	-90.850	5	1618
McCleary	WA	47.053	-123.265	29	1618
Athens	NY	42.260	-73.810	33	1617
Royston	BC	49.647	-124.947	46	1616
Smith Center	KS	39.779	-98.785	5	1616
Hartley	IA	43.180	-95.477	5	1616
Plains	TX	33.189	-102.828	5	1616
Crow Agency	MT	45.602	-107.461	9	1616
Burford	ON	43.103	-80.429	45	1615
Ridgely	MD	38.948	-75.884	33	1615
Murphy	NC	35.088	-84.035	33	1615
Wedgefield	SC	33.893	-80.518	33	1615
Grandview	TX	32.270	-97.179	5	1615
Manson	IA	42.529	-94.534	5	1615
North Berwick	ME	43.304	-70.733	33	1615
Elk Rapids	MI	44.896	-85.416	10	1615
Lincoln Park	PA	40.315	-75.985	33	1615
Mill Hall	PA	41.107	-77.484	33	1615
Powers Lake	WI	42.554	-88.295	5	1615
Trempealeau	WI	44.006	-91.442	5	1615
Merlin	OR	42.517	-123.420	29	1615
Mowbray Mountain	TN	35.275	-85.222	33	1615
Roblin	MB	51.230	-101.356	48	1614
Norwood	NY	44.751	-74.994	33	1614
Neoga	IL	39.319	-88.453	5	1613
Penn North	MD	39.312	-76.643	33	1613
Coombs	BC	49.300	-124.419	46	1612
Ovid	MI	43.006	-84.372	10	1612
Hope Valley	RI	41.508	-71.716	33	1612
South Bend	WA	46.663	-123.805	29	1612
Kēōkea	HI	20.707	-156.354	49	1612
Fort William	NL	47.571	-52.702	43	1611
Thurmond	NC	36.367	-80.928	33	1611
Commercial Point	OH	39.768	-83.057	33	1611
Englewood	TN	36.367	-89.155	5	1611
Woodburn	IN	41.125	-84.853	16	1611
Osgood	IN	39.129	-85.292	16	1610
Franklin	TX	31.026	-96.485	5	1610
Olivet	MI	42.441	-84.924	10	1610
Darien	WI	42.602	-88.708	5	1610
Belleair Beach	FL	27.923	-82.843	33	1609
Lexington	MS	33.113	-90.053	5	1609
Burns Harbor	IN	41.626	-87.133	5	1609
Orwell	OH	41.535	-80.868	33	1609
Tulalip Bay	WA	48.037	-122.310	29	1609
Coldwater	MS	32.715	-89.214	5	1608
East Cleveland	TN	35.161	-84.858	33	1608
Muenster	TX	33.652	-97.376	5	1608
Daleville	IN	40.121	-85.558	16	1608
Amboy	WA	45.910	-122.446	29	1608
Montverde	FL	28.600	-81.674	33	1607
Aberdeen	OH	38.656	-83.761	33	1607
Madbury	NH	43.169	-70.924	33	1607
River Hills	WI	43.174	-87.924	5	1607
Leona Valley	CA	34.618	-118.288	29	1607
Massey Drive	NL	48.933	-57.898	43	1606
Laurel	AB	53.447	-113.382	11	1606
Jefferson	NC	36.420	-81.473	33	1606
Dearborn	ON	43.487	-80.518	45	1605
Cologne	MN	44.772	-93.781	5	1605
Gallitzin	PA	40.482	-78.552	33	1605
Harrisville	RI	41.966	-71.675	33	1605
Las Palmas II	TX	26.202	-97.738	5	1605
Del Norte	CO	37.679	-106.353	9	1604
Shoreacres	TX	29.620	-95.010	5	1603
Smith Valley	NV	38.784	-119.344	29	1603
Coal Run Village	KY	37.513	-82.558	33	1602
Belhaven	NC	35.540	-76.623	33	1602
Rocky Point	NC	34.435	-77.888	33	1602
Stuart	IA	41.503	-94.319	5	1602
McCrory	AR	35.256	-91.200	5	1601
Brooklyn	IN	39.539	-86.369	16	1601
Papineauville	QC	45.617	-75.016	45	1600
Parkway	BC	49.315	-122.975	46	1600
Quidi Vidi	NL	47.580	-52.682	43	1600
Whately	MA	42.440	-72.635	33	1600
Rock Creek	MN	45.757	-92.962	5	1600
Gorham	NH	44.388	-71.173	33	1600
East Canton	OH	40.787	-81.283	33	1600
Hatch	NM	32.665	-107.153	9	1600
Olive Hill	KY	38.300	-83.174	33	1599
Mechanicsburg	OH	40.072	-83.556	33	1599
Langhorne	PA	40.175	-74.923	33	1599
Deposit	NY	42.060	-75.420	33	1598
Rheems	PA	40.130	-76.571	33	1598
Mona	UT	39.816	-111.855	9	1598
New Market	AL	34.910	-86.428	5	1597
Crothersville	IN	38.801	-85.842	16	1597
Mason	TN	35.412	-89.533	5	1597
Estancia	NM	34.758	-106.056	9	1597
Kettle Falls	WA	48.611	-118.056	29	1597
Parkview/Woodbrook	MD	39.317	-76.648	33	1597
Montgomery	WV	38.180	-81.328	33	1596
Smethport	PA	41.811	-78.445	33	1595
Wabasca-Desmarais	AB	55.967	-113.850	11	1594
Spencerville	MD	39.114	-76.978	33	1594
Livermore Falls	ME	44.475	-70.188	33	1594
Port Dickinson	NY	42.133	-75.896	33	1594
Random Lake	WI	43.552	-87.962	5	1594
Cosmopolis	WA	46.955	-123.774	29	1594
Saint Josephs	MD	39.285	-76.675	33	1594
Pine Prairie	LA	30.784	-92.425	5	1592
Mayo	SC	35.084	-81.860	33	1592
Bayou Vista	TX	29.326	-94.939	5	1592
Peru	NY	44.578	-73.527	33	1591
Oakley	UT	40.715	-111.301	9	1591
Lincoln Park	AB	51.004	-114.125	11	1590
Tremont	ME	44.254	-68.351	33	1590
Caledonia	MI	42.789	-85.517	10	1590
West Liberty	WV	40.170	-80.594	33	1590
Goshen	AR	36.101	-93.991	5	1589
Corydon	IA	40.757	-93.319	5	1589
Albion	NE	41.691	-98.004	5	1589
Wagner	SD	43.080	-98.293	5	1589
Morgan State University	MD	39.346	-76.582	33	1589
Central Aguirre	PR	17.954	-66.223	39	1588
Dayton	VA	38.415	-78.939	33	1588
Mountain Lodge Park	NY	41.388	-74.142	33	1588
Apollo	PA	40.581	-79.566	33	1588
Montrose	MI	43.177	-83.893	10	1587
Niagara	WI	45.771	-87.995	5	1587
Rosebud	SD	43.233	-100.853	5	1587
Teutopolis	IL	39.133	-88.472	5	1586
Weldon	NC	36.427	-77.596	33	1586
Eleanor	WV	38.538	-81.932	33	1586
Tillson	NY	41.829	-74.068	33	1586
Sharon	WI	42.503	-88.729	5	1586
Boundary	BC	49.333	-123.047	46	1585
Southport	CT	41.136	-73.283	33	1585
Mount Vernon	ME	44.501	-69.988	33	1584
Union City	MI	42.067	-85.136	10	1584
Springfield	NE	41.082	-96.134	5	1584
Montrose	PA	40.306	-75.988	33	1583
Sorrento	LA	30.184	-90.859	5	1582
Dunsmuir	CA	41.208	-122.272	29	1582
Callaway-Garrison	MD	39.332	-76.680	33	1582
Saint-Joseph-de-Sorel	QC	46.033	-73.116	45	1581
Owingsville	KY	38.145	-83.764	33	1581
Marks	MS	34.257	-90.273	5	1581
Bangs	TX	31.717	-99.133	5	1581
East Meadows	NL	47.600	-52.698	43	1580
Richmond Lakes	MB	49.770	-97.166	48	1580
Murfreesboro	AR	34.062	-93.690	5	1580
New Paris	OH	39.857	-84.793	33	1580
Ballplay	AL	34.059	-85.808	5	1580
Hillsboro	ND	47.404	-97.062	5	1580
Cherryville	PA	40.754	-75.539	33	1580
Shiremanstown	PA	40.223	-76.954	33	1580
Canton Valley	CT	41.834	-72.892	33	1580
Pinehurst	ID	47.539	-116.237	29	1580
Soap Lake	WA	47.389	-119.491	29	1580
St. George	NB	45.127	-66.831	32	1579
Lookout Mountain	GA	34.978	-85.358	33	1579
Three Oaks	MI	41.799	-86.611	10	1579
Crested Butte	CO	38.870	-106.988	9	1579
Dayton	IN	40.374	-86.769	16	1578
Oakland	PA	40.306	-78.888	33	1578
Oakalla	BC	49.234	-122.978	46	1577
Clinton	LA	30.866	-91.016	5	1577
Fayette	MS	31.712	-91.061	5	1577
Gordonsville	VA	38.137	-78.188	33	1577
Zilwaukee	MI	43.476	-83.921	10	1577
Stratford	WI	44.801	-90.079	5	1577
Kersey	CO	40.387	-104.562	9	1577
Stafford	OR	45.381	-122.704	29	1577
West Tawakoni	TX	32.894	-96.029	5	1576
Pittsfield	NH	43.306	-71.324	33	1576
Rumney	NH	43.805	-71.813	33	1576
New Middletown	OH	40.961	-80.558	33	1576
De Soto	IL	37.818	-89.228	5	1575
Decatur	TN	35.515	-84.790	33	1575
Nutter Fort	WV	39.263	-80.320	33	1575
Peru	ME	44.507	-70.405	33	1575
Perth-Andover	NB	46.736	-67.704	32	1574
Marion	MS	32.417	-88.648	5	1574
Snow Hill	NC	35.452	-77.681	33	1574
Gardendale	TX	32.020	-102.380	5	1574
Mediapolis	IA	41.008	-91.164	5	1574
Mexico	NY	43.460	-76.229	33	1574
Lawson Heights Urban Centre	SK	52.170	-106.634	41	1573
Dobson	NC	36.396	-80.723	33	1573
Powhatan Point	OH	39.860	-80.815	33	1573
Onset	MA	41.742	-70.658	33	1573
Ocean Park	WA	46.492	-124.052	29	1573
Kerens	TX	32.133	-96.228	5	1572
Dublin	NH	42.908	-72.063	33	1572
Smokey Point	WA	48.152	-122.183	29	1572
Bannockburn	IL	42.193	-87.866	5	1571
Lewiston	MN	43.984	-91.869	5	1571
Francestown	NH	42.988	-71.813	33	1571
Fort Montgomery	NY	41.331	-73.987	33	1571
Hudson	CO	40.074	-104.643	9	1571
South Willard	UT	41.363	-112.036	9	1571
Fairmount Heights	MD	38.901	-76.916	33	1570
Brookside Village	TX	29.587	-95.325	5	1570
Waretown	NJ	39.792	-74.195	33	1569
North Pekin	IL	40.615	-89.622	5	1569
Poultney	VT	43.517	-73.236	33	1569
Laughlin Air Force Base	TX	29.357	-100.784	5	1569
Chester	GA	32.394	-83.153	33	1568
Edmonton	KY	36.980	-85.612	5	1568
Adams Center	NY	43.860	-76.005	33	1568
Whitehall	WI	44.367	-91.317	5	1568
Knightsen	CA	37.969	-121.668	29	1568
Tornillo	TX	31.445	-106.088	9	1568
Saint-Ulric	QC	48.787	-67.702	45	1567
Westville	OK	35.993	-94.568	5	1567
East Millinocket	ME	45.628	-68.574	33	1567
Charleston	NY	40.537	-74.237	33	1567
Carbonville	UT	39.620	-110.834	9	1567
Monterey Park	NM	34.759	-106.641	9	1567
Bay Bulls	NL	47.317	-52.815	43	1566
Schoolcraft	MI	42.114	-85.638	10	1566
East Bangor	PA	40.880	-75.184	33	1566
Newport	PA	40.478	-77.131	33	1566
Saanichton	BC	48.600	-123.417	46	1565
Sparkill	NY	41.031	-73.927	33	1565
Elkhorn	CA	36.824	-121.740	29	1565
West Wenatchee	WA	47.444	-120.353	29	1565
Dorchester	MD	39.332	-76.686	33	1565
Logansport	LA	31.975	-93.998	5	1564
Stockdale	TX	29.237	-97.960	5	1564
Twin Grove	IL	40.493	-89.080	5	1564
Rocky Point	WA	47.593	-122.668	29	1564
Sainte-Clotilde-de-Horton	QC	45.983	-72.232	45	1563
Warren	MN	48.197	-96.773	5	1563
Baidland	PA	40.195	-79.971	33	1563
Limestone	IL	41.132	-87.968	5	1563
Barkers Point	NB	45.952	-66.623	32	1562
Milford	IN	41.410	-85.846	16	1562
Kalida	OH	40.983	-84.199	33	1562
Ferron	UT	39.094	-111.133	9	1562
Salisbury	MO	39.424	-92.802	5	1561
Centreville	MS	31.090	-91.068	5	1560
Cherokee	OK	36.754	-98.357	5	1560
Ackley	IA	42.554	-93.053	5	1560
Richland	PA	40.359	-76.258	33	1560
Leilani Estates	HI	19.470	-154.918	49	1560
Sainte-Élisabeth	QC	46.095	-73.352	45	1559
Sebree	KY	37.607	-87.529	5	1559
Kingsley	MI	44.585	-85.536	10	1559
Water Mill	NY	40.920	-72.343	33	1559
Clay	PA	40.218	-76.256	33	1559
Ashcroft	BC	50.724	-121.282	46	1558
Mount Lehman	BC	49.117	-122.383	46	1558
Mercersburg	PA	39.828	-77.903	33	1558
Ferndale	PA	40.289	-78.915	33	1558
Montgomery	PA	41.170	-76.877	33	1558
Chester Center	CT	41.401	-72.453	33	1558
LaBarque Creek	MO	38.417	-90.680	5	1558
Stewiacke	NS	45.133	-63.349	15	1557
Koontz Lake	IN	41.418	-86.486	17	1557
Sunnyside-Tahoe City	CA	39.150	-120.161	29	1557
Astor	FL	29.162	-81.525	33	1556
Golden Valley	NV	39.615	-119.827	29	1556
Pond Inlet	NU	72.699	-77.960	25	1555
Brass Castle	NJ	40.765	-75.011	33	1555
First Mesa	AZ	35.837	-110.382	38	1555
Chapin	SC	34.166	-81.350	33	1554
Bracey	VA	36.600	-78.143	33	1554
Herscher	IL	41.049	-88.098	5	1554
Erie	IL	41.656	-90.079	5	1553
Albion	PA	40.959	-78.947	33	1553
Ethete	WY	43.025	-108.773	9	1553
South Wenatchee	WA	47.390	-120.290	29	1553
Nescopeck	PA	41.052	-76.221	33	1552
Wallace Heights	NS	44.688	-63.610	15	1551
Signal Hill	NL	47.572	-52.687	43	1551
Stamps	AR	33.365	-93.495	5	1551
Hallsville	MO	39.117	-92.221	5	1551
Hurley	MS	30.661	-88.494	5	1551
Seaside Park	NJ	39.927	-74.077	33	1551
Blossom	TX	33.661	-95.386	5	1551
Salem	WV	39.283	-80.559	33	1551
Warsaw	IL	40.359	-91.435	5	1551
Waterville	NY	42.931	-75.380	33	1551
Galesville	WI	44.082	-91.349	5	1551
Southview	AB	51.033	-113.983	11	1550
Shearwater	NS	44.627	-63.514	15	1550
Owenton	KY	38.537	-84.843	33	1550
Hancock	MD	39.699	-78.180	33	1550
Grand Canyon Village	AZ	36.046	-112.154	38	1550
Castle Dale	UT	39.212	-111.020	9	1550
East Spencer	NC	35.682	-80.432	33	1549
Roseto	PA	40.881	-75.215	33	1549
Granville	MA	42.067	-72.861	33	1548
Medway	ME	45.609	-68.531	33	1548
Hinsdale	NH	42.786	-72.486	33	1548
Star Valley Ranch	WY	42.971	-110.956	9	1548
Venise-en-Québec	QC	45.083	-73.132	45	1547
Watson Lake	YT	60.063	-128.709	47	1547
Woodstock	AL	33.207	-87.150	5	1547
McMillin	WA	47.140	-122.237	29	1547
Ile des Chênes	MB	49.711	-96.989	48	1546
Wardsville	MO	38.489	-92.174	5	1546
Choctaw Lake	OH	39.960	-83.485	33	1546
Cato	WI	44.143	-87.861	5	1546
Amigo Beach	ON	44.692	-79.393	45	1545
East Hazel Crest	IL	41.574	-87.646	5	1545
Morrisonville	NY	44.693	-73.562	33	1545
Anna	OH	40.394	-84.173	33	1545
Mayor Wright Housing	HI	21.320	-157.864	49	1545
Dale	IN	40.017	-86.400	16	1544
Cleary	MS	32.165	-90.181	5	1544
Hamilton	IN	41.534	-84.913	16	1544
Purdy	WA	47.389	-122.625	29	1544
Rollingwood	TX	30.277	-97.791	5	1543
Glenville	WV	38.934	-80.838	33	1543
Hebron	NE	40.166	-97.586	5	1543
Brooklyn Heights	OH	41.425	-81.688	33	1543
Walnut Grove	CA	38.242	-121.512	29	1542
Monument Hills	CA	38.664	-121.876	29	1542
Redfield	AR	34.445	-92.183	5	1541
Monticello	MS	31.554	-90.107	5	1541
Luther	OK	35.662	-97.196	5	1541
Fulton	TX	28.061	-97.041	5	1541
Paxtang	PA	40.259	-76.832	33	1541
Ault Field	WA	48.338	-122.674	29	1541
Crescent City	FL	29.430	-81.511	33	1540
Winchester	MO	38.590	-90.528	5	1540
Stockton Springs	ME	44.490	-68.857	33	1540
Enfield	NH	43.641	-72.144	33	1540
Sawyerwood	OH	41.038	-81.441	33	1540
Ligonier	PA	40.243	-79.238	33	1540
Warren Park	IN	39.782	-86.050	16	1539
Elk Creek	KY	38.100	-85.371	33	1539
Elkfork	KY	37.965	-83.133	33	1539
Joanna	SC	34.415	-81.812	33	1539
Corrigan	TX	30.997	-94.827	5	1539
Millersburg	OR	44.681	-123.061	29	1539
Brewers Hill	MD	39.284	-76.565	33	1539
Cementon	PA	40.689	-75.508	33	1538
Waterford	PA	41.943	-79.984	33	1538
Meeme	WI	43.921	-87.831	5	1538
Claypool	AZ	33.411	-110.843	38	1538
Quail Valley	CA	33.707	-117.245	29	1538
Garrison	ND	47.652	-101.416	5	1538
Humber Arm South	NL	49.009	-58.135	43	1537
Corning	IA	40.990	-94.741	5	1537
Tonka Bay	MN	44.909	-93.593	5	1537
McGregor	ON	42.150	-82.967	45	1536
Watford	ON	42.950	-81.883	45	1536
Chinook Park	AB	50.983	-114.088	11	1535
Madoc	ON	44.508	-77.474	45	1535
Emerson	GA	34.127	-84.755	33	1535
Rognel Heights	MD	39.294	-76.686	33	1535
Stratford	OK	34.797	-96.959	5	1535
Northlakes	NC	35.782	-81.375	33	1534
Newfield	NJ	39.547	-75.026	33	1534
East Berlin	PA	39.938	-76.979	33	1534
Brookston	IN	40.603	-86.867	16	1534
Crugers	NY	41.233	-73.923	33	1534
Sussex Corner	NB	45.710	-65.483	32	1532
Lake Brownwood	TX	31.824	-99.099	5	1532
New Haven	WV	38.986	-81.973	33	1532
Oakwood	IL	40.116	-87.778	5	1532
Victory Gardens	NJ	40.876	-74.542	33	1532
Augusta	WI	44.680	-91.120	5	1532
Inverness	CO	39.577	-104.861	9	1532
Gordon	NE	42.805	-102.203	9	1531
Ponder	TX	33.183	-97.287	5	1530
Adwolf	VA	36.789	-81.582	33	1530
North Grosvenor Dale	CT	41.986	-71.899	33	1530
Greilickville	MI	44.783	-85.639	10	1530
Young America (historical)	MN	44.783	-93.914	5	1530
Salome	AZ	33.781	-113.615	38	1530
Taft Mosswood	CA	37.914	-121.283	29	1530
Bon Accord	AB	53.833	-113.419	11	1529
Greater Lakeburn	NB	46.077	-64.668	32	1529
Duque	PR	18.237	-65.742	39	1529
Clio	AL	31.709	-85.611	5	1529
Pewee Valley	KY	38.311	-85.487	33	1529
Cuba	NY	42.218	-78.275	33	1529
Freedom	PA	40.686	-80.252	33	1529
Lacolle	QC	45.083	-73.366	45	1528
Milford	NB	45.266	-66.110	32	1528
Terrace Bay	ON	48.783	-87.100	45	1528
Pastos	PR	18.118	-66.259	39	1528
Belle	MO	38.286	-91.720	5	1528
Woodcreek	TX	30.028	-98.111	5	1528
Ct 0022	QC	45.542	-73.542	45	1527
Corcovado	PR	18.459	-66.776	39	1527
Monette	AR	35.891	-90.344	5	1527
Crescent	OK	35.953	-97.595	5	1527
Manito	IL	40.426	-89.779	5	1527
Neligh	NE	42.129	-98.030	5	1527
Grindrod	BC	50.633	-119.119	46	1526
Glendale	WV	39.949	-80.754	33	1526
Curtice	OH	41.618	-83.368	33	1526
New Market	MD	39.383	-77.269	33	1525
Hines	OR	43.564	-119.081	29	1525
Legend Lake	WI	44.891	-88.544	5	1525
Western Lake	TX	32.623	-97.812	5	1525
Sylvan Springs	AL	33.516	-87.015	5	1524
Colfax	LA	31.519	-92.707	5	1524
Huntsville	MO	39.441	-92.545	5	1524
Marathon	WI	44.929	-89.840	5	1524
Gearhart	OR	46.024	-123.911	29	1524
Plum Creek	VA	37.130	-80.501	33	1524
Wildwood Lake	NS	44.687	-63.504	15	1523
Leland Grove	IL	39.777	-89.679	5	1523
Loveland Park	OH	39.300	-84.263	33	1523
Friedens	PA	40.050	-78.998	33	1523
Wilderness Rim	WA	47.447	-121.769	29	1523
Blairmore	AB	49.600	-114.435	11	1522
Kaibito	AZ	36.597	-111.074	9	1522
Arenas Valley	NM	32.794	-108.184	9	1522
Lincolndale	NY	41.323	-73.718	33	1521
Bridgeport	NE	41.665	-103.099	9	1521
Potter Greens	AB	53.518	-113.672	11	1520
New Marlborough	MA	42.123	-73.229	33	1520
Colma	CA	37.677	-122.460	29	1520
Nederland	CO	39.961	-105.511	9	1520
Heritage Lake	IL	40.547	-89.326	5	1520
Caln	PA	39.991	-75.780	33	1519
Buchanan Dam	TX	30.740	-98.431	5	1519
Babbitt	MN	47.709	-91.945	5	1519
Stanton	NE	41.950	-97.224	5	1519
Mount Vernon	AL	31.085	-88.013	5	1518
Edmonston	MD	38.947	-76.931	33	1518
Cactus Flat	AZ	32.758	-109.716	38	1518
Cannelton	IN	37.911	-86.744	20	1517
Watertown	TN	36.100	-86.132	5	1517
Granger	TX	30.718	-97.443	5	1517
Voorhees	NJ	40.480	-74.491	33	1517
Wembley	AB	55.150	-119.136	11	1516
Rafael Hernandez	PR	18.471	-67.079	39	1516
Virginia	IL	39.951	-90.212	5	1516
Blossburg	PA	41.680	-77.064	33	1516
Burkesville	KY	36.790	-85.371	5	1515
Tylertown	MS	31.116	-90.142	5	1515
Graysville	TN	35.447	-85.084	33	1515
Mount Pulaski	IL	40.011	-89.282	5	1515
Devon	PA	40.049	-75.429	33	1515
New Hope	OR	42.362	-123.368	29	1515
Youngs Crossing	NB	45.967	-66.599	32	1514
White Pigeon	MI	41.798	-85.643	10	1514
Winfield	NJ	40.643	-74.285	33	1514
Catawissa	PA	40.952	-76.460	33	1514
Leblanc	QC	48.267	-74.349	45	1513
Vance	AL	33.174	-87.234	5	1513
Winchester	IL	39.630	-90.456	5	1513
Hillsdale	MO	38.683	-90.284	5	1513
Guthrie Center	IA	41.677	-94.503	5	1513
Pilot Rock	OR	45.483	-118.830	29	1513
Falmouth Foreside	ME	43.735	-70.208	33	1511
Marion	NY	43.143	-77.189	33	1511
Rural East-Country Squire	ON	43.521	-80.497	45	1510
Holiday Valley	OH	39.856	-83.969	33	1510
Briarcliff	TX	30.407	-98.044	5	1510
Pine Valley	CA	32.821	-116.529	29	1510
Osburn	ID	47.506	-115.999	29	1510
Harbor Hills	OH	39.937	-82.435	33	1509
Carlyle	SK	49.633	-102.268	41	1508
Blackburne	AB	53.430	-113.503	11	1508
Audubon Park	KY	38.204	-85.725	27	1508
Mechanicsville	MD	38.443	-76.744	33	1508
West Barnstable	MA	41.706	-70.374	33	1508
Avis	PA	41.185	-77.314	33	1508
Groton	SD	45.447	-98.099	5	1508
Buttonwillow	CA	35.401	-119.470	29	1508
Toro Canyon	CA	34.420	-119.567	29	1508
Donovan Estates	AZ	32.709	-114.678	38	1508
Springbrook	AB	52.179	-113.880	11	1507
Oakland	IA	41.309	-95.397	5	1507
Shepherd	MI	43.524	-84.695	10	1507
Charlotte	TN	36.177	-87.340	5	1506
Slater	IA	41.878	-93.679	5	1506
Norwood (historical)	MN	44.768	-93.927	5	1506
Hartington	NE	42.623	-97.264	5	1506
Chadwicks	NY	43.028	-75.272	33	1506
Allendale	CA	38.445	-121.943	29	1506
Woodmont	CT	41.228	-72.991	33	1505
Dalmeny	SK	52.341	-106.771	41	1504
Hudson Bay	SK	52.850	-102.384	41	1504
Pangnirtung	NU	66.146	-65.700	25	1504
Clarendon	AR	34.693	-91.314	5	1504
Johnsonville	SC	33.818	-79.449	33	1504
Avoca	IA	41.477	-95.338	5	1504
Port Barrington	IL	42.243	-88.202	5	1504
Fern Acres	HI	19.512	-155.080	49	1504
Highpoint	OH	39.288	-84.350	33	1503
Woodward	IA	41.857	-93.922	5	1503
New Plymouth	ID	43.970	-116.819	3	1503
Atlantic Beach	NC	34.699	-76.740	33	1502
Chesapeake	WV	38.223	-81.536	33	1502
Greene	NY	42.329	-75.770	33	1502
Chevy Chase Heights	PA	40.637	-79.144	33	1502
Pine Grove Mills	PA	40.734	-77.886	33	1502
Julian	CA	33.079	-116.602	29	1502
Attawapiskat	ON	52.928	-82.417	45	1501
Gower	MO	39.611	-94.599	5	1501
Topaz Ranch Estates	NV	38.736	-119.501	29	1501
East Sooke	BC	48.366	-123.684	46	1500
Ohsweken	ON	43.067	-80.116	45	1500
Oyster River	BC	49.867	-125.133	46	1500
Penobsquis	NB	45.776	-65.381	32	1500
Pritchard	BC	50.683	-119.819	46	1500
Red Head	NB	45.249	-66.000	32	1500
Springfield Lake	NS	44.813	-63.745	15	1500
Napanee Downtown	ON	44.248	-76.951	45	1500
Skatepark	ON	44.251	-76.944	45	1500
Anahim Lake	BC	52.467	-125.307	46	1500
Bismarck	MO	37.769	-90.625	5	1500
Glen Alpine	NC	35.729	-81.779	33	1500
MacArthur	WV	37.758	-81.213	33	1500
Uncasville	CT	41.435	-72.110	33	1500
Monona	IA	43.052	-91.389	5	1500
Deansboro	NY	42.995	-75.429	33	1500
Bushland	TX	35.192	-102.065	5	1500
Marmora	ON	44.483	-77.683	45	1499
Rincón	PR	18.340	-67.250	39	1499
Dixon	MO	37.992	-92.094	5	1499
Elizabeth	PA	40.269	-79.890	33	1499
Prosperity	WV	37.837	-81.202	33	1498
Fosston	MN	47.576	-95.751	5	1498
Milroy	PA	40.714	-77.591	33	1498
Henryville	QC	45.133	-73.182	45	1497
Banner Hill	TN	36.131	-82.425	33	1497
Bruceville-Eddy	TX	31.305	-97.252	5	1497
Shreve	OH	40.681	-82.022	33	1497
Mayer	AZ	34.398	-112.236	38	1497
Stevenson	WA	45.696	-121.885	29	1497
Langham	SK	52.359	-106.962	41	1496
Richland	GA	32.088	-84.667	33	1496
Williamsville	IL	39.954	-89.549	5	1496
Worthington Hills	KY	38.309	-85.527	27	1496
Versailles	PA	40.316	-79.831	33	1496
Rosedale	AB	51.064	-114.079	11	1495
Greenup	IL	39.248	-88.163	5	1495
Warsaw	VA	37.959	-76.758	33	1495
Porter	ME	43.796	-70.933	33	1495
Orfordville	WI	42.628	-89.253	5	1495
Ct 0010	QC	45.582	-73.529	45	1494
Grove Hill	AL	31.709	-87.777	5	1494
Celina	TN	36.550	-85.505	5	1494
Waterman	IL	41.772	-88.774	5	1494
New Paris	IN	41.500	-85.828	16	1494
Westhampton	MA	42.303	-72.775	33	1494
Cambridge	WI	43.004	-89.016	5	1494
Quinton Heights	NB	45.252	-66.120	32	1493
Meridian	OK	34.427	-97.978	5	1493
Vonore	TN	35.590	-84.242	33	1493
Terra Alta	WV	39.446	-79.546	33	1493
Erving	MA	42.600	-72.398	33	1493
Kingston	NJ	40.375	-74.613	33	1493
Elizabethville	PA	40.549	-76.812	33	1493
Hurley	WI	46.450	-90.187	5	1493
Toquerville	UT	37.253	-113.285	9	1493
Hawthorne	FL	29.592	-82.087	33	1492
Toughkenamon	PA	39.831	-75.757	33	1492
Bangor	WI	43.893	-90.990	5	1492
Fayette	IA	42.842	-91.802	5	1491
Fort Loramie	OH	40.351	-84.374	33	1491
Saxonburg	PA	40.754	-79.810	33	1491
Natalia	TX	29.190	-98.863	5	1490
Lambert	MS	34.202	-90.283	5	1490
Stanfield	NC	35.233	-80.427	33	1490
Lyndhurst	VA	38.029	-78.945	33	1490
Bridgeport	NY	43.155	-75.969	33	1490
Sackets Harbor	NY	43.946	-76.119	33	1490
Utica	SC	34.678	-82.932	33	1489
Great River	NY	40.721	-73.158	33	1489
Linntown	PA	40.959	-76.899	33	1489
Saint Peter	WI	43.836	-88.341	5	1489
Morenci	AZ	33.052	-109.328	38	1489
Lac-au-Saumon	QC	48.421	-67.348	45	1488
Daguao	PR	18.226	-65.683	39	1488
Benld	IL	39.093	-89.804	5	1488
Parkston	SD	43.399	-97.984	5	1488
Shoshone	ID	42.936	-114.406	3	1488
Rodney Village	DE	39.132	-75.532	33	1487
Lynchburg	OH	39.242	-83.791	33	1487
West Salem	OH	40.971	-82.110	33	1487
Duncannon	PA	40.398	-77.023	33	1487
Mammoth	AZ	32.723	-110.641	38	1487
Intercity	ON	48.409	-89.255	45	1486
Culebra	PR	18.303	-65.301	39	1486
Hackleburg	AL	34.277	-87.829	5	1486
Girardville	PA	40.791	-76.284	33	1486
Ames Lake	WA	47.633	-121.966	29	1486
Rural Retreat	VA	36.894	-81.276	33	1485
Thorntown	IN	40.129	-86.607	16	1485
Freeport	ME	43.857	-70.103	33	1485
Ashaway	RI	41.423	-71.786	33	1485
Aztalan	WI	43.073	-88.862	5	1485
Castleton	VT	43.611	-73.180	33	1485
Benson	UT	41.787	-111.930	9	1485
Rancho Tehama Reserve	CA	40.016	-122.401	29	1485
Tingwick	QC	45.880	-71.942	45	1484
Seabrook Farms	NJ	39.501	-75.218	33	1484
Leoti	KS	38.480	-101.359	5	1484
McIntosh	NM	34.865	-106.052	9	1484
Porterdale	GA	33.575	-83.894	33	1483
Roxana	IL	38.848	-90.076	5	1483
Crystal Lakes	OH	39.889	-84.027	33	1483
Baird	TX	32.394	-99.394	5	1483
Evadale	TX	30.355	-94.073	5	1483
Woodsboro	TX	28.238	-97.320	5	1483
South Coventry	CT	41.770	-72.305	33	1483
Foresthill	CA	39.020	-120.818	29	1483
Saint-Charles	QC	45.703	-73.554	45	1482
Bel-Nor	MO	38.702	-90.317	5	1482
Marble Hill	MO	37.306	-89.970	5	1482
Ackerman	MS	33.310	-89.173	5	1482
Brilliant	OH	40.265	-80.626	33	1482
Woodland Hills	UT	40.015	-111.649	9	1482
Wilson	WY	43.501	-110.875	9	1482
Rougemont	QC	45.433	-73.049	45	1481
Pueblito del Rio	PR	18.228	-65.863	39	1481
Chatham	VA	36.826	-79.398	33	1481
Rainelle	WV	37.969	-80.767	33	1481
Dundas	MN	44.429	-93.202	5	1481
Panguitch	UT	37.823	-112.436	9	1481
Kingsey Falls	QC	45.850	-72.066	45	1480
Iota	LA	30.331	-92.496	5	1480
Elvins	MO	37.837	-90.533	5	1480
Windsor	PA	39.916	-76.584	33	1480
Milam	TX	31.432	-93.846	5	1480
Marshall	VA	38.865	-77.858	33	1480
Nooksack	WA	48.928	-122.322	29	1480
Englehart	ON	47.824	-79.874	45	1479
Maria Antonia	PR	17.978	-66.889	39	1479
Lincolnton	GA	33.792	-82.479	33	1479
Hiram	ME	43.879	-70.803	33	1479
Birch Run	MI	43.251	-83.794	10	1479
Macedon	NY	43.069	-77.299	33	1479
Laflin	PA	41.289	-75.805	33	1479
Lazy Mountain	AK	61.626	-148.946	0	1479
Edison	GA	31.558	-84.738	33	1478
West Ferriday	LA	31.640	-91.573	5	1478
Dedham	ME	44.692	-68.662	33	1478
Fox Lake	WI	43.566	-88.906	5	1478
Carp	ON	45.350	-76.033	45	1477
Devon	NB	45.964	-66.617	32	1477
Greenbush	ME	45.080	-68.651	33	1477
Tarkio	MO	40.440	-95.378	5	1477
Head of the Harbor	NY	40.903	-73.158	33	1477
Roaming Shores	OH	41.643	-80.823	33	1477
Petitcodiac	NB	45.939	-65.180	32	1476
McLennan	BC	49.163	-123.098	46	1476
Eureka Mill	SC	34.718	-81.194	33	1476
Clarks Green	PA	41.493	-75.700	33	1476
Telkwa	BC	54.697	-127.053	46	1474
Seadrift	TX	28.415	-96.714	5	1474
Battle Ground	IN	40.508	-86.842	16	1474
East Valley	NV	38.943	-119.699	29	1474
Nipigon	ON	49.017	-88.267	45	1473
Waswanipi	QC	49.733	-76.166	45	1473
Westover	AL	33.350	-86.536	5	1473
Cavetown	MD	39.644	-77.586	33	1473
Mound Bayou	MS	33.878	-90.727	5	1473
Burns	TN	36.053	-87.313	5	1473
Castleton-on-Hudson	NY	42.518	-73.751	33	1473
Nauwigewauk	NB	45.467	-65.899	32	1472
Parrsboro	NS	45.406	-64.326	15	1472
Newton	AL	31.335	-85.605	5	1472
Roseland	FL	27.836	-80.493	33	1472
Manning	IA	41.909	-95.065	5	1472
South Thomaston	ME	44.051	-69.128	33	1472
Weston Mills	NY	42.076	-78.373	33	1472
Redington Beach	FL	27.809	-82.811	33	1471
Essex	MA	42.632	-70.783	33	1471
Dewart	PA	41.109	-76.877	33	1471
Wedgewood Heights	AB	53.479	-113.645	11	1470
Indian Shores	FL	27.863	-82.848	33	1470
Southmont	NC	35.668	-80.267	33	1470
Caddo Mills	TX	33.066	-96.228	5	1470
State Center	IA	42.017	-93.164	5	1470
Stacy	MN	45.398	-92.987	5	1470
Oakdale	PA	40.398	-80.186	33	1470
Ehrenberg	AZ	33.604	-114.525	38	1470
Colmar Manor	MD	38.933	-76.946	33	1469
Coronation Park	BC	49.280	-122.819	46	1468
Yaurel	PR	18.027	-66.057	39	1468
Claycomo	MO	39.203	-94.492	5	1468
Queen City	TX	33.149	-94.150	5	1468
Grill	PA	40.299	-75.940	33	1468
Cleveland	WI	43.915	-87.747	5	1468
Lebec	CA	34.842	-118.865	29	1468
Manson	WA	47.885	-120.158	29	1468
Hill City	KS	39.365	-99.842	5	1467
Sweet Springs	MO	38.964	-93.415	5	1467
Chapel Hill	TN	35.626	-86.693	5	1467
Cap-Chat	QC	49.097	-66.685	45	1466
Dowling	ON	46.591	-81.339	45	1466
Point of Rocks	MD	39.276	-77.539	33	1466
Ash Grove	MO	37.315	-93.585	5	1466
Grandview	OH	39.194	-84.724	33	1466
Hemlock	MI	43.415	-84.231	10	1466
Avon	MN	45.609	-94.452	5	1466
Wyoming	DE	39.118	-75.559	33	1465
Lake Waccamaw	NC	34.319	-78.500	33	1465
Pilot Mountain	NC	36.387	-80.469	33	1465
Logan	IA	41.643	-95.789	5	1465
New Sarpy	LA	29.978	-90.390	5	1464
Somerset	OH	39.807	-82.297	33	1464
Mullens	WV	37.583	-81.380	33	1464
Philo	IL	40.007	-88.158	5	1464
Holland	MA	42.064	-72.157	33	1464
Jonesport	ME	44.533	-67.598	33	1464
Hardwick	NJ	41.055	-74.932	33	1464
Mariner's Ridge	HI	21.288	-157.704	49	1464
North Redington Beach	FL	27.816	-82.821	33	1463
Dulac	LA	29.389	-90.714	5	1463
Cleora	OK	36.579	-94.971	5	1463
East Lexington	VA	37.793	-79.425	33	1463
Ortonville	MI	42.852	-83.443	10	1463
Saint-Antoine-de-Tilly	QC	46.663	-71.573	45	1462
McEwen	NB	46.145	-64.786	32	1462
Darmstadt	IN	38.099	-87.579	5	1462
Morris	OK	35.608	-95.860	5	1462
Whitmire	SC	34.503	-81.611	33	1462
Madison	MN	45.010	-96.196	5	1462
Black Lick	PA	40.472	-79.187	33	1462
Edgar	WI	44.927	-89.963	5	1462
Burton	OH	41.471	-81.145	33	1461
Taft Southwest (historical)	TX	27.974	-97.403	5	1460
Grand Canyon	AZ	36.054	-112.139	38	1460
Fort Benton	MT	47.818	-110.667	9	1460
Fair Grove	MO	37.384	-93.151	5	1459
Urbana	IA	42.224	-91.874	5	1459
Walford	IA	41.878	-91.835	5	1459
Rehoboth Beach	DE	38.721	-75.076	33	1458
Bryson City	NC	35.431	-83.449	33	1458
Concord	VA	37.343	-78.975	33	1458
Alamosa East	CO	37.477	-105.842	9	1458
Balm	FL	27.759	-82.261	33	1457
Brooklet	GA	32.380	-81.663	33	1457
Dover	TN	36.488	-87.838	5	1457
Kremmling	CO	40.059	-106.389	9	1457
Saint-Ubalde	QC	46.750	-72.266	45	1456
Rock Creek	AL	33.477	-87.080	5	1456
Bonduel	WI	44.740	-88.445	5	1456
Montello	WI	43.791	-89.320	5	1456
Pump Hill	AB	50.967	-114.100	11	1455
Verona	KY	38.818	-84.661	33	1455
Coloma	MI	42.186	-86.308	10	1455
Newberry	MI	46.355	-85.510	10	1455
Saint Regis Park	KY	38.227	-85.617	27	1454
Troy	PA	40.915	-78.216	33	1454
Beaver	OK	36.816	-100.520	5	1454
Honeyville	UT	41.639	-112.079	9	1454
Baldwin	FL	30.303	-81.975	33	1453
Glade Spring	VA	36.791	-81.771	33	1453
Arlington	OH	40.894	-83.650	33	1453
Jackson Center	OH	40.439	-84.040	33	1453
Bergman	AB	53.579	-113.409	11	1452
Chesterfield	SC	34.736	-80.088	33	1452
Charleston	ME	45.085	-69.041	33	1452
Standish	MI	43.983	-83.959	10	1452
Clintondale	NY	41.695	-74.051	33	1452
East Griffin	GA	33.244	-84.229	33	1451
Arma	KS	37.544	-94.700	5	1451
Bartonsville	MD	39.393	-77.358	33	1451
Johnson	VT	44.636	-72.680	33	1451
Moroni	UT	39.525	-111.590	9	1451
L'Orignal	ON	45.620	-74.692	45	1450
Animas	PR	18.445	-66.635	39	1450
Buckhead Ridge	FL	27.130	-80.894	33	1450
North DeLand	FL	29.049	-81.298	33	1450
Kenly	NC	35.596	-78.124	33	1450
Toast	NC	36.500	-80.626	33	1450
Edgewood	TX	32.698	-95.885	5	1450
Hampden Sydney	VA	37.242	-78.460	33	1450
Marmet	WV	38.245	-81.567	33	1450
Akron	IA	42.829	-96.559	5	1450
New Beaver	PA	40.876	-80.371	33	1450
Rehobeth	AL	31.123	-85.453	5	1449
Brooklyn	WI	42.854	-89.370	5	1449
Winsloe	PE	46.293	-63.178	15	1448
Vanceburg	KY	38.599	-83.319	33	1448
Hudson	ME	45.001	-68.881	33	1448
Summerland	CA	34.421	-119.597	29	1448
Langley	SC	33.518	-81.844	33	1447
Seven Points	TX	32.320	-96.213	5	1447
Exmore	VA	37.532	-75.823	33	1447
Fairmead	CA	37.076	-120.193	29	1447
Sutton-Alpine	AK	61.710	-148.894	0	1447
Crofton	BC	48.866	-123.653	46	1446
East End	ON	48.396	-89.227	45	1446
Malvern	AL	31.139	-85.519	5	1446
Oronoco	MN	44.166	-92.535	5	1446
North Lewisburg	OH	40.223	-83.557	33	1445
Eldorado	WI	43.825	-88.622	5	1445
East Wellington	BC	49.174	-124.017	46	1444
Dawson	MN	44.933	-96.054	5	1444
Contoocook	NH	43.222	-71.714	33	1444
Bunker Hill	OR	43.356	-124.205	29	1444
Hudson	PA	41.275	-75.836	33	1443
LeChee	AZ	35.032	-110.753	38	1443
Saint Michaels	AZ	35.645	-109.096	9	1443
Annetta	TX	32.709	-97.676	5	1442
Stuart	VA	36.641	-80.266	33	1442
Rotan	TX	32.852	-100.466	5	1442
Culver	OR	44.526	-121.213	29	1442
Coleman	AB	49.633	-114.502	11	1441
Biltmore Forest	NC	35.534	-82.528	33	1441
Murphys Estates	SC	33.601	-81.944	33	1441
Shirley	MA	42.544	-71.650	33	1441
West Stockbridge	MA	42.346	-73.366	33	1441
Forest	OH	40.802	-83.510	33	1441
Marshallton	PA	40.787	-76.539	33	1441
Temelec	CA	38.267	-122.493	29	1441
Berino	NM	32.071	-106.621	9	1441
McCord	OK	36.678	-97.040	5	1440
Tracy City	TN	35.260	-85.736	5	1440
Wacousta	MI	42.828	-84.701	10	1440
Sutton	NE	40.606	-97.859	5	1440
Russellton	PA	40.611	-79.837	33	1440
Cornell	WI	45.167	-91.149	5	1440
El Valle de Arroyo Seco	NM	35.963	-106.029	9	1440
Brookside	NS	44.554	-63.724	15	1439
Pinebluff	NC	35.110	-79.472	33	1439
Quinlan	TX	32.910	-96.136	5	1439
Gridley	IL	40.743	-88.881	5	1439
West Baraboo	WI	43.474	-89.770	5	1439
Kettleman City	CA	36.008	-119.962	29	1439
Norridgewock	ME	44.713	-69.791	33	1438
Kincaid	IL	39.589	-89.415	5	1437
Guthrie	KY	36.648	-87.166	5	1437
Elwood	NJ	39.577	-74.717	33	1437
Kilmarnock	VA	37.710	-76.380	33	1437
Bremen	OH	39.702	-82.427	33	1437
Dassel	MN	45.082	-94.307	5	1437
Middleburgh	NY	42.599	-74.333	33	1437
Bressler	PA	40.230	-76.820	33	1437
Miller	SD	44.518	-98.988	5	1437
Dover	VT	42.944	-72.804	33	1437
Irwindale	CA	34.107	-117.935	29	1437
Lappe	ON	48.567	-89.350	45	1436
Port Gibson	MS	31.961	-90.984	5	1436
Chappaqua	NY	41.160	-73.765	33	1436
South Coatesville	PA	39.974	-75.820	33	1435
Richmond	MN	45.454	-94.518	5	1435
Les Cèdres	QC	45.310	-74.059	45	1434
Winfield	MO	38.997	-90.738	5	1434
Bruceton	TN	36.038	-88.244	5	1434
Gardner	IL	41.186	-88.310	5	1434
Keystone Heights	FL	29.786	-82.031	33	1433
Hoschton	GA	34.096	-83.761	33	1433
Tahoe Vista	CA	39.240	-120.051	29	1433
Perryville	AR	35.005	-92.803	5	1432
Ringgold	LA	32.328	-93.280	5	1432
New Union	TN	35.533	-86.081	5	1431
Copper Canyon	TX	33.096	-97.097	5	1431
Rustburg	VA	37.277	-79.101	33	1431
Parsons	WV	39.096	-79.681	33	1431
Granger	IA	41.761	-93.824	5	1431
Wellman	IA	41.464	-91.838	5	1431
Langhorne Manor	PA	40.167	-74.918	33	1431
Elephant Butte	NM	33.149	-107.185	9	1431
Coalville	UT	40.918	-111.399	9	1431
Silver Lake	KS	39.104	-95.859	5	1430
Apache	OK	34.894	-98.366	5	1430
Huntington Bay	NY	40.900	-73.415	33	1430
Kittitas	WA	46.983	-120.417	29	1430
Linn	MO	38.486	-91.850	5	1429
Brocton	NY	42.389	-79.441	33	1429
Shortsville	NY	42.956	-77.221	33	1429
Fort Recovery	OH	40.413	-84.776	33	1429
Greenwich	OH	41.030	-82.516	33	1429
Sandy	PA	41.108	-78.771	33	1429
Worthington	IN	39.125	-86.979	16	1428
Towanda	KS	37.798	-97.000	5	1428
Pittsville	MD	38.395	-75.413	33	1428
Lakeshire	MO	38.539	-90.335	5	1428
Pelham	MA	42.393	-72.404	33	1428
Tobermory	ON	45.250	-81.666	45	1427
Grandview	IL	39.816	-89.619	5	1427
Oblong	IL	39.002	-87.909	5	1427
Monrovia	IN	39.579	-86.482	16	1427
Raleigh	MS	32.033	-89.522	5	1427
Meridian	TX	31.923	-97.657	5	1427
Saint Elmo	IL	39.027	-88.848	5	1426
Helena	OK	36.546	-98.270	5	1426
Bells	TX	33.610	-96.411	5	1426
Pawlet	VT	43.347	-73.176	33	1426
Cadott	WI	44.948	-91.151	5	1426
Ladera	CA	37.400	-122.198	29	1426
Nanawale Estates	HI	19.506	-154.912	49	1426
Brookside West	NB	46.000	-66.651	32	1425
Millbrook	NY	41.785	-73.694	33	1425
South Palm Beach	FL	26.589	-80.039	33	1424
Robersonville	NC	35.825	-77.249	33	1424
Franklin	ME	44.587	-68.232	33	1424
Trenton	ME	44.439	-68.370	33	1424
South Temple	PA	40.400	-75.922	33	1424
Tonto Basin	AZ	33.832	-111.295	38	1424
Berry Creek	CA	39.645	-121.403	29	1424
Pemberville	OH	41.411	-83.461	33	1423
Descanso	CA	32.853	-116.616	29	1423
Debert	NS	45.433	-63.465	15	1422
Espino	PR	18.276	-67.119	39	1422
Westport	IN	39.176	-85.573	16	1422
Kinsley	KS	37.923	-99.410	5	1422
Stanleytown	VA	36.744	-79.963	33	1422
Woodbine	IA	41.738	-95.703	5	1422
Sundown	TX	33.456	-102.489	5	1422
Sun Valley	ID	43.697	-114.352	3	1422
Depoe Bay	OR	44.808	-124.063	29	1422
College Hill	NB	45.947	-66.645	32	1421
Cedar Glen Lakes	NJ	39.952	-74.400	33	1421
South Windham	CT	41.680	-72.170	33	1421
Kingsford Heights	IN	41.481	-86.692	5	1421
Tri-Lakes	IN	41.246	-85.442	16	1421
Chatham	MA	41.682	-69.960	33	1421
Oriole Beach	FL	30.374	-87.091	5	1420
Charlotte Hall	MD	38.481	-76.778	33	1420
Velda Village	MO	38.690	-90.294	5	1420
Menard	TX	30.918	-99.786	5	1420
Brooklyn	IA	41.734	-92.445	5	1420
Muhlenberg Park	PA	40.385	-75.941	33	1420
Hillsboro	WI	43.652	-90.344	5	1420
Shilo	MB	49.806	-99.646	48	1419
Clinton	ME	44.638	-69.503	33	1419
Ransomville	NY	43.239	-78.910	33	1419
Genola	UT	39.996	-111.843	9	1419
Garrett	WA	46.052	-118.403	29	1419
Noyan	QC	45.067	-73.299	45	1418
Bajandas	PR	18.158	-65.782	39	1418
Marbury	AL	32.701	-86.471	5	1418
Bourne	MA	41.741	-70.599	33	1418
Milan	NH	44.573	-71.185	33	1418
Browntown	PA	41.310	-75.787	33	1418
Nantucket	NS	44.675	-63.514	15	1417
Grapeland	TX	31.492	-95.479	5	1417
Dunlap	IL	40.862	-89.679	5	1417
Markesan	WI	43.707	-88.990	5	1417
North Fork	AZ	34.002	-109.964	38	1417
Stearns	KY	36.699	-84.477	33	1416
Wolfe City	TX	33.371	-96.069	5	1416
Rowley	MA	42.717	-70.879	33	1416
Blawnox	PA	40.493	-79.861	33	1416
Dunnigan	CA	38.885	-121.970	29	1416
Cheswold	DE	39.219	-75.586	33	1415
Bedford	IA	40.667	-94.721	5	1415
Lone Tree	IA	41.488	-91.426	5	1415
Surry	ME	44.496	-68.502	33	1415
Centreville	MI	41.923	-85.528	10	1415
Alexandria	NH	43.611	-71.793	33	1415
New London	NH	43.414	-71.985	33	1415
Verdi	NV	39.518	-119.989	29	1415
Nellieburg	MS	32.407	-88.777	5	1414
Crystal Falls	MI	46.098	-88.334	30	1414
Stanton	MI	43.293	-85.081	10	1414
Wymore	NE	40.122	-96.663	5	1414
Webb	AL	31.260	-85.273	5	1413
Moodus	CT	41.503	-72.450	33	1413
West Brookfield	MA	42.235	-72.141	33	1413
New Castle Northwest	PA	41.022	-80.357	33	1413
Northwest Ithaca	NY	42.471	-76.541	33	1413
Red Corral	CA	38.412	-120.606	29	1413
Morgantown	MS	31.573	-91.348	5	1412
Sand Lake	MI	44.319	-83.685	10	1412
Richibucto	NB	46.681	-64.880	32	1411
Flomaton	AL	31.000	-87.261	5	1411
Montezuma	IA	41.586	-92.527	5	1411
Swanville	ME	44.521	-68.998	33	1411
Oxford	NY	42.442	-75.598	33	1411
New California	OH	40.156	-83.237	33	1411
Godefroy	QC	51.750	-68.082	45	1410
Norton	NB	45.639	-65.698	32	1410
Tsleil-Waututh	BC	49.310	-122.981	46	1410
Livonia	LA	30.559	-91.556	5	1410
Clifton	IL	40.935	-87.934	5	1410
West Chatham	MA	41.681	-69.991	33	1410
Granville South	OH	40.052	-82.542	33	1410
Tufts Cove	NS	44.682	-63.597	15	1409
Clarksville	IA	42.785	-92.668	5	1409
Durand	IL	42.436	-89.332	5	1409
Pocono Pines	PA	41.107	-75.454	33	1409
Loving	NM	32.286	-104.096	9	1409
Clermont	IN	39.810	-86.322	16	1408
Olivet	NJ	39.548	-75.155	33	1408
Atglen	PA	39.949	-75.974	33	1408
Runaway Bay	TX	33.168	-97.878	5	1408
Reese	MI	43.451	-83.696	10	1408
Russell	PA	41.941	-79.135	33	1408
Janesville	CA	40.297	-120.524	29	1408
Crosby	ND	48.914	-103.295	5	1408
Ness City	KS	38.453	-99.907	5	1407
Gleason	TN	36.214	-88.613	5	1407
Mishicot	WI	44.239	-87.641	5	1407
Río Blanco	PR	18.218	-65.788	39	1406
Arlington	GA	31.440	-84.725	33	1406
Sharon	MS	31.790	-89.099	5	1406
Locust Grove	OK	36.200	-95.168	5	1406
Red Lake Falls	MN	47.882	-96.274	5	1406
Eatons Neck	NY	40.931	-73.402	33	1406
Bradford	RI	41.399	-71.737	33	1406
Moosonee	ON	51.279	-80.635	45	1405
Rosthern	SK	52.667	-106.334	41	1405
Irwin	SC	34.694	-80.822	33	1405
Earlham	IA	41.492	-94.124	5	1405
Warren	MA	42.213	-72.191	33	1405
Plandome	NY	40.807	-73.703	33	1405
Paonia	CO	38.868	-107.592	9	1405
Metlakatla	AK	55.129	-131.577	31	1405
Fort Dick	CA	41.868	-124.149	29	1405
Parkdale	ON	48.386	-89.307	45	1404
Hazen	AR	34.781	-91.581	5	1404
Au Sable	MI	44.411	-83.332	10	1404
Millhill	MD	39.279	-76.657	33	1404
Shipley Hill	MD	39.286	-76.657	33	1404
Keating	BC	48.567	-123.400	46	1403
Alvord	TX	33.358	-97.695	5	1403
Wakefield	NE	42.269	-96.865	5	1403
Black Earth	WI	43.137	-89.747	5	1403
Jagual	PR	18.162	-65.995	39	1402
Felton	DE	39.008	-75.578	33	1402
Walnut Cove	NC	36.295	-80.142	33	1402
Alloway	NJ	39.561	-75.362	33	1402
Cairo	NY	42.299	-73.998	33	1402
Elizabeth	CO	39.360	-104.597	9	1402
Sainte-Croix	QC	45.134	-72.801	45	1401
Mountain Meadows	BC	49.288	-122.818	46	1401
Odon	IN	38.843	-86.991	22	1401
Manchester	KY	37.154	-83.762	33	1401
Kimball	TN	35.048	-85.672	5	1401
Flatonia	TX	29.688	-97.109	5	1401
Pioneer	OH	41.680	-84.553	33	1401
Clarke's Beach	NL	47.542	-53.284	43	1400
Sharbot Lake	ON	44.774	-76.687	45	1400
Sun Peaks	BC	50.876	-119.911	46	1400
Bally Haly	NL	47.587	-52.702	43	1400
New Windsor	MD	39.542	-77.108	33	1400
Crump	TN	35.222	-88.318	5	1400
Fennville	MI	42.594	-86.102	10	1400
Wendover	UT	40.737	-114.038	9	1400
Shoal Creek	AL	33.431	-86.611	5	1400
Elk Point	AB	53.900	-110.902	11	1399
Okawville	IL	38.434	-89.550	5	1399
Grand Isle	LA	29.237	-89.987	5	1399
Avondale	PA	39.823	-75.783	33	1399
Hyde	PA	41.003	-78.463	33	1399
Montague	CA	41.728	-122.528	29	1399
Dover	AR	35.401	-93.114	5	1398
Washington	ME	44.274	-69.367	33	1398
Schwenksville	PA	40.256	-75.464	33	1398
Harper	KS	37.287	-98.026	5	1397
Ansted	WV	38.136	-81.100	33	1397
Penobscot	ME	44.465	-68.711	33	1397
Antrim	NH	43.031	-71.939	33	1397
Hughestown	PA	41.327	-75.773	33	1397
Kinngait	NU	64.234	-76.544	25	1396
Carbondale	KS	38.819	-95.689	5	1396
Gueydan	LA	30.026	-92.508	5	1396
Vian	OK	35.498	-94.970	5	1396
Apple Mountain Lake	VA	38.924	-78.101	33	1396
Kingsley	IA	42.588	-95.968	5	1396
Culver	IN	41.219	-86.423	16	1396
Waverly	MN	45.067	-93.966	5	1396
Springfield	CO	37.408	-102.614	9	1396
Earlington	KY	37.274	-87.512	5	1395
Scotland	PA	39.969	-77.587	33	1395
Bell Acres	PA	40.590	-80.166	33	1395
Faxon	PA	41.248	-76.977	33	1395
Kernville	CA	35.755	-118.425	29	1395
Mountain Village	CO	37.931	-107.856	9	1395
Stoney Point/Pointe-aux-Roches	ON	42.305	-82.549	45	1394
Bagley	MN	47.522	-95.398	5	1394
Colebrook	NH	44.894	-71.496	33	1394
Laurel	NY	40.970	-72.562	33	1394
Orangeville	UT	39.227	-111.053	9	1394
Boulderwood	NS	44.624	-63.595	15	1393
Willacoochee	GA	31.341	-83.046	33	1393
Harvey	MI	46.495	-87.354	10	1393
Elmore	OH	41.476	-83.296	33	1393
Nashotah	WI	43.098	-88.402	5	1393
Sunriver	OR	43.884	-121.439	29	1393
Ironton	MO	37.597	-90.627	5	1392
Honaker	VA	37.016	-81.974	33	1392
Lewiston	MI	44.884	-84.306	10	1392
Bryn Athyn	PA	40.132	-75.067	33	1392
Capitan	NM	33.545	-105.572	9	1392
Holstein	IA	42.489	-95.545	5	1391
Cornwells Heights	PA	40.077	-74.949	33	1391
Bertram	TX	30.744	-98.056	5	1390
New Rockford	ND	47.680	-99.138	5	1390
Liberty Hill	TX	30.665	-97.923	5	1389
Nora Springs	IA	43.143	-93.004	5	1389
Otis	MA	42.193	-73.092	33	1389
Luna Pier	MI	41.807	-83.442	10	1389
Pomeroy	WA	46.475	-117.603	29	1389
Greenland	AR	35.994	-94.175	5	1388
Manteo	NC	35.908	-75.676	33	1388
Ceredo	WV	38.396	-82.559	33	1388
Freedom	NH	43.812	-71.036	33	1388
Phillips	WI	45.697	-90.400	5	1388
Casa Blanca	AZ	33.120	-111.888	38	1388
Puntledge	BC	49.673	-125.029	46	1387
Saint-Barnabé-Sud	QC	45.730	-72.922	45	1387
Gill	MA	42.640	-72.500	33	1387
Oakport	MN	46.932	-96.779	5	1387
Sunrise Lake	PA	41.310	-74.967	33	1387
Centerfield	UT	39.125	-111.819	9	1387
Fort St. James	BC	54.456	-124.263	46	1386
Gretna	FL	30.617	-84.660	33	1386
Fairview Park	IN	39.680	-87.418	16	1386
Olla	LA	31.903	-92.243	5	1386
Frenchtown	NJ	40.526	-75.062	33	1386
Birchwood Lakes	PA	41.255	-74.918	33	1386
Joseph City	AZ	34.956	-110.334	38	1386
Eden Roc	HI	19.490	-155.103	49	1386
Linière	QC	46.000	-70.416	45	1385
Saint-Éphrem-de-Beauce	QC	46.067	-70.949	45	1385
Mansura	LA	31.058	-92.049	5	1385
Shattuck	OK	36.276	-99.883	5	1385
Lakeside	TX	32.822	-97.493	5	1385
Lenox	IA	40.882	-94.562	5	1385
Sanborn	IA	43.182	-95.656	5	1385
New Hartford Center	CT	41.880	-72.975	33	1385
Salina	OK	36.293	-95.153	5	1384
Baxter	TN	36.154	-85.644	5	1384
Northport	ME	44.338	-68.961	33	1384
Deer Park	CA	38.682	-120.823	29	1384
Sublette	KS	37.482	-100.844	5	1384
Chartwell	BC	49.349	-123.153	46	1383
Pemberton	NJ	39.972	-74.683	33	1383
Somerville	TX	30.346	-96.528	5	1383
White Cloud	MI	43.550	-85.772	10	1383
Kugluktuk	NU	67.827	-115.096	4	1382
Hartford	IL	38.833	-90.096	5	1382
Oakland	MO	38.576	-90.386	5	1382
Siesta Shores	TX	26.858	-99.254	5	1382
Wayne	WV	38.221	-82.442	33	1382
Charlemont	MA	42.628	-72.870	33	1382
Mount Wolf	PA	40.063	-76.704	33	1382
Terre Hill	PA	40.157	-76.050	33	1382
Coto Norte	PR	18.431	-66.440	39	1381
Crainville	IL	37.752	-89.068	5	1381
Newfield	ME	43.648	-70.847	33	1381
Temple	NH	42.818	-71.851	33	1381
West Conshohocken	PA	40.070	-75.316	33	1381
Norwood	ON	44.383	-77.983	45	1380
Stateburg	SC	33.958	-80.535	33	1380
Moody	TX	31.308	-97.361	5	1380
Fort Ashby	WV	39.503	-78.769	33	1380
Chisholm	ME	44.481	-70.200	33	1380
Glyndon	MN	46.875	-96.579	5	1380
Highland Park	PA	40.621	-77.568	33	1380
Mancos	CO	37.345	-108.289	9	1380
Jack	AL	31.574	-86.000	5	1379
Shell Knob	MO	36.632	-93.634	5	1379
Tatum	TX	32.316	-94.517	5	1379
Lake Catherine	IL	42.479	-88.133	5	1379
Ka‘a‘awa	HI	21.554	-157.851	49	1379
New Pekin	IN	38.505	-86.017	16	1378
Walnut Grove	GA	33.743	-83.852	33	1378
Colwich	KS	37.779	-97.536	5	1378
Winnebago	MN	43.768	-94.166	5	1378
Northwest Community Action	MD	39.306	-76.665	33	1378
Port Norris	NJ	39.246	-75.035	33	1377
Woodbranch	TX	30.181	-95.189	5	1377
Mount Hope	WV	37.895	-81.164	33	1377
Forreston	IL	42.126	-89.579	5	1377
Rome City	IN	41.496	-85.377	16	1377
Littlerock	CA	34.521	-117.984	29	1377
Home	WA	47.275	-122.764	29	1377
Chapman	KS	38.972	-97.023	5	1376
South Point	TX	25.869	-97.384	5	1376
Warren	IL	42.496	-89.990	5	1376
Wyoming	IL	41.062	-89.773	5	1376
Branchport	NY	42.599	-77.154	33	1376
Loretto	PA	40.503	-78.630	33	1376
Newell	WV	40.618	-80.604	33	1376
Darrington	WA	48.255	-121.602	29	1376
Dawson City	YT	64.060	-139.433	7	1375
Park River	ND	48.399	-97.741	5	1375
Oriskany	NY	43.157	-75.333	33	1375
Stottville	NY	42.286	-73.739	33	1375
Williamstown	PA	40.580	-76.618	33	1375
Boswell's Corner	VA	38.505	-77.373	33	1375
Big Sandy	TX	32.584	-95.109	5	1374
Cushing	ME	44.019	-69.240	33	1374
South Windham	ME	43.736	-70.424	33	1374
Schuylerville	NY	43.100	-73.582	33	1374
Oak Leaf	TX	32.520	-96.855	5	1373
Rosebud	TX	31.073	-96.979	5	1373
Lanark	IL	42.102	-89.833	5	1373
Ravenna	NE	41.026	-98.913	5	1373
Nixon	PA	40.783	-79.930	33	1373
Sumas	WA	49.000	-122.265	29	1373
Columbus Air Force Base	MS	33.632	-88.452	5	1373
Mabscott	WV	37.771	-81.208	33	1372
Elroy	WI	43.741	-90.272	5	1372
Charlack	MO	38.703	-90.343	5	1371
Awendaw	SC	33.038	-79.613	33	1371
Springville	VA	37.197	-81.403	33	1371
Manton	MI	44.411	-85.399	10	1371
Frazee	MN	46.728	-95.701	5	1371
High Park	AB	53.554	-113.585	11	1370
Cottage City	MD	38.938	-76.948	33	1370
Foscoe	NC	36.162	-81.766	33	1370
Panama	OK	35.167	-94.672	5	1370
Hubbard	TX	31.848	-96.797	5	1370
Muniz	TX	26.256	-98.089	5	1370
Parker City	IN	40.189	-85.204	16	1370
Sandwich	NH	43.790	-71.411	33	1370
Monroeville	OH	41.244	-82.696	33	1370
Ho‘olehua	HI	21.168	-157.070	49	1370
Osborne	KS	39.439	-98.696	5	1369
Shoemakersville	PA	40.501	-75.970	33	1369
Ferndale	CA	40.576	-124.264	29	1369
Cedarville	AR	35.570	-94.367	5	1368
Unionville	TN	35.622	-86.593	5	1368
Granby	MA	42.256	-72.516	33	1368
New Berlinville	PA	40.345	-75.633	33	1368
South Lynnmour	BC	49.307	-123.043	46	1367
Wood River	NE	40.821	-98.600	5	1367
North Roland Park/Poplar Hill	MD	39.367	-76.640	33	1367
Plattsville	ON	43.308	-80.616	45	1366
Advance	MO	37.105	-89.910	5	1366
Pleak	TX	29.489	-95.808	5	1366
Sistersville	WV	39.564	-80.996	33	1366
Beechwood Village	KY	38.255	-85.631	27	1365
Claremont	NC	35.715	-81.146	33	1365
Laverne	OK	36.710	-99.893	5	1365
Waukomis	OK	36.280	-97.898	5	1365
New Market	TN	36.104	-83.553	33	1365
Mancelona	MI	44.902	-85.061	10	1365
Yalaha	FL	28.739	-81.809	33	1364
Pine Knoll Shores	NC	34.697	-76.813	33	1364
Long Beach	WA	46.352	-124.054	29	1364
Woodway	WA	47.796	-122.383	29	1364
Cohoe	AK	60.369	-151.306	0	1364
Plattsburgh West	NY	44.683	-73.503	33	1364
Westlake	AB	55.222	-118.804	11	1363
Minneota	MN	44.559	-95.986	5	1363
Winthrop	MN	44.543	-94.366	5	1363
Eagle River	WI	45.917	-89.244	5	1363
St. Adolphe	MB	49.674	-97.111	48	1362
Hope	ME	44.265	-69.159	33	1362
Pierz	MN	45.982	-94.105	5	1362
Wheaton	MN	45.804	-96.499	5	1362
Garden Creek	NB	45.964	-66.707	32	1361
Inman	KS	38.232	-97.773	5	1361
Cuba	IL	42.184	-88.191	5	1361
Rice	MN	45.752	-94.220	5	1361
Hampton	NJ	40.707	-74.956	33	1361
Holcomb	NY	42.902	-77.420	33	1361
Ashley	OH	40.409	-82.955	33	1361
Addison	VT	44.089	-73.303	33	1361
Richford	VT	44.997	-72.671	33	1361
Benwood	WV	40.018	-80.734	33	1361
South Uniontown	PA	39.893	-79.747	33	1360
Midtown	TN	35.880	-84.564	33	1360
Roan Mountain	TN	36.196	-82.070	33	1360
Russells Point	OH	40.471	-83.893	33	1360
Dunnstown	PA	41.146	-77.421	33	1360
Columbine Valley	CO	39.601	-105.032	9	1360
Manning	AB	56.922	-117.631	11	1359
Central City	IL	41.238	-88.282	5	1359
New Carlisle	QC	48.010	-65.336	45	1358
Pine Mountain	GA	32.865	-84.854	33	1358
Morristown	IN	39.673	-85.699	16	1358
Lesage	WV	38.506	-82.298	33	1358
Surrey	ND	48.236	-101.133	5	1358
Fredericksburg	PA	40.444	-76.428	33	1357
Babson Park	FL	27.832	-81.522	33	1356
Mitchell	IL	38.762	-90.085	5	1356
Pelahatchie	MS	32.313	-89.798	5	1356
Effingham	NH	43.761	-70.996	33	1356
Pāhala	HI	19.203	-155.479	49	1356
Cortland West	NY	42.594	-76.226	33	1356
Upper West Lynn	BC	49.330	-123.036	46	1355
Interlachen	FL	29.624	-81.893	33	1355
Lake Dalecarlia	IN	41.331	-87.395	5	1355
Neponsit	NY	40.572	-73.862	33	1355
Bainbridge	PA	40.091	-76.667	33	1355
Blades	DE	38.636	-75.610	33	1354
Livermore	KY	37.493	-87.132	5	1354
Nokesville	VA	38.699	-77.580	33	1354
Dysart	IA	42.172	-92.306	5	1354
Cerro Gordo	IL	39.891	-88.728	5	1353
Pine Plains	NY	41.980	-73.656	33	1353
Hummels Wharf	PA	40.832	-76.836	33	1353
Gillett	WI	44.890	-88.307	5	1353
Two Hills	AB	53.710	-111.746	11	1352
Auburn	KY	36.864	-86.710	5	1352
Crane	MO	36.905	-93.572	5	1352
Rapid City	MI	44.834	-85.283	10	1352
Burgettstown	PA	40.382	-80.393	33	1352
Woodstock	ME	44.375	-70.608	33	1352
Lithopolis	OH	39.803	-82.806	33	1351
Latta	SC	34.337	-79.431	33	1351
Livonia	NY	42.821	-77.669	33	1351
Hasson Heights	PA	41.449	-79.677	33	1351
Blair	WI	44.294	-91.235	5	1351
New Berlin	IL	39.725	-89.911	5	1350
Elm City	NC	35.807	-77.863	33	1350
Olivet	TN	35.214	-88.200	5	1350
Stanaford	WV	37.816	-81.152	33	1350
Walnut	IL	41.557	-89.593	5	1350
East Machias	ME	44.739	-67.390	33	1350
Bernhards Bay	NY	43.245	-75.934	33	1350
Pittsford	NY	43.091	-77.515	33	1350
Conemaugh	PA	40.326	-78.897	33	1350
Peridot	AZ	33.310	-110.455	38	1350
Gjoa Haven	NU	68.626	-95.878	4	1349
Saint-Damase	QC	45.533	-72.999	45	1349
Fairfax	OK	36.574	-96.704	5	1349
Hometown	PA	40.824	-75.980	33	1349
Rosendale Village	NY	41.850	-74.074	33	1349
Garwyn Oaks	MD	39.318	-76.679	33	1349
Hillsborough	NB	45.920	-64.655	32	1348
West Marion	NC	35.658	-82.025	33	1348
Capron	IL	42.400	-88.740	5	1348
New Sharon	ME	44.639	-70.016	33	1348
Many Farms	AZ	36.353	-109.618	9	1348
Woodacre	CA	38.013	-122.645	29	1348
Mendon	UT	41.710	-111.978	9	1348
Nelson	GA	34.382	-84.371	33	1347
Lakewood Shores	IL	41.282	-88.145	5	1347
Litchfield	MI	42.044	-84.757	10	1347
Milan	OH	41.298	-82.605	33	1347
Rockaway Beach	OR	45.613	-123.943	29	1347
Candelero Arriba	PR	18.102	-65.837	39	1346
Lake Hamilton	FL	28.044	-81.628	33	1346
Sneedville	TN	36.530	-83.217	33	1346
St. Andrews Heights	AB	51.063	-114.124	11	1345
Lower West Lynn	BC	49.320	-123.050	46	1345
Snyder	OK	34.659	-98.952	5	1345
City View	SC	34.862	-82.432	33	1345
Hardwick	VT	44.505	-72.368	33	1345
Pointe-à-la-Croix	QC	48.016	-66.682	45	1344
Parcelas La Milagrosa	PR	18.171	-66.188	39	1344
Redkey	IN	40.349	-85.150	16	1344
Sea Bright	NJ	40.361	-73.974	33	1344
Aristocrat Ranchettes	CO	40.109	-104.762	9	1344
Shorewood-Tower Hills-Harbert	MI	41.882	-86.614	10	1344
Goodwater	AL	33.066	-86.053	5	1343
Elmer	NJ	39.595	-75.170	33	1343
Catawba	SC	34.853	-80.911	33	1343
East Sumter	SC	33.925	-80.296	33	1343
Conehatta	MS	32.451	-89.285	5	1342
Saucier	MS	30.636	-89.135	5	1342
Tripoli	IA	42.808	-92.258	5	1342
Spring Valley	WI	44.845	-92.239	5	1342
Blue Ridge	AL	32.493	-86.191	5	1341
Hayden	AL	33.893	-86.758	5	1341
Rutherford College	NC	35.748	-81.523	33	1341
West Alexandria	OH	39.745	-84.532	33	1341
Appleton	MN	45.197	-96.020	5	1341
Independence	WI	44.357	-91.420	5	1341
Mākaha Valley	HI	21.476	-158.199	49	1341
Hérouxville	QC	46.666	-72.625	45	1340
Saint Leo	FL	28.337	-82.258	33	1340
Winterport	ME	44.638	-68.845	33	1340
Northville	NY	40.970	-72.619	33	1340
Maple Bluff	WI	43.118	-89.380	5	1340
Radium Hot Springs	BC	50.617	-116.069	11	1339
Les Escoumins	QC	48.352	-69.407	45	1339
Munday	TX	33.449	-99.623	5	1339
Naples	TX	33.203	-94.680	5	1339
Menahga	MN	46.754	-95.098	5	1339
Flemington	PA	41.126	-77.472	33	1339
Woodville	WI	44.953	-92.291	5	1339
West Yellowstone	MT	44.662	-111.104	9	1339
Dunes City	OR	43.883	-124.115	29	1339
Mescalero	NM	33.158	-105.774	9	1338
North Ballston Spa	NY	43.020	-73.851	33	1338
Franklintown Road	MD	39.297	-76.668	33	1338
West Lorne	ON	42.600	-81.600	45	1337
Saint George	MO	38.537	-90.315	5	1337
Colchester	IL	40.426	-90.793	5	1337
Saint-Léonard-d'Aston	QC	46.107	-72.374	45	1336
Wathena	KS	39.759	-94.950	5	1336
Rich Hill	MO	38.096	-94.361	5	1336
La Plata	MO	40.023	-92.492	5	1336
Sutherland	NE	41.157	-101.126	5	1336
Wolf Creek	UT	41.333	-111.827	9	1336
Flippin	AR	36.279	-92.597	5	1335
Boyd	TX	33.079	-97.565	5	1335
Lions Bay	BC	49.452	-123.238	46	1334
Benitez	PR	18.274	-65.879	39	1334
South Carthage	TN	36.242	-85.952	5	1334
Orange Grove	TX	27.957	-97.937	5	1334
Redby	MN	47.879	-94.913	5	1334
New Fairview	TX	33.099	-97.446	5	1334
Sainte-Thècle	QC	46.817	-72.499	45	1333
Marshallville	GA	32.456	-83.940	33	1333
Lake Heritage	PA	39.810	-77.184	33	1333
Saranac	MI	42.929	-85.213	10	1333
Jordan	NY	43.065	-76.473	33	1333
Shelter Island	NY	41.068	-72.339	33	1333
Harristown	IL	39.854	-89.084	5	1332
Buhler	KS	38.134	-97.770	5	1332
Pearlington	MS	30.247	-89.611	5	1332
Black River	NY	44.013	-75.794	33	1332
Kiantone	NY	42.022	-79.198	33	1332
Sherburne	NY	42.678	-75.499	33	1332
Green Springs	OH	41.256	-83.052	33	1332
Thompson Falls	MT	47.595	-115.338	9	1332
Bay City	OR	45.523	-123.889	29	1332
Palestine	IL	39.004	-87.613	5	1331
Yates Center	KS	37.881	-95.733	5	1331
Newville	PA	40.173	-77.399	33	1331
Milford	UT	38.397	-113.011	9	1331
Point McKay	AB	51.058	-114.147	11	1330
Shelburne	NS	43.763	-65.324	15	1330
Smooth Rock Falls	ON	49.283	-81.633	45	1330
Lillian	AL	30.413	-87.437	5	1330
Princes Lakes	IN	39.354	-86.098	16	1330
Goodman	MS	32.970	-89.912	5	1330
Beulaville	NC	34.924	-77.774	33	1330
Toluca	IL	41.002	-89.133	5	1330
Milbridge	ME	44.535	-67.881	33	1330
Christina Lake	BC	49.040	-118.208	46	1329
Brookside	AL	33.638	-86.917	5	1329
Tennessee Ridge	TN	36.312	-87.773	5	1329
Crooks	SD	43.665	-96.811	5	1329
Jericho	VT	44.504	-72.998	33	1329
Saint Francis	KS	39.772	-101.800	5	1329
Labrecque	QC	48.667	-71.532	45	1328
New London	MN	45.301	-94.944	5	1328
Nunda	NY	42.580	-77.942	33	1328
Sugar City	ID	43.873	-111.748	3	1328
Uintah	UT	41.144	-111.923	9	1328
Tidnish	NS	45.994	-64.009	15	1327
Westridge	AB	53.507	-113.606	11	1327
Crystal Springs	FL	28.181	-82.158	33	1327
Dooms	VA	38.109	-78.858	33	1327
Grand Marais	MN	47.750	-90.334	5	1327
Norfolk	NY	44.801	-74.991	33	1327
Big River	CA	34.140	-114.361	29	1327
Johnson	KS	37.571	-101.751	5	1327
Hunting Ridge	MD	39.293	-76.702	33	1326
Hico	TX	31.983	-98.034	5	1326
Goodwell	OK	36.595	-101.637	5	1326
Belledune	NB	47.886	-65.811	32	1325
Young Harris	GA	34.933	-83.847	33	1325
Clintwood	VA	37.150	-82.456	33	1325
Suffield Depot	CT	41.981	-72.650	33	1325
Rolla	ND	48.858	-99.618	5	1325
Bainbridge	NY	42.293	-75.479	33	1325
Salem	SD	43.724	-97.389	5	1325
Roscoe	TX	32.446	-100.539	5	1325
Justice	OK	36.293	-95.567	5	1324
Tariffville	CT	41.909	-72.760	33	1324
Monroeville	IN	40.975	-84.868	16	1324
Ontonagon	MI	46.871	-89.314	10	1324
Pecos	NM	35.574	-105.675	9	1324
Omemee	ON	44.299	-78.560	45	1323
Charlo	NB	48.001	-66.329	32	1323
Hughes	AR	34.949	-90.471	5	1323
Boston	GA	30.792	-83.790	33	1323
Shell Rock	IA	42.710	-92.583	5	1323
East Brookfield	MA	42.228	-72.047	33	1323
Dover Plains	NY	41.741	-73.577	33	1323
Middletown	CA	38.752	-122.615	29	1323
Black Rock	NM	35.088	-108.791	9	1323
Stockton	KS	39.438	-99.265	5	1322
Bethany	IL	39.646	-88.738	5	1322
Frazeysburg	OH	40.117	-82.119	33	1322
Black Creek	WI	44.477	-88.451	5	1322
Fredonia	AZ	36.946	-112.527	38	1322
East Newnan	GA	33.351	-84.777	33	1321
Barrackville	WV	39.504	-80.167	33	1321
Onarga	IL	40.715	-88.006	5	1321
Appleton	ME	44.289	-69.251	33	1321
Brothertown	WI	43.968	-88.309	5	1321
Mayerthorpe	AB	53.950	-115.135	11	1320
Ootischenia	BC	49.283	-117.636	46	1320
North Oyster/Yellow Point	BC	49.048	-123.834	46	1320
Grousewoods	BC	49.364	-123.097	46	1320
Jameswood	MB	49.887	-97.247	48	1320
Dillsboro	IN	39.018	-85.059	33	1320
Geneva	IN	40.592	-84.957	16	1320
Glenmora	LA	30.977	-92.585	5	1320
Sangerville	ME	45.165	-69.356	33	1320
Clara City	MN	44.955	-95.366	5	1320
Hayfield	MN	43.891	-92.848	5	1320
Tiltonsville	OH	40.167	-80.700	33	1320
Melville	RI	41.587	-71.283	33	1320
Winlock	WA	46.491	-122.938	29	1320
Prince Rupert	AB	53.563	-113.524	11	1319
Saint-Joseph-de-Coleraine	QC	45.967	-71.366	45	1319
Baie Ste. Anne	NB	47.052	-64.954	32	1319
Pinetops	NC	35.788	-77.638	33	1319
Kings Mills	OH	39.356	-84.249	33	1319
Cornish	ME	43.805	-70.801	33	1319
Beale Air Force Base	CA	39.109	-121.354	29	1319
Daveluyville	QC	46.200	-72.132	45	1318
Clinton	KY	36.667	-88.993	5	1318
Gerald	MO	38.400	-91.331	5	1318
Troy	TN	36.339	-89.164	5	1318
Central Garage	VA	37.744	-77.132	33	1318
Sophia	WV	37.708	-81.251	33	1318
Granville	IL	41.261	-89.228	5	1318
Hatfield	MA	42.371	-72.598	33	1318
Philmont	NY	42.248	-73.653	33	1318
Minerva Park	OH	40.076	-82.944	33	1318
Woxall	PA	40.311	-75.449	33	1318
Eagle Butte	SD	45.002	-101.233	9	1318
Taylor	BC	56.153	-120.681	8	1317
Stony Point	NC	35.863	-81.047	33	1317
Powells Crossroads	TN	35.190	-85.486	5	1317
Benavides	TX	27.599	-98.408	5	1317
Elkhart	TX	31.625	-95.579	5	1317
Maliotenam	QC	50.211	-66.182	45	1316
Longlac	ON	49.782	-86.535	45	1316
Ama	LA	29.952	-90.296	5	1316
Urania	LA	31.864	-92.296	5	1316
Greenfield	MO	37.415	-93.841	5	1316
Thorndale	TX	30.614	-97.206	5	1316
Tower City	PA	40.589	-76.552	33	1316
Manawa	WI	44.464	-88.920	5	1316
Cleveland	AL	33.991	-86.577	5	1315
Meggett	SC	32.718	-80.239	33	1315
Middletown	VA	39.028	-78.281	33	1315
Clymer	PA	40.668	-79.012	33	1315
Fall Creek	WI	44.764	-91.277	5	1315
Shell Lake	WI	45.739	-91.925	5	1315
Bushyhead	OK	36.461	-95.494	5	1314
Oquawka	IL	40.932	-90.947	5	1314
Elverson	PA	40.157	-75.833	33	1314
Middleburg	PA	40.786	-77.047	33	1314
Point Roberts	WA	48.985	-123.078	29	1314
Pāpa‘ikou	HI	19.787	-155.093	49	1314
Spring Hope	NC	35.945	-78.112	33	1313
Larimore	ND	47.907	-97.627	5	1313
Tigerville	SC	35.068	-82.368	33	1312
Springfield	NY	42.836	-74.853	33	1312
Richlandtown	PA	40.470	-75.320	33	1312
Big Bend	WI	42.881	-88.207	5	1312
Tombstone	AZ	31.713	-110.068	38	1312
Olomana	HI	21.377	-157.756	49	1312
Baie Verte	NL	49.933	-56.182	43	1311
Bas-Caraquet	NB	47.801	-64.832	32	1311
Saint-Louis-du-Ha Ha	QC	47.666	-68.976	45	1311
Inglis	FL	29.030	-82.669	33	1311
Buffalo	OK	36.836	-99.630	5	1311
Lubeck	WV	39.235	-81.631	33	1311
Farwell	TX	34.383	-103.038	5	1311
Winona	MO	37.010	-91.323	5	1310
Shawsville	VA	37.168	-80.255	33	1310
Manly	IA	43.287	-93.202	5	1310
Cameron Village	MD	39.357	-76.600	33	1310
Brownville	ME	45.307	-69.033	33	1309
Strong	ME	44.808	-70.221	33	1309
Stryker	OH	41.504	-84.414	33	1309
Brickerville	PA	40.226	-76.302	33	1309
Washburn	ND	47.289	-101.029	5	1309
Lake Panorama	IA	41.711	-94.391	5	1309
San Antonio	FL	28.336	-82.275	33	1308
West Jefferson	NC	36.404	-81.493	33	1308
Beverly	OH	39.548	-81.640	33	1308
Beaver	WV	37.748	-81.144	33	1308
Maple Park	IL	41.908	-88.599	5	1308
West Swanzey	NH	42.870	-72.322	33	1308
Palmdale	PA	40.298	-76.619	33	1308
Sleepy Hollow	WY	44.233	-105.427	9	1308
Fort Covington Hamlet	NY	44.972	-74.508	33	1308
Burgeo	NL	47.617	-57.615	43	1307
Okarche	OK	35.726	-97.976	5	1307
Aurora	TX	33.061	-97.503	5	1307
Plymouth	ME	44.767	-69.210	33	1307
Wadena	SK	51.950	-103.801	41	1306
Duenweg	MO	37.084	-94.414	5	1306
Farmingdale	NJ	40.197	-74.168	33	1306
Black Point-Green Point	CA	38.115	-122.513	29	1306
Jonestown	MD	39.291	-76.604	33	1306
Bel Ayr Park	NS	44.675	-63.506	15	1305
Rio Terrace	AB	53.508	-113.588	11	1305
Lower Doon	ON	43.393	-80.407	45	1305
Geary	OK	35.631	-98.317	5	1305
Breckenridge	MI	43.408	-84.475	10	1305
Hebron	PA	40.339	-76.399	33	1305
Vinco	PA	40.405	-78.856	33	1305
Enosburg Falls	VT	44.907	-72.807	33	1305
Sea Ranch	CA	38.715	-123.454	29	1305
Basin	WY	44.380	-108.039	9	1305
Keeler Farm	NM	32.316	-107.760	9	1305
Franklintown	MD	39.306	-76.701	33	1305
Saint-Alexandre	QC	45.500	-75.749	45	1304
Killian	LA	30.359	-90.586	5	1304
Cedar Point	NC	34.688	-77.072	33	1304
Roland	IA	42.166	-93.502	5	1304
Inverness	CA	38.101	-122.857	29	1304
Kittredge	CO	39.655	-105.300	9	1304
Mount Holly	MD	39.312	-76.679	33	1304
Liborio Negron Torres	PR	18.043	-66.942	39	1303
Sunnyside	GA	31.239	-82.342	33	1303
Rock Hall	MD	39.138	-76.235	33	1303
Broadalbin	NY	43.059	-74.197	33	1303
Bunkerville	NV	36.773	-114.128	29	1303
Youbou	BC	48.866	-124.203	46	1302
Wendover	ON	45.573	-75.128	45	1302
Long Creek	IL	39.812	-88.848	5	1302
Taylorsville	MS	31.830	-89.428	5	1302
Wetherington	OH	39.364	-84.377	33	1302
Oceana	WV	37.692	-81.624	33	1302
Mid-Govans	MD	39.357	-76.606	33	1302
Alberton	PE	46.817	-64.065	15	1301
Wilkie	SK	52.417	-108.701	41	1301
Lamèque	NB	47.794	-64.647	32	1301
Waldo	AR	33.352	-93.296	5	1301
Sarcoxie	MO	37.069	-94.117	5	1301
Brownfield	ME	43.938	-70.909	33	1301
Belmont	NH	43.445	-71.478	33	1301
Harbor Isle	NY	40.603	-73.665	33	1301
‘Ōma‘o	HI	21.926	-159.488	49	1301
Kodiak Station	AK	57.766	-152.600	0	1301
Port Hood	NS	46.017	-61.532	15	1300
Saint-Siméon	QC	47.844	-69.878	45	1300
Marshall	AR	35.909	-92.631	5	1300
Buffalo	IA	41.456	-90.723	5	1299
Maharishi Vedic City	IA	41.053	-91.995	5	1299
Easton	ME	46.641	-67.909	33	1299
Preston	MN	43.670	-92.083	5	1299
Ellendale	ND	46.003	-98.527	5	1299
Hagaman	NY	42.975	-74.151	33	1299
Po‘ipū	HI	21.873	-159.449	49	1299
Paradis	LA	29.880	-90.434	5	1298
Kurtistown	HI	19.604	-155.057	49	1298
Vardaman	MS	33.876	-89.177	5	1297
Boaz	WV	39.361	-81.502	33	1297
Hudson Lake	IN	41.710	-86.534	5	1297
Blue Quill Estates	AB	53.458	-113.540	11	1296
Saint John	KS	38.002	-98.760	5	1295
Erin	TN	36.318	-87.695	5	1295
Shandon	CA	35.655	-120.375	29	1295
Leesburg	OH	39.345	-83.553	33	1294
Palm Valley	TX	26.202	-97.754	5	1294
Wallis	TX	29.631	-96.065	5	1294
Conashaugh Lakes	PA	41.306	-74.990	33	1294
West Leechburg	PA	40.622	-79.613	33	1294
Lower Lake	CA	38.910	-122.610	29	1294
Mountain View	WY	41.269	-110.340	9	1294
Woodbury Center	CT	41.545	-73.205	33	1294
Stella	PR	18.322	-67.247	39	1293
Enigma	GA	31.413	-83.329	33	1293
Sparta	GA	33.276	-82.976	33	1293
Calverton Park	MO	38.765	-90.314	5	1293
Reno	OH	39.373	-81.396	33	1293
Spring Grove	MN	43.561	-91.636	5	1293
Loma	CO	39.196	-108.813	9	1293
Fort Belknap Agency	MT	48.483	-108.765	9	1293
Landmark	MB	49.672	-96.822	48	1292
Mount Airy	GA	34.519	-83.501	33	1292
Blowing Rock	NC	36.135	-81.678	33	1292
Fairfield Beach	OH	39.916	-82.475	33	1292
Benton	TN	35.174	-84.654	33	1292
Boston Heights	OH	41.265	-81.513	33	1292
Midway	LA	31.692	-92.152	5	1291
Fall Branch	TN	36.418	-82.624	33	1291
China Grove	TX	29.389	-98.349	5	1291
Hawkins	TX	32.588	-95.204	5	1291
South Woodstock	CT	41.939	-71.960	33	1291
New Sharon	IA	41.470	-92.651	5	1291
Bradley	ME	44.921	-68.628	33	1291
Little Rock Air Force Base	AR	34.891	-92.160	5	1291
Ryder Lake	BC	49.100	-121.883	46	1290
Konawa	OK	34.960	-96.753	5	1290
Mogul	NV	39.514	-119.926	29	1290
Oglala	SD	43.189	-102.740	9	1290
Dike	IA	42.464	-92.628	5	1289
Grant Park	IL	41.241	-87.646	5	1289
Hodgdon	ME	46.054	-67.867	33	1289
Barryville	NY	41.478	-74.911	33	1289
Gnadenhutten	OH	40.358	-81.434	33	1289
Grantsburg	WI	45.776	-92.683	5	1289
Somerset	MD	38.966	-77.096	33	1288
Old River-Winfree	TX	29.868	-94.833	5	1288
Lakewood Club	MI	43.371	-86.260	10	1288
La Conception	QC	46.150	-74.699	45	1287
Westport	MD	39.262	-76.636	33	1287
Bent Creek	NC	35.509	-82.608	33	1287
Freeman	SD	43.352	-97.437	5	1287
Iraan	TX	30.914	-101.898	5	1287
Marsing	ID	43.545	-116.813	3	1287
Heppner	OR	45.353	-119.558	29	1287
Blue Ridge	GA	34.864	-84.324	33	1286
Lockport Heights	LA	29.650	-90.546	5	1286
Randolph	NY	42.162	-78.975	33	1286
Danby	VT	43.346	-72.995	33	1286
Albert Bridge	NS	46.017	-60.060	13	1285
Fortune	NL	47.067	-55.832	43	1285
Woodbine	GA	30.964	-81.724	33	1285
Germantown	IL	38.554	-89.538	5	1285
Owensville	IN	38.272	-87.688	5	1285
Cayuco	PR	18.291	-66.739	39	1284
Fayetteville	AL	33.146	-86.406	5	1284
Mignon	AL	33.183	-86.261	5	1284
Princeton	NC	35.466	-78.161	33	1284
Farmland	IN	40.188	-85.127	16	1284
Vinalhaven	ME	44.048	-68.832	33	1284
Douglas	MI	42.643	-86.201	10	1284
Stony Prairie	OH	41.345	-83.141	33	1284
Medford	MD	39.279	-76.547	33	1284
Avalon	NJ	39.101	-74.718	33	1283
Passapatanzy	VA	38.297	-77.314	33	1283
Tower Lake	IL	42.232	-88.152	5	1283
Frankfort	MI	44.634	-86.235	10	1283
Rison	AR	33.958	-92.190	5	1282
Mooreland	OK	36.439	-99.205	5	1282
Rossville	IL	40.379	-87.669	5	1282
North Charleroi	PA	40.151	-79.908	33	1282
Oley	PA	40.388	-75.790	33	1282
West Fairview	PA	40.275	-76.916	33	1282
Fort Thompson	SD	44.069	-99.438	5	1282
Asotin	WA	46.339	-117.048	29	1282
Hampton	AR	33.538	-92.470	5	1281
Lunenburg	VT	44.463	-71.682	33	1281
Bowden	AB	51.929	-114.035	11	1280
Erlton	AB	51.028	-114.062	11	1280
McNab	SK	50.450	-104.661	41	1280
Queen Anne	MD	38.899	-76.678	33	1280
Ten Hills	MD	39.284	-76.701	33	1280
Fremont	NC	35.545	-77.975	33	1280
Hillcrest	IL	41.951	-89.065	5	1280
Indian Hills	CO	39.617	-105.237	9	1280
Panway/Braddish Avenue	MD	39.313	-76.663	33	1280
Arborg	MB	50.907	-97.218	48	1279
Saint-Cyrille-de-Wendover	QC	45.933	-72.432	45	1279
Pierce City	MO	36.946	-94.000	5	1279
Cassville	NY	42.946	-75.254	33	1279
Waymart	PA	41.580	-75.408	33	1279
Wallenpaupack Lake Estates	PA	41.399	-75.274	33	1279
Iva	SC	34.306	-82.664	33	1278
Bellevue	MI	42.443	-85.018	10	1278
Cooperstown	WI	44.313	-87.775	5	1278
Moreland	ID	43.223	-112.442	3	1278
Molino	FL	30.724	-87.314	5	1277
Oran	MO	37.085	-89.655	5	1277
Lyman	MS	30.495	-89.126	5	1277
Laingsburg	MI	42.890	-84.351	10	1277
Byron	CA	37.867	-121.638	29	1277
Stratford	CA	36.189	-119.823	29	1277
Lake Marcel-Stillwater	WA	47.693	-121.915	29	1277
Prince Charles	AB	53.578	-113.535	11	1276
Laguna Park	TX	31.859	-97.380	5	1276
Weber City	VA	37.755	-78.284	33	1276
Royalston	MA	42.678	-72.188	33	1276
Diamond Head	HI	21.263	-157.796	49	1276
Currie Barracks	AB	51.018	-114.122	11	1275
Rush Springs	OK	34.783	-97.957	5	1275
Ogunquit	ME	43.249	-70.599	33	1275
Simpson	PA	41.592	-75.485	33	1275
Barry	IL	39.694	-91.039	5	1274
Lincoln	KS	39.041	-98.145	5	1274
Hurt	VA	37.093	-79.296	33	1274
Machias	ME	44.715	-67.461	33	1274
Brown City	MI	43.212	-82.990	10	1274
Webberville	MI	42.667	-84.174	10	1274
Hewlett Harbor	NY	40.636	-73.682	33	1274
Intercourse	PA	40.038	-76.105	33	1274
Boulevard Gardens	FL	26.123	-80.180	33	1274
Buxton	NC	35.268	-75.542	33	1273
Salineville	OH	40.623	-80.838	33	1273
Clear Lake	SD	44.746	-96.683	5	1273
Iola	WI	44.508	-89.131	5	1273
Kamiah	ID	46.227	-116.029	29	1273
Rosemont Homeowners/Tenants	MD	39.294	-76.658	33	1273
Chrisman	IL	39.804	-87.674	5	1272
Country Club Hills	MO	38.721	-90.275	5	1272
Morrow	OH	39.355	-84.127	33	1272
Green Valley Farms	TX	26.122	-97.561	5	1272
Dexter	NM	33.197	-104.373	9	1272
Sundance	WY	44.406	-104.376	9	1272
Elmore	AL	32.539	-86.315	5	1271
Galveston	IN	40.579	-86.190	16	1271
Pinconning	MI	43.854	-83.965	10	1271
Caraway	AR	35.758	-90.322	5	1270
Del Rio	CA	37.744	-121.012	29	1270
East Carbon City	UT	39.548	-110.415	9	1270
Big Bass Lake	PA	41.254	-75.476	33	1270
Uplands	MD	39.290	-76.693	33	1270
West Buechel	KY	38.197	-85.663	27	1269
Central City	IA	42.204	-91.524	5	1269
Coon Rapids	IA	41.871	-94.677	5	1269
Mineville	NY	44.093	-73.518	33	1269
Smithville	OH	40.862	-81.862	33	1269
Palo Cedro	CA	40.564	-122.239	29	1269
Falkville	AL	34.368	-86.909	5	1268
Waverly	IL	39.592	-89.953	5	1268
Walls	MS	34.958	-90.153	5	1268
Sperry	OK	36.297	-95.991	5	1268
Palermo	ME	44.408	-69.474	33	1268
Fayette	OH	41.673	-84.327	33	1268
Lincoln	VT	44.106	-72.997	33	1268
Crocker	WA	47.081	-122.104	29	1268
Cedar Glen West	NJ	40.042	-74.293	33	1267
Druid Heights	MD	39.308	-76.637	33	1267
Rockway	ON	43.435	-80.462	45	1266
Wells	NB	45.385	-65.929	32	1266
Maurice	LA	30.109	-92.125	5	1266
Buffalo	SC	34.726	-81.683	33	1266
Eastport	ME	44.904	-66.984	33	1266
Fullerton	NE	41.363	-97.969	5	1266
Houston	PA	40.246	-80.211	33	1266
Platte	SD	43.387	-98.845	5	1266
Gold Hill	OR	42.432	-123.051	29	1266
Louisbourg	NS	45.920	-59.971	13	1265
Five Points	FL	30.209	-82.637	33	1265
Cambria	IL	37.781	-89.119	5	1265
Roslyn Estates	NY	40.794	-73.660	33	1265
Muscoda	WI	43.185	-90.443	5	1265
Cottonwood	AL	31.049	-85.305	5	1264
Broadway	NC	35.458	-79.053	33	1264
Fairton	NJ	39.382	-75.220	33	1264
Westlake	TX	32.991	-97.195	5	1264
Alton	IA	42.987	-96.011	5	1264
Starbuck	MN	45.614	-95.531	5	1264
Centennial Park	AZ	36.954	-112.981	38	1264
Valmeyer	IL	38.306	-90.277	5	1263
Oxford	ME	44.132	-70.493	33	1263
De Graff	OH	40.312	-83.916	33	1263
Hiram	OH	41.313	-81.144	33	1263
West Hills	PA	40.824	-79.543	33	1263
Parshall	ND	47.953	-102.135	5	1263
Belmont Estates	VA	38.453	-78.920	33	1263
La Crosse	KS	38.531	-99.309	5	1262
Buffalo (historical)	IA	41.311	-94.004	5	1262
Keshena	WI	44.884	-88.634	5	1262
Callender	CA	35.053	-120.596	29	1262
McAdam	NB	45.592	-67.307	32	1261
Riviere-Bleue	QC	47.434	-69.043	45	1261
West Blocton	AL	33.118	-87.125	5	1261
Hackberry	LA	29.996	-93.342	5	1261
Mansfield	MO	37.107	-92.581	5	1261
La Vernia	TX	29.356	-98.116	5	1261
Onancock	VA	37.712	-75.749	33	1261
Woodland Heights	PA	41.410	-79.712	33	1261
Fairview	UT	39.626	-111.440	9	1261
Wells	NV	41.112	-114.964	29	1261
Irishtown-Summerside	NL	48.983	-57.982	43	1260
Bartolo	PR	18.361	-65.838	39	1260
Plantation Mobile Home Park	FL	26.703	-80.132	33	1260
Tye	TX	32.458	-99.871	5	1260
Plattekill	NY	41.618	-74.076	33	1260
Velva	ND	48.056	-100.929	5	1260
Susitna North	AK	62.161	-149.851	0	1260
Sharp-Leadenhall	MD	39.277	-76.618	33	1260
Munford	AL	33.530	-85.951	5	1259
Miamitown	OH	39.216	-84.704	33	1259
Melcher-Dallas	IA	41.225	-93.241	5	1259
Santa Margarita	CA	35.390	-120.609	29	1259
Barbourmeade	KY	38.297	-85.603	27	1258
Conestoga	PA	39.941	-76.346	33	1258
Napoleon	MI	42.161	-84.246	10	1258
Normandy	PA	40.103	-74.996	33	1258
Spencerville	NM	36.820	-108.058	9	1258
Deadwood	SD	44.377	-103.730	9	1258
Francis	UT	40.611	-111.281	9	1258
Tok	AK	63.337	-142.986	0	1258
Macklin	SK	52.333	-109.935	41	1257
Rivers	MB	50.031	-100.240	48	1257
Saint Anne	IL	41.025	-87.714	5	1257
Addison	ME	44.618	-67.744	33	1257
Greenville	ME	45.459	-69.591	33	1257
Belfast	PA	40.781	-75.278	33	1257
North Apollo	PA	40.596	-79.556	33	1257
Hettinger	ND	46.001	-102.637	9	1257
Terrebonne	OR	44.353	-121.178	29	1257
Liberty	UT	41.334	-111.864	9	1257
West Crossett	AR	33.141	-91.994	5	1256
Ashland	IL	39.888	-90.008	5	1256
Kemp	TX	32.443	-96.230	5	1256
Cornville	ME	44.837	-69.673	33	1256
Hurley	NM	32.699	-108.132	9	1256
Merritt Park	NY	41.538	-73.872	33	1256
Forest Park	MD	39.326	-76.682	33	1255
Byhalia	MS	34.872	-89.691	5	1255
Lake Telemark	NJ	40.957	-74.498	33	1255
Covelo	CA	39.793	-123.249	29	1255
Oka	QC	45.465	-74.089	45	1254
Lumber City	GA	31.929	-82.680	33	1254
Rawls Springs	MS	31.381	-89.371	5	1254
Barker Heights	NC	35.311	-82.444	33	1254
Laurel Hill	NC	34.809	-79.548	33	1254
Cana	VA	36.590	-80.672	33	1254
Otterbein	IN	40.491	-87.096	16	1254
Whitaker	PA	40.398	-79.890	33	1254
Gregory	SD	43.232	-99.430	5	1254
Hagerman	NM	33.115	-104.327	9	1254
Killdeer	ND	47.372	-102.754	9	1254
Hantsport	NS	45.067	-64.180	15	1253
Dickson	OK	34.187	-96.984	5	1253
Emory	TX	32.875	-95.766	5	1253
Port O'Connor	TX	28.448	-96.406	5	1253
Basye	VA	38.807	-78.792	33	1253
Buffalo	WV	38.618	-81.982	33	1253
Mifflinville	PA	41.032	-76.308	33	1253
Tieton	WA	46.702	-120.755	29	1253
Saint-Antoine	NB	46.363	-64.750	32	1252
Friendship	ME	43.984	-69.334	33	1252
Blue Lake	CA	40.883	-123.984	29	1252
Dauphin Island	AL	30.255	-88.110	5	1251
Vienna Bend	LA	31.732	-93.041	5	1251
Maggie Valley	NC	35.518	-83.098	33	1251
Bull Run Mountain Estates	VA	38.904	-77.662	33	1251
Emory	VA	36.773	-81.836	33	1251
Foster Brook	PA	41.975	-78.617	33	1251
West Easton	PA	40.679	-75.237	33	1251
Donsdale	AB	53.485	-113.635	11	1250
Ola	AR	35.032	-93.223	5	1250
Baltic	CT	41.617	-72.085	33	1250
Halifax	VA	36.766	-78.928	33	1249
Medford	MN	44.174	-93.246	5	1249
Millbury	OH	41.566	-83.425	33	1249
Forest Meadows	CA	38.169	-120.407	29	1249
Hansen	ID	42.531	-114.301	3	1249
Diaz	AR	35.638	-91.265	5	1248
Goodman	MO	36.742	-94.399	5	1248
Gretna	VA	36.954	-79.359	33	1248
Toulon	IL	41.094	-89.865	5	1248
Bloomfield	NY	40.613	-74.178	33	1248
Gasport	NY	43.199	-78.576	33	1248
Craig	AK	55.476	-133.148	26	1248
Mill Woods Town Centre	AB	53.456	-113.428	11	1247
Norris City	IL	37.981	-88.329	5	1247
West Canton	NC	35.538	-82.858	33	1247
Beggs	OK	35.743	-96.070	5	1247
Hazel Green	WI	42.533	-90.435	5	1247
Chinquapin Park	MD	39.363	-76.602	33	1247
Gold River	BC	49.781	-126.050	46	1246
Courtland	VA	36.716	-77.068	33	1246
Newton Lower Falls	MA	42.329	-71.254	33	1246
Arlington	NE	41.453	-96.351	5	1246
Hallstead	PA	41.961	-75.743	33	1246
Hilldale	PA	41.289	-75.836	33	1246
La Huerta	NM	32.443	-104.221	9	1246
Como	MS	34.511	-89.940	5	1245
Wetumka	OK	35.238	-96.242	5	1245
Pamplico	SC	33.996	-79.570	33	1245
Bevil Oaks	TX	30.150	-94.270	5	1245
Dimondale	MI	42.646	-84.649	10	1245
Bethesda	OH	40.016	-81.073	33	1245
North Key Largo	FL	25.267	-80.323	33	1244
Beattyville	KY	37.572	-83.707	33	1244
Thomas	OK	35.744	-98.748	5	1244
Cavalier	ND	48.794	-97.622	5	1244
Ashland	NH	43.695	-71.631	33	1244
Lac-Simon	QC	46.157	-74.741	45	1243
Powassan	ON	46.033	-79.350	45	1243
Aragon	GA	34.046	-85.056	33	1243
Bayboro	NC	35.143	-76.770	33	1243
Clyde	NC	35.533	-82.911	33	1243
Fulda	MN	43.871	-95.600	5	1243
Fort Totten	ND	47.980	-98.993	5	1243
Port Byron	NY	43.035	-76.624	33	1243
Centre Hall	PA	40.848	-77.686	33	1243
Laurys Station	PA	40.723	-75.530	33	1243
Mount Currie	BC	50.317	-122.717	46	1242
Milford	IL	40.628	-87.696	5	1242
Mulberry	IN	40.344	-86.665	16	1242
Britton	SD	45.792	-97.751	5	1242
Chelsea	VT	43.990	-72.448	33	1242
Algonquin	MD	38.583	-76.106	33	1241
Ladd	IL	41.383	-89.219	5	1241
Atkinson	NE	42.531	-98.978	5	1241
Olcott	NY	43.338	-78.715	33	1241
Calumet	PA	40.211	-79.485	33	1241
Laguna	NM	35.037	-107.383	9	1241
Carroll-South Hilton	MD	39.286	-76.667	33	1241
St. Clements	ON	43.517	-80.650	45	1240
Yamachiche	QC	46.282	-72.829	45	1240
Coosada	AL	32.498	-86.331	5	1240
Fort Deposit	AL	31.985	-86.579	5	1240
Skagway	AK	59.458	-135.314	26	1240
Labelle	QC	46.283	-74.733	45	1239
Dover Beaches North	NJ	39.991	-74.064	33	1239
Due West	SC	34.333	-82.388	33	1239
Wolfhurst	OH	40.069	-80.784	33	1239
Loyal	WI	44.737	-90.496	5	1239
Ardrossan	AB	53.550	-113.135	11	1238
Ct 0023	QC	45.540	-73.545	45	1238
Kennebunkport	ME	43.362	-70.477	33	1238
Sheridan	CA	38.980	-121.376	29	1238
Waldheim	SK	52.621	-106.653	41	1237
Chatom	AL	31.465	-88.254	5	1237
Mayo	FL	30.053	-83.175	33	1237
Conway Springs	KS	37.390	-97.642	5	1237
Holly Hill	SC	33.323	-80.414	33	1237
Hydesville	CA	40.548	-124.097	29	1237
Julesburg	CO	40.988	-102.264	9	1237
Leadwood	MO	37.867	-90.593	5	1236
Strawberry Point	IA	42.684	-91.534	5	1236
Moravia	NY	42.713	-76.422	33	1236
Phil Campbell	AL	34.351	-87.706	5	1235
Geronimo	OK	34.481	-98.383	5	1235
Wildwood	TX	30.524	-94.442	5	1235
Weston	NJ	40.522	-74.578	33	1235
Hana	HI	20.758	-155.990	49	1235
La Minerve	QC	46.250	-74.933	45	1234
Henry Fork	VA	36.966	-79.870	33	1234
Arnolds Park	IA	43.373	-95.124	5	1234
North Bend	NE	41.462	-96.780	5	1234
Saint-Victor	QC	45.611	-73.515	45	1233
Keystone Village	NS	44.705	-63.537	15	1233
Warrenville	SC	33.551	-81.804	33	1233
Huntsville	TN	36.410	-84.490	33	1233
Coal Fork	WV	38.318	-81.521	33	1233
Bradford	ME	45.067	-68.938	33	1233
Waldoboro	ME	44.095	-69.376	33	1233
Shenandoah Heights	PA	40.828	-76.207	33	1233
Newburg	WI	43.432	-88.046	5	1233
Eldridge	CA	38.349	-122.511	29	1233
Loganville	PA	39.856	-76.707	33	1232
Oakland	SC	33.983	-80.488	33	1232
Falling Water	TN	35.203	-85.254	33	1232
Hanna City	IL	40.692	-89.795	5	1232
Sidney	IL	40.025	-88.073	5	1232
Sullivan	ME	44.520	-68.197	33	1232
Stockbridge	MI	42.451	-84.181	10	1232
Rock Port	MO	40.411	-95.517	5	1232
Haskins	OH	41.465	-83.706	33	1232
Barneveld	WI	43.016	-89.895	5	1232
Carnuel	NM	35.064	-106.457	9	1232
Lemmon	SD	45.941	-102.159	9	1232
Rogersville	AL	34.826	-87.297	5	1231
Clarkton	MO	36.452	-89.967	5	1231
Maysville	OK	34.817	-97.406	5	1231
Florence	TX	30.841	-97.794	5	1231
Converse	IN	40.578	-85.873	16	1231
Wilson	NY	43.310	-78.826	33	1231
Heidelberg	PA	40.392	-80.091	33	1231
Chittenden	VT	43.708	-72.948	33	1231
Omega	GA	31.341	-83.594	33	1230
Sandoval	IL	38.616	-89.114	5	1230
Bon Aqua Junction	TN	35.928	-87.311	5	1230
Manasota Key	FL	26.925	-82.352	33	1229
Sardis	GA	32.797	-84.639	33	1229
Renovo	PA	41.326	-77.751	33	1229
Glenns Ferry	ID	42.955	-115.301	3	1229
Inverness	NS	46.233	-61.299	15	1228
Camillus	NY	43.039	-76.304	33	1228
Burt	MI	43.237	-83.906	10	1228
Fort Clark Springs	TX	29.306	-100.422	5	1228
Chinook	MT	48.590	-109.231	9	1228
Kenbridge	VA	36.962	-78.125	33	1227
Edwardsburg	MI	41.796	-86.081	10	1227
Lake Luzerne	NY	43.313	-73.835	33	1227
Monticello	WI	42.746	-89.595	5	1227
Laytonville	CA	39.688	-123.483	29	1227
Victoria	KS	38.853	-99.148	5	1226
Westfield	WI	43.884	-89.493	5	1226
Moose Lake	MB	49.206	-95.306	48	1225
Naujaat	NU	66.529	-86.244	40	1225
Westbrook Estates	AB	53.469	-113.550	11	1225
Lancaster Ridge	NS	44.689	-63.569	15	1225
Haven	KS	37.899	-97.783	5	1225
Fowler	MI	43.002	-84.740	10	1225
New York Mills	MN	46.518	-95.376	5	1225
North Collins	NY	42.595	-78.941	33	1225
Richfield Springs	NY	42.853	-74.985	33	1225
Redway	CA	40.120	-123.823	29	1225
Huntingdon	BC	49.008	-122.265	46	1224
Kenwood	OK	36.315	-94.986	5	1224
Kenton	TN	36.202	-89.012	5	1224
Minier	IL	40.434	-89.313	5	1224
Morgandale	OH	41.266	-80.783	33	1224
Boswell	PA	40.161	-79.029	33	1224
Hastings	PA	40.665	-78.712	33	1224
Meadview	AZ	36.002	-114.068	38	1224
Newcastle	CA	38.874	-121.133	29	1224
Claude	TX	35.112	-101.363	5	1224
Wainaku	HI	19.745	-155.095	49	1224
Skyline-Ganipa	NM	35.033	-107.614	9	1224
Frisco City	AL	31.433	-87.401	5	1223
Shelburn	IN	39.178	-87.394	16	1223
Yale	OK	36.114	-96.699	5	1223
Alto	TX	31.650	-95.073	5	1223
Warren	IN	40.683	-85.427	16	1223
Philadelphia	NY	44.154	-75.709	33	1223
Vauxhall	AB	50.067	-112.119	11	1222
Milford	PA	39.953	-79.104	33	1222
Cornersville	TN	35.361	-86.840	5	1222
Gray	TN	36.420	-82.477	33	1222
Elkview	WV	38.443	-81.480	33	1222
Chesterfield	MA	42.392	-72.840	33	1222
Mahnomen	MN	47.315	-95.969	5	1222
Mason	NH	42.744	-71.769	33	1222
Eaton Estates	OH	41.309	-82.006	33	1222
Williamsburg	PA	40.462	-78.200	33	1222
Rosa Sanchez	PR	18.062	-65.913	39	1221
Toledo	IL	39.274	-88.244	5	1221
Searsmont	ME	44.362	-69.195	33	1221
Plainview	NE	42.350	-97.792	5	1221
Troy	NH	42.824	-72.181	33	1221
Livingston Manor	NY	41.900	-74.828	33	1221
Mount Holly	VT	43.452	-72.825	33	1221
Siletz	OR	44.722	-123.920	29	1221
Adrian	MN	43.635	-95.933	5	1220
Edinburg	NY	43.222	-74.104	33	1220
Marion	WI	44.671	-88.889	5	1220
Tangent	OR	44.541	-123.108	29	1220
Mildmay	ON	44.043	-81.119	45	1219
Point Lookout	NY	40.592	-73.581	33	1219
Pleasant Hill	OH	40.052	-84.344	33	1219
South Barre	VT	44.177	-72.506	33	1219
Glenwood City	WI	45.059	-92.172	5	1219
Boqueron	PR	18.207	-65.849	39	1218
Auburn	KS	38.906	-95.816	5	1218
Hemphill	TX	31.341	-93.847	5	1218
Wilmot	NH	43.452	-71.914	33	1218
Friendship	NY	42.206	-78.138	33	1218
Youngsville	NC	36.025	-78.474	33	1217
Kenduskeag	ME	44.920	-68.932	33	1217
Irricana	AB	51.324	-113.605	11	1216
Markdale	ON	44.317	-80.650	45	1216
Marmaduke	AR	36.187	-90.383	5	1216
Martindale	TX	29.846	-97.841	5	1216
Chesterville	ME	44.551	-70.086	33	1216
Lake Michigan Beach	MI	42.221	-86.369	10	1216
Lansdowne	AB	53.489	-113.549	11	1215
Cypress Quarters	FL	27.252	-80.814	33	1215
Paradise Heights	FL	28.624	-81.544	33	1215
Etna	OH	39.957	-82.682	33	1215
Litchfield	CT	41.747	-73.189	33	1215
Stambaugh, Iron River	MI	46.081	-88.627	30	1215
Royalton	MN	45.830	-94.294	5	1215
Factoryville	PA	41.563	-75.783	33	1215
Bridport	VT	43.985	-73.313	33	1215
Dollar Point	CA	39.188	-120.100	29	1215
Mission	SD	43.306	-100.658	5	1215
Cookstown	ON	44.183	-79.700	45	1214
Jonestown	MS	34.320	-90.456	5	1214
Mapleton	IA	42.166	-95.793	5	1214
Clinton	OH	40.927	-81.630	33	1214
Geneva-on-the-Lake	OH	41.859	-80.954	33	1214
Teviston	CA	35.929	-119.278	29	1214
Saint-Donat-de-Montcalm	QC	46.319	-74.222	45	1213
Edgemont Village	BC	49.338	-123.101	46	1213
South Henderson	NC	36.308	-78.407	33	1213
Okeene	OK	36.116	-98.317	5	1213
Ardmore	TN	34.992	-86.847	5	1213
Elkader	IA	42.854	-91.405	5	1213
Ravenna	MI	43.189	-85.937	10	1213
Scottville	MI	43.955	-86.280	10	1213
Renville	MN	44.789	-95.212	5	1213
Woodstock	NH	43.978	-71.685	33	1213
West Mayfield	PA	40.780	-80.338	33	1213
Arlington	VT	43.075	-73.154	33	1213
Theresa	WI	43.517	-88.451	5	1213
Fraser	CO	39.945	-105.817	9	1213
Lac-Connelly	QC	45.898	-73.972	45	1212
Cottonwood	MN	44.609	-95.674	5	1212
Yutan	NE	41.245	-96.397	5	1212
Grafton	NH	43.559	-71.944	33	1212
Canaan	CT	42.027	-73.329	33	1212
Matheny	CA	36.171	-119.352	29	1212
Oglethorpe	GA	32.294	-84.061	33	1211
Lincolnville	SC	33.007	-80.155	33	1211
Rogers	TX	30.932	-97.227	5	1211
Belle	WV	38.232	-81.538	33	1211
Burwell	NE	41.782	-99.133	5	1211
Salisbury	NH	43.380	-71.717	33	1211
Doña Ana	NM	32.390	-106.814	9	1211
Duck Hill	MS	33.633	-89.711	5	1210
Olmito	TX	26.022	-97.534	5	1210
Oneida	WI	44.499	-88.183	5	1210
Shullsburg	WI	42.573	-90.231	5	1210
Ganado	AZ	35.711	-109.542	9	1210
Mikoma	MS	33.950	-90.284	5	1209
Dover Beaches South	NJ	39.956	-74.074	33	1209
Barnsdall	OK	36.562	-96.162	5	1209
Biglerville	PA	39.930	-77.248	33	1209
Dalton	PA	41.534	-75.736	33	1209
Canyon Day	AZ	33.785	-110.026	38	1209
Garrochales	PR	18.454	-66.566	39	1208
Palm Beach Shores	FL	26.778	-80.036	33	1208
Dryden	VA	36.778	-82.942	33	1208
Little Rock	MN	47.868	-95.111	5	1208
Duboistown	PA	41.223	-77.037	33	1208
Sandia Knolls	NM	35.164	-106.311	9	1208
Mabou	NS	46.067	-61.382	15	1207
Boonville	NC	36.233	-80.708	33	1207
Harkers Island	NC	34.695	-76.559	33	1207
Brookfield Center	OH	41.241	-80.558	33	1207
Dakota	WI	43.990	-89.357	5	1207
Boulder	MT	46.237	-112.121	9	1207
Bassano	AB	50.790	-112.468	11	1206
Coldbrook	NS	45.067	-64.582	15	1206
Ignace	ON	49.416	-91.659	48	1206
Lone Oak	TN	35.201	-85.364	5	1206
Machiasport	ME	44.699	-67.395	33	1206
Holland	NY	42.641	-78.542	33	1206
Palmer	PR	18.371	-65.774	39	1205
Brodhead	KY	37.404	-84.414	33	1205
Chapmanville	WV	37.974	-82.017	33	1205
Wauregan	CT	41.744	-71.909	33	1205
Coleman	MI	43.757	-84.586	10	1205
Avonia	PA	42.046	-80.270	33	1205
Townshend	VT	43.047	-72.668	33	1205
Spur	TX	33.476	-100.856	5	1205
Tsaile	AZ	36.303	-109.216	9	1205
Westhaven-Moonstone	CA	41.045	-124.102	29	1205
Emo	ON	48.633	-93.834	48	1204
Lanigan	SK	51.850	-105.034	41	1204
Nain	NL	56.542	-61.695	14	1204
Fuig	PR	17.988	-66.916	39	1204
Swepsonville	NC	36.021	-79.361	33	1204
Surf City	NJ	39.662	-74.165	33	1204
Gordonsville	TN	36.173	-85.930	5	1204
Clarksville	VA	36.624	-78.557	33	1204
Milford	NJ	40.569	-75.095	33	1204
Duncansville	PA	40.423	-78.434	33	1204
Lake Koshkonong	WI	42.910	-88.920	5	1204
Midpines	CA	37.544	-119.920	29	1204
Creighton	SK	54.750	-101.901	48	1203
Shawville	QC	45.600	-76.483	45	1203
Russell	GA	33.979	-83.700	33	1203
Krotz Springs	LA	30.537	-91.753	5	1203
Roseland	LA	30.765	-90.512	5	1203
Roseboro	NC	34.953	-78.509	33	1203
Cherryfield	ME	44.607	-67.926	33	1203
Castle Hayne	NC	34.356	-77.900	33	1202
New Vienna	OH	39.324	-83.691	33	1202
Hebron	IL	42.472	-88.432	5	1202
Oakland	NE	41.836	-96.467	5	1202
New Waterford	OH	40.845	-80.615	33	1202
Dallesport	WA	45.617	-121.180	29	1202
Chipman	NB	46.169	-65.884	32	1201
Archie	MO	38.482	-94.354	5	1201
Harbor Springs	MI	45.432	-84.992	10	1201
Bellerose	NY	40.724	-73.715	33	1201
Garretson	SD	43.717	-96.503	5	1201
Fort Davis	TX	30.588	-103.895	5	1201
Crescent Beach	BC	49.050	-122.883	46	1200
Union Bay	BC	49.584	-124.886	46	1200
Vermilion Bay	ON	49.860	-93.388	48	1200
Mont-Carmel	QC	47.441	-69.857	45	1200
Prosperity	SC	34.209	-81.533	33	1200
Topeka	IN	41.539	-85.540	16	1200
Avoca	MI	43.062	-82.691	10	1200
Mantorville	MN	44.069	-92.756	5	1200
Windsor Junction	NS	44.789	-63.642	15	1199
Las Ochenta	PR	17.985	-66.318	39	1199
Leetsdale	PA	40.563	-80.208	33	1199
El Rancho	NM	35.889	-106.080	9	1199
Lawtell	LA	30.519	-92.185	5	1198
Charlestown	MD	39.574	-75.975	33	1198
Homer	IL	40.035	-87.958	5	1198
Stonington	ME	44.156	-68.667	33	1198
Brooklyn	MI	42.106	-84.248	10	1198
Browns Point	WA	47.300	-122.441	29	1198
Brush Fork	WV	37.281	-81.256	33	1197
La Harpe	IL	40.583	-90.969	5	1197
Shell Valley	ND	48.798	-99.865	5	1197
Woodsboro	MD	39.533	-77.315	33	1196
Sweetser	IN	40.572	-85.769	16	1196
Edmore	MI	43.408	-85.039	10	1196
Spicer	MN	45.233	-94.940	5	1196
Bass Lake	IN	41.207	-86.602	17	1195
Montgomery	VT	44.903	-72.638	33	1195
Clay	CA	38.336	-121.159	29	1195
Ponderosa Pine	NM	34.977	-106.324	9	1195
Keenesburg	CO	40.108	-104.520	9	1195
Jackpot	NV	41.983	-114.675	29	1195
Guernsey	WY	42.270	-104.742	9	1195
Center Hill	FL	28.650	-81.993	33	1194
Villisca	IA	40.930	-94.976	5	1194
McConnellstown	PA	40.453	-78.082	33	1194
Bella Bella	BC	52.163	-128.144	46	1193
Rogersville	NB	46.735	-65.427	32	1193
Bellefonte	DE	39.766	-75.502	33	1193
Bray	OK	34.638	-97.818	5	1193
Battle Creek	NE	41.999	-97.598	5	1193
Lewiston	CA	40.707	-122.808	29	1193
Shellbrook	SK	53.217	-106.401	41	1192
Locust Fork	AL	33.908	-86.615	5	1192
Banks Springs	LA	32.082	-92.093	5	1192
Jeffersonville	OH	39.654	-83.564	33	1192
Harper	TX	30.300	-99.244	5	1192
Jewett	TX	31.362	-96.144	5	1192
Eagle Lake	WI	42.707	-88.128	5	1192
Maricopa	CA	35.059	-119.401	29	1192
Paul	ID	42.608	-113.783	3	1192
Atwood	IL	39.799	-88.462	5	1191
Byng	OK	34.861	-96.666	5	1191
Quinnesec	MI	45.806	-87.988	30	1191
Tubac	AZ	31.613	-111.046	38	1191
Tahoma	CA	39.067	-120.128	29	1191
Riddle	OR	42.951	-123.364	29	1191
Waitsburg	WA	46.270	-118.153	29	1191
Broxton	GA	31.625	-82.887	33	1190
Nortonville	KY	37.191	-87.453	5	1190
Sherwood Shores	TX	33.852	-96.818	5	1190
Lyndonville	VT	44.534	-72.003	33	1190
Chualar	CA	36.571	-121.519	29	1190
Gruver	TX	36.265	-101.406	5	1190
Happy Camp	CA	41.793	-123.381	29	1190
St. Alban's	NL	47.867	-55.848	43	1189
Lecompte	LA	31.095	-92.400	5	1189
Ore City	TX	32.800	-94.721	5	1189
Third Lake	IL	42.374	-88.011	5	1189
Elwood	KS	39.756	-94.872	5	1188
Jewell	IA	42.307	-93.640	5	1188
New Richland	MN	43.894	-93.494	5	1188
Parks	AZ	35.261	-111.949	38	1188
Olinda, CDP	HI	20.824	-156.292	49	1188
South Pender Harbour	BC	49.622	-124.025	46	1187
Cool Valley	MO	38.728	-90.310	5	1187
Balfour	NC	35.347	-82.472	33	1187
Rutledge	TN	36.281	-83.515	33	1187
Clendenin	WV	38.489	-81.348	33	1187
Burnham	ME	44.693	-69.428	33	1187
Atwood	KS	39.807	-101.042	5	1187
Lyons	OR	44.775	-122.615	29	1187
Hooper Bay	AK	61.531	-166.097	34	1187
Kaleden	BC	49.398	-119.604	46	1186
Upper Delbrook	BC	49.353	-123.077	46	1186
Great Neck Gardens	NY	40.797	-73.724	33	1186
La Puebla	NM	35.989	-105.996	9	1186
West Mountain	UT	40.061	-111.788	9	1186
Kirkstone	BC	49.327	-123.044	46	1185
Río Cañas Abajo	PR	18.038	-66.468	39	1185
Callahan	FL	30.562	-81.831	33	1185
Princeton	WI	43.851	-89.122	5	1185
Notre-Dame-du-Lac	QC	46.750	-79.050	45	1184
Irvington	KY	37.880	-86.284	5	1184
Sibley	LA	32.539	-93.296	5	1184
Helena	MS	30.495	-88.496	5	1184
Lake Lure	NC	35.428	-82.205	33	1184
Robbins	NC	35.434	-79.587	33	1184
Central High	OK	34.623	-98.090	5	1184
Wisner	NE	41.987	-96.914	5	1184
Apple Creek	OH	40.752	-81.839	33	1184
Dilkon	AZ	35.385	-110.321	9	1184
Forest Ranch	CA	39.882	-121.673	29	1184
Herald	CA	38.296	-121.244	29	1184
Boley	OK	35.493	-96.484	5	1183
Colbert	OK	33.853	-96.502	5	1183
Knox City	TX	33.418	-99.819	5	1183
Stanberry	MO	40.218	-94.538	5	1183
Shokan	NY	41.973	-74.212	33	1183
Washington Mills	NY	43.050	-75.273	33	1183
Alderson	WV	37.726	-80.642	33	1182
New Preston	CT	41.675	-73.352	33	1182
Andalusia	IL	41.439	-90.718	5	1182
Memphis	MI	42.896	-82.769	10	1182
South Gull Lake	MI	42.388	-85.397	10	1182
Constantia	NY	43.248	-76.000	33	1182
Kinderhook	NY	42.395	-73.698	33	1182
Mountainhome	PA	41.174	-75.271	33	1182
Entiat	WA	47.676	-120.208	29	1182
Clyde River	NU	70.472	-68.590	25	1181
Lewisville	AR	33.358	-93.578	5	1181
Lexington	TX	30.419	-97.012	5	1181
Sam Rayburn	TX	31.064	-94.036	5	1181
Burlington	ND	48.275	-101.429	5	1181
Ayer's Cliff	QC	45.168	-72.040	45	1180
Barraute	QC	48.433	-77.633	45	1180
Bath	ON	44.183	-76.783	45	1180
Hillsborough Park	PE	46.267	-63.106	15	1180
Mount Gilead	NC	35.215	-80.002	33	1180
Laurens	IA	42.847	-94.852	5	1180
Yorkshire	NY	42.530	-78.473	33	1180
Fellsburg	PA	40.183	-79.824	33	1180
Oologah	OK	36.447	-95.708	5	1179
Paulina	LA	30.026	-90.713	5	1178
Powderly	TX	33.811	-95.524	5	1178
Buchanan	VA	37.527	-79.680	33	1178
Crandon Lakes	NJ	41.124	-74.840	33	1178
Machias	WA	47.981	-122.046	29	1178
Easterwood	MD	39.307	-76.650	33	1178
Callaghan	AB	53.408	-113.526	11	1177
Shediac Bridge-Shediac River	NB	46.269	-64.600	32	1177
Newark	AR	35.702	-91.442	5	1177
Mounds	OK	35.876	-96.061	5	1177
Monteagle	TN	35.240	-85.840	5	1177
Valley Mills	TX	31.659	-97.472	5	1177
Forrest	IL	40.752	-88.411	5	1177
Fruitdale	OR	42.422	-123.308	29	1177
Griggsville	IL	39.709	-90.725	5	1176
Saint Joseph	LA	31.918	-91.233	5	1176
Paris	MO	39.481	-92.001	5	1176
West Kennebunk	ME	43.409	-70.581	33	1176
Hoxie	KS	39.358	-100.442	5	1176
Hoback	WY	43.282	-110.784	9	1176
Thessalon	ON	46.250	-83.567	45	1175
Cave Spring	GA	34.108	-85.336	33	1175
Pleasanton	KS	38.178	-94.711	5	1175
Von Ormy	TX	29.289	-98.644	5	1175
Washington	WV	39.261	-81.672	33	1175
Union Springs	NY	42.840	-76.693	33	1175
Reedsville	WI	44.154	-87.957	5	1175
New Dundee	ON	43.351	-80.537	45	1174
Albers	IL	38.543	-89.612	5	1174
Frankston	TX	32.053	-95.506	5	1174
Goodhue	MN	44.401	-92.624	5	1174
Louisville	NE	40.998	-96.162	5	1174
Napanoch	NY	41.744	-74.372	33	1174
Dale	PA	40.313	-78.904	33	1174
Archer	FL	29.530	-82.519	33	1173
Lincoln	MO	38.391	-93.335	5	1173
Brooksville	MS	33.235	-88.582	5	1173
Stone Ridge	NY	41.853	-74.139	33	1173
Wurtsboro	NY	41.577	-74.487	33	1173
Maricao	PR	18.181	-66.980	39	1172
Winterville	GA	33.967	-83.278	33	1172
Beach Haven	NJ	39.559	-74.243	33	1172
Meeker	OK	35.503	-96.903	5	1172
Fairfax	MN	44.529	-94.721	5	1172
Terrytown	NE	41.847	-103.662	9	1172
Bradenton Beach	FL	27.468	-82.698	33	1171
Cove Creek	NC	35.606	-83.011	33	1171
Christiana	PA	39.955	-75.997	33	1171
Ames	TX	31.521	-97.779	5	1171
Jarrell	TX	30.825	-97.604	5	1171
Steuben	ME	44.511	-67.967	33	1171
Bratenahl	OH	41.543	-81.626	33	1171
Bradford Woods	PA	40.638	-80.082	33	1171
Lorenzo	TX	33.671	-101.535	5	1171
Waterville	WA	47.647	-120.071	29	1171
Discovery Harbor	HI	19.044	-155.632	49	1171
Patterson Place	MD	39.294	-76.583	33	1171
Oxford	NS	45.733	-63.865	15	1170
Little Mountain	BC	49.181	-121.922	46	1170
Bethany Beach	DE	38.540	-75.055	33	1170
Whitley City	KY	36.723	-84.470	33	1170
Iowa Colony	TX	29.482	-95.415	5	1170
Robins Air Force Base	GA	32.609	-83.584	33	1170
Greenfields	PA	40.360	-75.952	33	1170
Bourget	ON	45.435	-75.160	45	1169
Palmarejo	PR	18.040	-67.077	39	1169
Yellville	AR	36.226	-92.685	5	1169
Fletcher	OK	34.823	-98.244	5	1169
Clear Lake Shores	TX	29.547	-95.032	5	1169
Fundy Bay	NB	44.741	-66.760	32	1167
Belle Glade Camp	FL	26.658	-80.683	33	1167
Mexico Beach	FL	29.948	-85.420	5	1167
Alto	GA	34.467	-83.574	33	1167
Grimsley	TN	36.267	-84.984	5	1167
Lenape Heights	PA	40.764	-79.521	33	1167
Marianne	PA	41.246	-79.429	33	1167
Kenilworth Park	MD	39.354	-76.598	33	1166
Holiday Lakes	TX	29.210	-95.517	5	1166
Grass Lake	MI	42.251	-84.213	10	1166
Pigeon	MI	43.830	-83.270	10	1166
Cobb Island	MD	38.258	-76.844	33	1166
Langenburg	SK	50.850	-101.718	41	1165
Denman Island Trust Area	BC	49.552	-124.799	46	1165
Bridgwater Centre	MB	49.794	-97.198	48	1165
Big Rock	IL	41.764	-88.547	5	1165
Canton	ME	44.441	-70.316	33	1165
Amagansett	NY	40.974	-72.144	33	1165
Cultus Lake	BC	49.067	-121.967	46	1164
Davidson	SK	51.267	-105.984	41	1164
Nelson-Miramichi	NB	46.979	-65.541	32	1164
Shawneetown	IL	37.713	-88.187	5	1164
Gettysburg	SD	45.012	-99.956	5	1164
Punalu‘u	HI	21.570	-157.876	49	1164
Warrensburg	IL	39.933	-89.062	5	1163
Augusta	KY	38.772	-84.006	33	1163
Plantersville	MS	34.213	-88.665	5	1163
Remington	IN	40.761	-87.151	5	1163
Wilton	NH	42.843	-71.735	33	1163
Windsor	IL	39.441	-88.595	5	1162
Millbourne	PA	39.963	-75.250	33	1162
Gales Ferry	CT	41.430	-72.082	33	1162
Long Beach	IN	41.739	-86.857	5	1162
Orford	NH	43.905	-72.140	33	1162
Williamstown	VT	44.122	-72.541	33	1162
Mineral Springs	AR	33.875	-93.914	5	1161
Esther	MO	37.850	-90.499	5	1161
Colfax	WI	44.997	-91.727	5	1161
Bowling Green	VA	38.050	-77.347	33	1160
Byers	CO	39.711	-104.228	9	1160
Centreville	NS	45.133	-64.532	15	1159
New Brockton	AL	31.386	-85.929	5	1159
Keedysville	MD	39.486	-77.700	33	1159
Baldwin	MI	43.901	-85.852	10	1159
Colon	MI	41.958	-85.325	10	1159
East Conemaugh	PA	40.349	-78.884	33	1159
Cascade Locks	OR	45.670	-121.891	29	1159
March Air Force Base	CA	33.892	-117.263	29	1159
Brussels	ON	43.743	-81.250	45	1158
Hamilton	GA	32.758	-84.875	33	1158
Cottonwood Shores	TX	30.556	-98.324	5	1158
North Webster	IN	41.326	-85.698	16	1158
Diablo	CA	37.835	-121.958	29	1158
Spirit River	AB	55.783	-118.836	11	1157
Deatsville	AL	32.608	-86.396	5	1157
Valley Falls	KS	39.343	-95.460	5	1157
Greenup	KY	38.573	-82.830	33	1157
Franklinville	NC	35.744	-79.692	33	1157
Marcellus	MI	42.026	-85.816	10	1157
Vernon	NY	43.080	-75.539	33	1157
West Park	CA	36.710	-119.851	29	1157
Drain	OR	43.659	-123.319	29	1157
Buchanan	GA	33.803	-85.189	33	1156
Divernon	IL	39.566	-89.657	5	1156
Oolitic	IN	38.901	-86.525	16	1156
Cloverport	KY	37.833	-86.633	5	1156
Wayne	ME	44.349	-70.066	33	1156
Brownville	NY	44.007	-75.984	33	1156
Fivepointville	PA	40.183	-76.051	33	1156
Diamond Ridge	AK	59.676	-151.558	0	1156
Rosemont	AB	51.078	-114.091	11	1155
Juncal	PR	18.314	-66.919	39	1155
Kingston	IL	42.100	-88.759	5	1155
Patten	ME	45.996	-68.446	33	1155
Malvern	OH	40.692	-81.181	33	1155
Payne	OH	41.078	-84.727	33	1155
Hiller	PA	40.010	-79.901	33	1155
Cripple Creek	CO	38.747	-105.178	9	1155
Original Northwood	MD	39.340	-76.597	33	1155
Lucknow	ON	43.961	-81.513	45	1154
Golden	ON	51.059	-93.736	48	1154
Franklin Springs	GA	34.285	-83.144	33	1154
Liberty Center	OH	41.443	-84.009	33	1154
Bertrand	NB	47.757	-65.066	32	1153
Zebulon	GA	33.102	-84.343	33	1153
San Miguel	NM	32.155	-106.735	9	1153
Palo Seco	PR	18.007	-65.937	39	1152
Marthasville	MO	38.628	-91.058	5	1152
Rosharon	TX	29.352	-95.460	5	1152
Tenaha	TX	31.944	-94.244	5	1152
Malta	IL	41.930	-88.861	5	1152
Charlestown	NH	43.239	-72.425	33	1152
Botkins	OH	40.468	-84.180	33	1152
Hawley	PA	41.476	-75.182	33	1152
Monte Rio	CA	38.465	-123.009	29	1152
Wellsville	MO	39.072	-91.570	5	1151
Calvert	TX	30.978	-96.674	5	1151
Chatsworth	IL	40.754	-88.292	5	1151
Fairhope	PA	40.114	-79.840	33	1151
Tallaboa	PR	17.995	-66.716	39	1150
Trafalgar	IN	39.416	-86.151	16	1150
Ansonia	OH	40.214	-84.637	33	1150
Rennerdale	PA	40.398	-80.141	33	1150
Absarokee	MT	45.520	-109.443	9	1150
Fern Forest	HI	19.466	-155.136	49	1150
Eganville	ON	45.533	-77.099	45	1149
Newcastle	NB	47.000	-65.565	32	1149
Haliburton Village	ON	45.049	-78.509	45	1149
Timpson	TX	31.904	-94.395	5	1149
Grand Meadow	MN	43.706	-92.572	5	1149
Pandora	OH	40.948	-83.961	33	1149
Salix	PA	40.300	-78.765	33	1149
Island View Heights	NB	45.234	-66.127	32	1148
Port Henry	NY	44.048	-73.460	33	1148
Spring Valley	AZ	34.345	-112.159	38	1148
Fowler	CO	38.129	-104.023	9	1148
McGill	NV	39.405	-114.779	29	1148
Bayard	NE	41.755	-103.324	9	1148
Challenge-Brownsville	CA	39.464	-121.263	29	1148
Fairwinds	BC	49.276	-124.128	46	1147
De Lisle	MS	30.379	-89.264	5	1147
Kellyville	OK	35.944	-96.214	5	1147
Kingfield	ME	44.959	-70.154	33	1147
Richmond	NH	42.755	-72.272	33	1147
Lapwai	ID	46.405	-116.805	29	1147
Laupāhoehoe	HI	19.987	-155.237	49	1147
Ohatchee	AL	33.783	-86.002	5	1146
Christmas	FL	28.536	-81.018	33	1146
Palmona Park	FL	26.686	-81.896	33	1146
Weeki Wachee Gardens	FL	28.534	-82.630	33	1146
Vander	NC	35.032	-78.795	33	1146
Sedgwick	ME	44.304	-68.616	33	1146
Alma	NE	40.098	-99.362	5	1146
Clint	TX	31.592	-106.224	9	1146
Port Orford	OR	42.746	-124.497	29	1146
Pine Bluffs	WY	41.182	-104.069	9	1146
Munster	ON	45.165	-75.940	45	1145
Confederation Urban Centre	SK	52.132	-106.723	41	1145
Sumidero	PR	18.219	-66.129	39	1145
Energy	IL	37.774	-89.026	5	1145
Hebron Estates	KY	38.050	-85.666	33	1145
Harrisville	NH	42.945	-72.096	33	1145
Pleasant Valley	NY	41.745	-73.821	33	1145
Benjamin	UT	40.098	-111.731	9	1145
Homer	GA	34.334	-83.499	33	1144
Peabody	KS	38.169	-97.107	5	1144
Lonaconing	MD	39.566	-78.980	33	1144
Lake Winnebago	MO	38.831	-94.359	5	1144
Elbow Lake	MN	45.994	-95.977	5	1144
La Croft	OH	40.646	-80.598	33	1144
East Earl	PA	40.110	-76.033	33	1144
Wamac	IL	38.509	-89.141	5	1143
Atkins	VA	36.867	-81.423	33	1143
Craig Beach	OH	41.117	-80.983	33	1143
Ohkay Owingeh	NM	36.051	-106.069	9	1143
Upper Island Cove	NL	47.650	-53.215	43	1142
Josephine	TX	33.061	-96.307	5	1142
Van Meter	IA	41.532	-93.954	5	1142
Winfield	IA	41.123	-91.441	5	1142
Damariscotta	ME	44.033	-69.519	33	1142
Whitefield	NH	44.373	-71.610	33	1142
Glenmore	WI	44.386	-87.927	5	1142
Salmo	BC	49.196	-117.277	46	1141
La Parguera	PR	17.975	-67.047	39	1141
Clay	KY	37.477	-87.820	5	1141
Ruckersville	VA	38.233	-78.369	33	1141
Oxford	IN	40.520	-87.248	16	1141
Danbury	NH	43.526	-71.862	33	1141
Ellport	PA	40.864	-80.259	33	1141
Concerned Citizens Of Forest Park	MD	39.323	-76.684	33	1141
Belmont	ON	42.883	-81.083	45	1140
Green Acres	NS	44.595	-63.599	15	1140
Saint Martins	MO	38.594	-92.337	5	1140
Point Marion	PA	39.739	-79.899	33	1140
Red Boiling Springs	TN	36.533	-85.850	5	1140
Sheffield	IA	42.893	-93.215	5	1140
Athena	OR	45.812	-118.491	29	1140
St. George's	NL	48.429	-58.482	43	1139
Cobden	IL	37.531	-89.253	5	1139
Springville	IA	42.059	-91.443	5	1139
Millers Falls	MA	42.582	-72.493	33	1139
Steep Falls	ME	43.794	-70.653	33	1139
Birchwood	MN	45.061	-92.976	5	1139
Edgerton	MN	43.872	-96.129	5	1139
Foam Lake	SK	51.650	-103.534	41	1138
Santa Clara	PR	18.215	-66.132	39	1138
Comer	GA	34.064	-83.125	33	1138
Royalton	IL	37.877	-89.115	5	1138
Mantachie	MS	34.324	-88.491	5	1138
Advance	NC	35.941	-80.409	33	1138
Banner Elk	NC	36.163	-81.871	33	1138
Union Hall	VA	37.019	-79.686	33	1138
Nicollet	MN	44.276	-94.187	5	1138
Bolivar	NY	43.071	-75.889	33	1138
Ponderay	ID	48.305	-116.534	29	1138
Rossville	KS	39.136	-95.952	5	1137
Coldstream	KY	38.315	-85.524	27	1137
Lilbourn	MO	36.592	-89.615	5	1137
Lake Park	IA	43.456	-95.321	5	1137
Danvers	IL	40.529	-89.177	5	1137
Keuka Park	NY	42.615	-77.092	33	1137
Lompico	CA	37.105	-122.053	29	1137
Acalanes Ridge	CA	37.905	-122.079	29	1137
Vandiver	AL	33.471	-86.513	5	1135
Martinsville	IL	39.336	-87.882	5	1135
Ship Bottom	NJ	39.643	-74.180	33	1135
New Matamoras	OH	39.525	-81.067	33	1135
Prospect	PA	40.905	-80.046	33	1135
Sykesville	PA	41.050	-78.822	33	1135
Taos Pueblo	NM	36.439	-105.544	9	1135
Baranow	AB	53.607	-113.535	11	1134
L'Ascension-de-Notre-Seigneur	QC	48.683	-71.666	45	1134
La Monte	MO	38.774	-93.425	5	1134
Taos	MO	38.506	-92.071	5	1134
Elk Run Heights	IA	42.467	-92.257	5	1134
Westfield Center	OH	41.026	-81.933	33	1134
Alleghenyville	PA	40.234	-75.989	33	1134
West Kittanning	PA	40.810	-79.529	33	1134
Silver Ridge	NJ	39.963	-74.238	33	1133
Manchaca	TX	30.141	-97.833	5	1133
Quinebaug	CT	42.024	-71.950	33	1133
Thomasboro	IL	40.242	-88.184	5	1133
Akron	IN	41.038	-86.028	16	1133
Andrews	IN	40.863	-85.602	16	1133
Edgecomb	ME	43.958	-69.631	33	1133
Bingham Farms	MI	42.516	-83.273	10	1133
Princeton	MO	40.401	-93.581	5	1133
Bergen	NY	43.085	-77.942	33	1133
Satanta	KS	37.437	-100.972	5	1133
Grant	NE	40.842	-101.725	9	1133
Parcelas Peñuelas	PR	17.999	-66.341	39	1132
Lucama	NC	35.645	-78.010	33	1132
Oyster Creek	TX	29.003	-95.332	5	1132
Stromsburg	NE	41.114	-97.599	5	1132
Sheffield	PA	41.704	-79.036	33	1132
Speers	PA	40.125	-79.880	33	1132
Baltic	SD	43.761	-96.740	5	1132
Cedar Ridge	CA	38.066	-120.277	29	1132
Los Olivos	CA	34.668	-120.115	29	1132
Ucon	ID	43.596	-111.964	3	1132
Saint-Michel-des-Saints	QC	46.677	-73.919	45	1131
Macon	IL	39.713	-88.997	5	1131
Brunswick	NC	34.287	-78.701	33	1131
Petersburg	MI	41.901	-83.715	10	1131
Apalachin	NY	42.070	-76.155	33	1131
Hanover	OH	40.080	-82.261	33	1131
Tatamy	PA	40.741	-75.257	33	1131
Salisbury	VT	43.896	-73.100	33	1131
Thornton	CA	38.226	-121.425	29	1131
Ellicott	CO	38.838	-104.387	9	1131
Petersburg	TX	33.870	-101.597	5	1131
Ransom Canyon	TX	33.533	-101.680	5	1131
Quebrada	PR	18.357	-66.832	39	1130
French Settlement	LA	30.296	-90.796	5	1130
Hillsboro	MS	32.459	-89.511	5	1130
China	TX	30.048	-94.336	5	1130
Davidsville	PA	40.227	-78.936	33	1130
Talmage	CA	39.133	-123.168	29	1130
Fort Gaines	GA	31.609	-85.049	33	1129
Holland	TX	30.878	-97.402	5	1129
Jolivue	VA	38.110	-79.073	33	1129
Paradise	PA	40.010	-76.129	33	1129
Greenville	CA	40.140	-120.951	29	1129
Seton Hill	MD	39.297	-76.624	33	1129
Summerdale	AL	30.488	-87.700	5	1128
Wattsville	VA	37.934	-75.500	33	1128
Washburn	IL	40.919	-89.291	5	1128
Townsend	MA	42.667	-71.705	33	1128
Lexington	MI	43.268	-82.531	10	1128
Aguanga	CA	33.443	-116.865	29	1128
Riverdale Park	CA	37.609	-121.052	29	1128
Church Rock	NM	35.534	-108.600	9	1128
Anton	TX	33.811	-102.164	5	1128
Morton	WA	46.558	-122.275	29	1128
Cordry Sweetwater Lakes	IN	39.305	-86.118	16	1128
Parc-Boutin	QC	45.292	-73.262	45	1127
Remerton	GA	30.844	-83.310	33	1127
Elton	LA	30.481	-92.696	5	1127
Glidden	IA	42.057	-94.729	5	1127
Grabill	IN	41.211	-84.967	16	1127
Boise City	OK	36.729	-102.513	5	1127
Hensall	ON	43.433	-81.500	45	1126
Woodsville	NH	44.152	-72.037	33	1126
Saylorsburg	PA	40.896	-75.324	33	1126
Spring Glen	UT	39.659	-110.853	9	1126
Welcome Beach	BC	49.480	-123.892	46	1125
West Lynn Terrace	BC	49.332	-123.026	46	1125
Cullen	LA	32.969	-93.451	5	1125
Lake View	IA	42.312	-95.053	5	1125
Camp Point	IL	40.039	-91.069	5	1125
Harris	MN	45.586	-92.975	5	1125
Castanea	PA	41.125	-77.430	33	1125
Collinsburg	PA	40.224	-79.768	33	1125
Strum	WI	44.550	-91.393	5	1125
Maria	QC	48.175	-65.986	45	1124
Camargo	KY	37.994	-83.888	33	1124
Lone Jack	MO	38.871	-94.174	5	1124
Atwater	MN	45.139	-94.778	5	1124
Nassau	NY	42.516	-73.610	33	1124
South Corning	NY	42.122	-77.037	33	1124
Galeton	PA	41.733	-77.642	33	1124
Groton	MA	42.611	-71.575	33	1124
Death Valley	CA	36.240	-116.811	29	1124
Cameron Heights	AB	53.473	-113.633	11	1123
Hamlin	WV	38.279	-82.103	33	1123
Tyhee	ID	42.952	-112.466	3	1123
Saint-Isidore	QC	47.433	-79.300	45	1122
Boling	TX	29.264	-95.944	5	1122
Cando	ND	48.487	-99.210	5	1122
East Hampton	NY	40.963	-72.185	33	1122
Earlston	PA	40.006	-78.370	33	1122
Angel Fire	NM	36.393	-105.285	9	1122
Paducah	TX	34.012	-100.302	5	1122
Hayes Subdivision	NS	45.055	-64.588	15	1121
Lamboglia	PR	17.981	-65.986	39	1121
Rochelle	GA	31.951	-83.456	33	1120
Silver Grove	KY	39.035	-84.390	33	1120
Friars Point	MS	34.371	-90.638	5	1120
Greene	IA	42.896	-92.802	5	1120
South Pekin	IL	40.494	-89.652	5	1120
Creighton	NE	42.467	-97.906	5	1120
Dane	WI	43.251	-89.502	5	1120
Pierreville	QC	46.070	-72.811	45	1119
La Coste	TX	29.311	-98.810	5	1119
Brookneal	VA	37.050	-78.944	33	1119
Deltaville	VA	37.555	-76.337	33	1119
University Heights	IA	41.655	-91.557	5	1119
Morocco	IN	40.946	-87.453	5	1119
Stevensville	MI	42.014	-86.519	10	1119
Andover	OH	41.607	-80.572	33	1119
Continental	OH	41.100	-84.266	33	1119
Mountainaire	AZ	35.085	-111.666	38	1119
Texico	NM	34.389	-103.051	9	1119
Saint-Valère	QC	46.067	-72.099	45	1118
Cayuga	IN	39.949	-87.460	16	1118
Logan Elm Village	OH	39.570	-82.952	33	1118
Groveton	NH	44.599	-71.511	33	1118
Schall Circle	FL	26.716	-80.115	33	1117
Plano	KY	36.880	-86.418	5	1117
Potomac Heights	MD	38.609	-77.141	33	1117
Cane Savannah	SC	33.902	-80.450	33	1117
Fairbank	IA	42.639	-92.047	5	1117
Malvern	IA	41.003	-95.585	5	1117
Centreville-Wareham-Trinity	NL	49.011	-53.889	43	1116
Essondale	BC	49.230	-122.811	46	1116
Assumption	IL	39.520	-89.049	5	1116
Louisville	IL	38.772	-88.503	5	1116
Gilbert	IA	42.107	-93.650	5	1116
Milford	WI	43.101	-88.847	5	1116
Rocksprings	TX	30.016	-100.205	5	1116
St. Lawrence	NL	46.917	-55.398	43	1115
Le Bic	QC	48.375	-68.694	45	1115
Merryville	LA	30.754	-93.540	5	1115
Glasgow	VA	37.634	-79.450	33	1115
Ogden Dunes	IN	41.623	-87.192	5	1115
Lakeview	MI	42.298	-85.211	10	1115
Bevent	WI	44.771	-89.390	5	1115
Occidental	CA	38.407	-122.948	29	1115
Beach	ND	46.918	-104.004	9	1115
South River	ON	45.833	-79.383	45	1114
Los Indios	TX	26.049	-97.745	5	1114
Leicester	VT	43.867	-73.108	33	1114
Berry	AL	33.660	-87.600	5	1113
Worcester	NY	42.591	-74.750	33	1113
Stiles	PA	40.665	-75.508	33	1113
Luceville	QC	48.545	-68.397	45	1112
Bridgeport West	ON	43.478	-80.484	45	1112
Highfield-Cascade	MD	39.716	-77.483	33	1112
Mesquite	NM	32.165	-106.697	9	1112
Lower Economy	NS	45.401	-63.986	15	1111
Blue Mound	IL	39.701	-89.123	5	1111
La Cygne	KS	38.350	-94.761	5	1111
Bogata	TX	33.471	-95.214	5	1111
Marion	TX	29.571	-98.140	5	1111
New Summerfield	TX	31.981	-95.094	5	1111
Fruitport	MI	43.132	-86.155	10	1111
Marion Center	MA	41.704	-70.763	33	1111
Port Williams	NS	45.100	-64.415	15	1110
Bronson	FL	29.448	-82.642	33	1110
Greenback	TN	35.661	-84.172	33	1110
Brussels	WI	44.736	-87.621	5	1110
Tyler	MN	44.278	-96.135	5	1110
Gravelbourg	SK	49.883	-106.551	41	1109
Barataria	LA	29.723	-90.124	5	1109
Kissee Mills	MO	36.684	-93.050	5	1109
Rutherford	TN	36.128	-88.986	5	1109
Housatonic	MA	42.254	-73.366	33	1109
Cochranton	PA	41.520	-80.048	33	1109
Caliente	NV	37.615	-114.512	29	1109
Somers	MT	48.080	-114.222	9	1109
Upton	WY	44.100	-104.628	9	1109
Lewis Point	PE	46.252	-63.161	15	1108
Bufalo	PR	18.418	-66.573	39	1108
Lovington	IL	39.716	-88.633	5	1108
Carville	LA	30.217	-91.096	5	1108
Cold Spring	MD	39.348	-76.658	33	1108
Edina	MO	40.168	-92.173	5	1108
Mechanicsville	IA	41.904	-91.255	5	1108
Nauvoo	IL	40.550	-91.385	5	1108
Greenville	NH	42.767	-71.812	33	1108
Dollar Corner	WA	45.780	-122.600	29	1108
Saint Ansgar	IA	43.378	-92.919	5	1107
Dixmont	ME	44.680	-69.163	33	1107
Lowellville	OH	41.035	-80.536	33	1107
Rockford	OH	40.688	-84.647	33	1107
Potter Lake	WI	42.822	-88.349	5	1107
Howie Centre	NS	46.075	-60.268	13	1106
Viking	AB	53.096	-111.775	11	1106
Hilbert	WI	44.140	-88.164	5	1106
La Union	NM	31.951	-106.662	9	1106
Ballard	UT	40.289	-109.943	9	1106
Maskinongé	QC	46.229	-73.019	45	1105
Parkin	AR	35.263	-90.571	5	1105
Hiland Park	FL	30.201	-85.627	5	1105
Erie	KS	37.568	-95.243	5	1105
Cole Camp	MO	38.460	-93.203	5	1105
Cut and Shoot	TX	30.333	-95.358	5	1105
Little Valley	NY	42.253	-78.806	33	1105
Osceola Mills	PA	40.850	-78.271	33	1105
Frederic	WI	45.659	-92.467	5	1105
Parachute	CO	39.452	-108.053	9	1105
Seabeck	WA	47.640	-122.828	29	1105
Albany	LA	30.504	-90.582	5	1104
Bull Valley	IL	42.321	-88.355	5	1104
Harleigh	PA	40.981	-75.971	33	1104
Desert Shores	CA	33.404	-116.040	29	1104
Bay St. George South	NL	48.228	-58.842	43	1103
U of S Lands South Management Area	SK	52.127	-106.620	41	1103
Glasgow	MO	39.227	-92.847	5	1103
Purdy	MO	36.817	-93.921	5	1103
Terry	MS	32.096	-90.294	5	1103
Baxter	IA	41.826	-93.152	5	1103
Bally	PA	40.402	-75.587	33	1103
Boyceville	WI	45.044	-92.041	5	1103
Maxwell	CA	39.276	-122.191	29	1103
Funny River	AK	60.502	-150.762	0	1103
Mosher	MD	39.297	-76.662	33	1103
Port Rowan	ON	42.617	-80.466	45	1102
Luxora	AR	35.756	-89.928	5	1102
Kent City	MI	43.220	-85.751	10	1102
Sainte-Jeanne-d'Arc	QC	48.867	-72.082	45	1101
Carleton	QC	48.103	-66.120	45	1101
Sulphur Springs	AR	34.181	-92.123	5	1101
Black Diamond	FL	28.912	-82.486	33	1101
South Shore	KY	38.721	-82.958	33	1101
Leonville	LA	30.470	-91.978	5	1101
Hilltop Lakes	TX	31.079	-96.204	5	1101
McCloud	CA	41.256	-122.139	29	1101
Ravensdale	WA	47.352	-121.984	29	1101
Fort Simpson	NT	61.863	-121.352	11	1100
Hornby Island	BC	49.534	-124.669	46	1100
Milford Station	NS	45.041	-63.436	15	1100
Saint-Bruno-de-Guigues	QC	47.467	-79.433	45	1100
Port Republic	NJ	39.521	-74.486	33	1100
Bassett	VA	36.759	-79.990	33	1100
Mountain Road	VA	36.760	-78.987	33	1100
Conrad	IA	42.225	-92.875	5	1100
South Canal	OH	41.177	-80.987	33	1100
Knox	PA	41.235	-79.537	33	1100
Milesburg	PA	40.942	-77.785	33	1100
Hustisford	WI	43.346	-88.601	5	1100
Amelia Court House	VA	37.343	-77.981	33	1099
Tivoli	NY	42.058	-73.909	33	1099
Inyokern	CA	35.647	-117.813	29	1099
Howey-in-the-Hills	FL	28.717	-81.773	33	1098
Saint Jacob	IL	38.714	-89.768	5	1098
Rosenhayn	NJ	39.478	-75.131	33	1098
Wildwood	TN	35.804	-83.871	33	1098
Russiaville	IN	40.418	-86.271	16	1098
Talihina	OK	34.751	-95.048	5	1097
Wiscasset	ME	44.003	-69.666	33	1097
Alexandria Bay	NY	44.336	-75.918	33	1097
White Haven	PA	41.061	-75.774	33	1097
Cashton	WI	43.742	-90.779	5	1097
Central Forest Park	MD	39.327	-76.688	33	1097
Mansfield	AR	35.060	-94.253	5	1096
Republic	PA	39.963	-79.877	33	1096
Howland	ME	45.239	-68.664	33	1096
Holgate	OH	41.249	-84.133	33	1096
Athens	WI	45.033	-90.074	5	1096
Midtown-Edmondson	MD	39.296	-76.650	33	1096
Annville	KY	37.319	-83.970	33	1095
Clay City	KY	37.859	-83.919	33	1095
Hall Park	OK	35.237	-97.406	5	1095
Markle	IN	40.825	-85.339	16	1095
Hebron	ME	44.198	-70.406	33	1095
Bloomfield	PA	40.461	-79.951	33	1095
Salcha	AK	64.524	-146.902	0	1095
Eel Ground	NB	46.965	-65.629	32	1094
Minor	AL	33.537	-86.941	5	1094
Farmersburg	IN	39.249	-87.382	16	1094
Catahoula	LA	30.215	-91.709	5	1094
Maysville	MO	39.889	-94.362	5	1094
Dellwood	MN	45.090	-92.972	5	1094
Madison Lake	MN	44.204	-93.816	5	1094
Marlborough	NH	42.904	-72.208	33	1094
Greenvale	NY	40.811	-73.628	33	1094
Jefferson Heights	NY	42.234	-73.882	33	1094
Pioneer	CA	38.432	-120.572	29	1094
Whitehall	MT	45.871	-112.097	9	1094
Yamhill	OR	45.342	-123.187	29	1094
New Victoria	NS	46.254	-60.128	13	1093
Lumpkin	GA	32.051	-84.799	33	1093
Erick	OK	35.215	-99.866	5	1093
Roslyn Harbor	NY	40.816	-73.637	33	1093
Light Street	PA	41.036	-76.424	33	1093
Shinglehouse	PA	41.964	-78.191	33	1093
Coulee Dam	WA	47.965	-118.976	29	1093
Barnes Lake-Millers Lake	MI	43.180	-83.312	10	1093
Esperanza	PR	18.097	-65.471	39	1092
Dierks	AR	34.119	-94.017	5	1092
Hebron	MD	38.420	-75.688	33	1092
Appleton City	MO	38.191	-94.029	5	1092
Gifford	IL	40.306	-88.021	5	1092
Basin City	WA	46.594	-119.152	29	1092
Notre-Dame-du-Mont-Carmel	QC	46.017	-75.083	45	1091
Monongah	WV	39.463	-80.218	33	1091
Maplewood	BC	49.304	-123.014	46	1090
Gilbert Creek	WV	37.576	-81.895	33	1090
Carson City	MI	43.177	-84.846	10	1090
Oxford	NJ	40.803	-74.990	33	1090
Peach Springs	AZ	35.529	-113.425	38	1090
Carriage Club	CO	39.532	-104.901	9	1090
Arivaca Junction	AZ	31.727	-111.061	38	1090
Marbleton	WY	42.554	-110.109	9	1090
Meridian Station	MS	32.550	-88.618	5	1090
Lac du Bonnet	MB	50.254	-96.061	48	1089
De Soto	IA	41.532	-94.010	5	1089
Northfield	MA	42.696	-72.453	33	1089
Sherburn	MN	43.652	-94.727	5	1089
Bradbury	CA	34.147	-117.971	29	1089
Dunmore	AB	49.967	-110.602	11	1088
Snow Lake	MB	54.879	-100.037	48	1088
Unadilla	NY	42.325	-75.312	33	1088
Raubsville	PA	40.636	-75.193	33	1088
Plains	KS	37.260	-100.593	5	1088
Milton-Montford	MD	39.301	-76.583	33	1088
Albanel	QC	48.883	-72.449	45	1087
Stoney Point	ON	44.267	-79.533	45	1087
Saint-Pacôme	QC	47.405	-69.950	45	1087
Pleasant Hill	NC	35.873	-79.482	33	1087
Towaoc	CO	37.204	-108.730	9	1087
Lowell	OR	43.918	-122.784	29	1087
Oskaloosa	KS	39.215	-95.313	5	1086
Astoria	IL	40.228	-90.360	5	1086
Boothbay Harbor	ME	43.852	-69.628	33	1086
Dexter	NY	44.008	-76.044	33	1086
Lannon	WI	43.146	-88.166	5	1086
Washington	KS	39.818	-97.051	5	1085
Panora	IA	41.692	-94.363	5	1085
Easton	WI	43.838	-89.807	5	1085
Mount Morris	WI	44.114	-89.191	5	1085
Alamo	NM	34.421	-107.511	9	1085
Charles North	MD	39.311	-76.617	33	1085
Midway	AR	36.385	-92.462	5	1084
Woodworth	LA	31.147	-92.497	5	1084
Asherton	TX	28.442	-99.760	5	1084
Hillside Lake	NY	41.615	-73.798	33	1084
McCaysville	GA	34.986	-84.371	33	1083
Billings	MO	37.068	-93.552	5	1083
Lake Secession	SC	34.285	-82.595	33	1083
Tipton	PA	40.636	-78.296	33	1083
Fountain Green	UT	39.630	-111.635	9	1083
Gilcrest	CO	40.282	-104.778	9	1083
Kenmare	ND	48.675	-102.083	5	1083
Elmwood Park	AB	53.580	-113.462	11	1082
Scotchtown	NS	46.239	-60.100	13	1082
Rosiclare	IL	37.424	-88.346	5	1082
Chetopa	KS	37.037	-95.090	5	1082
New Franklin	MO	39.017	-92.737	5	1082
Luttrell	TN	36.200	-83.742	33	1082
Markham	TX	28.960	-96.065	5	1082
Hamburg	IA	40.604	-95.658	5	1082
Flanagan	IL	40.878	-88.861	5	1082
Frankfort	ME	44.610	-68.877	33	1082
Dollar Bay	MI	47.120	-88.512	10	1082
Canoe	BC	50.750	-119.233	46	1081
Sydney Forks	NS	46.060	-60.304	13	1081
Norlina	NC	36.446	-78.198	33	1081
Sciotodale	OH	38.755	-82.869	33	1081
Pembroke	VA	37.320	-80.639	33	1081
Tornado	WV	38.343	-81.844	33	1081
Fayette	ME	44.409	-70.034	33	1081
Wanamingo	MN	44.304	-92.790	5	1081
Little Round Lake	WI	45.965	-91.368	5	1081
Yarrow Point	WA	47.646	-122.217	29	1081
Hāwī	HI	20.241	-155.834	49	1081
Pennsboro	WV	39.285	-80.968	33	1080
Califon	NJ	40.720	-74.836	33	1080
New Bloomfield	PA	40.420	-77.186	33	1080
Alamo	NV	37.365	-115.164	29	1080
Souris	PE	46.350	-62.249	15	1079
Van Lear	KY	37.771	-82.758	33	1079
Aplington	IA	42.584	-92.884	5	1079
Keystone	CO	39.599	-105.987	9	1079
Steele	AL	33.940	-86.202	5	1078
Kempner	TX	31.081	-98.003	5	1078
Lindsay	TX	33.636	-97.223	5	1078
Lawrenceville	VA	36.758	-77.847	33	1078
Almedia	PA	41.015	-76.381	33	1078
Nashville	IN	39.207	-86.251	16	1077
Bowling Green	MD	39.624	-78.804	33	1077
Bodega Bay	CA	38.333	-123.048	29	1077
Atoka	NM	32.770	-104.389	9	1077
Langley	WA	48.040	-122.406	29	1077
Arcadia	MD	39.334	-76.568	33	1077
Levindale	MD	39.353	-76.665	33	1077
Westmount	BC	49.345	-123.218	46	1076
Heritage Creek	KY	38.124	-85.720	27	1076
Maud	OK	35.130	-96.776	5	1076
Gholson	TX	31.701	-97.216	5	1076
Pine Island	TX	30.058	-96.037	5	1076
Cedar Bluff	VA	37.088	-81.759	33	1076
Nellysford	VA	37.890	-78.872	33	1076
Dixfield	ME	44.534	-70.456	33	1076
Hector	MN	44.744	-94.716	5	1076
New Castle	NH	43.072	-70.717	33	1076
Colony Park	PA	40.347	-75.982	33	1076
Salluit	QC	62.204	-75.643	45	1075
Oakmount	NS	44.739	-63.652	15	1075
Pickens	MS	32.884	-89.971	5	1075
Sunflower	MS	33.543	-90.537	5	1075
Limestone	ME	46.909	-67.826	33	1075
Rafter J Ranch	WY	43.426	-110.799	9	1075
Newellton	LA	32.073	-91.241	5	1074
Stover	MO	38.441	-92.992	5	1074
Wade	MS	30.642	-88.570	5	1074
White Plains	NC	36.446	-80.633	33	1074
Forest Park	OK	35.504	-97.446	5	1074
Dodson Branch	TN	36.313	-85.532	5	1074
Obion	TN	36.259	-89.192	5	1074
Champlain	NY	44.986	-73.447	33	1074
Eureka	MT	48.880	-115.053	9	1074
Haliimaile	HI	20.871	-156.346	49	1074
La Broquerie	MB	49.517	-96.500	48	1073
Mineville	NS	44.692	-63.375	15	1073
Oakland	OK	34.100	-96.794	5	1073
Brownsboro	TX	32.302	-95.614	5	1073
Lavalette	WV	38.323	-82.447	33	1073
Belle Vernon	PA	40.125	-79.866	33	1073
Central City	PA	40.111	-78.802	33	1073
Oakfield	WI	43.686	-88.546	5	1073
Stillman Valley	IL	42.107	-89.179	5	1072
Bessemer	PA	40.975	-80.494	33	1072
De Smet	SD	44.387	-97.550	5	1072
Williams	OR	42.219	-123.274	29	1072
Republic	WA	48.648	-118.738	29	1072
New Century	KS	38.823	-94.900	5	1072
Cobden	ON	45.633	-76.883	45	1071
Melville Cove	NS	44.634	-63.614	15	1071
Crocker	MO	37.949	-92.264	5	1071
Maud	TX	33.333	-94.343	5	1071
Redwater	TX	33.358	-94.254	5	1071
Jefferson	NH	44.419	-71.475	33	1071
Stamford	NY	42.407	-74.614	33	1071
Luck	WI	45.576	-92.483	5	1071
Marcus	IA	42.826	-95.808	5	1070
Celoron	NY	42.109	-79.283	33	1070
Prospect	OH	40.450	-83.189	33	1070
Elwood	UT	41.690	-112.141	9	1070
Arnaudville	LA	30.398	-91.932	5	1069
Wister	OK	34.967	-94.725	5	1069
Chico	TX	33.296	-97.799	5	1069
Godley	TX	32.449	-97.527	5	1069
Edinburg	VA	38.821	-78.566	33	1069
Truman	MN	43.828	-94.437	5	1069
Minetto	NY	43.398	-76.477	33	1069
Deloraine	MB	49.191	-100.495	48	1068
Batesville	TX	28.951	-99.618	5	1068
Convoy	OH	40.917	-84.703	33	1068
Saint-Denis-sur-Richelieu	QC	45.783	-73.149	45	1067
Black River-Hardwicke	NB	47.021	-65.208	32	1067
Cap-de-Richibucto	NB	46.595	-64.779	32	1067
Gaston	NC	36.500	-77.645	33	1067
New Hope	TN	35.005	-85.658	5	1067
Hill Country Village	TX	29.582	-98.491	5	1067
Whitbourne	NL	47.417	-53.531	43	1066
Greenwood	DE	38.807	-75.591	33	1066
Richton	MS	31.349	-88.940	5	1066
Saint Paul	TX	33.041	-96.550	5	1066
Prices Fork	VA	37.210	-80.490	33	1066
Harbour Main-Chapel's Cove-Lakeview	NL	47.417	-53.165	43	1065
Town Creek	AL	34.681	-87.406	5	1065
Frankfort	OH	39.401	-83.181	33	1065
Bellaire	MI	44.980	-85.211	10	1065
Seneca	PA	41.379	-79.704	33	1065
Portland	WI	43.769	-90.858	5	1065
Altamont	BC	49.341	-123.203	46	1064
Mahone Bay	NS	44.449	-64.382	15	1064
Ash Flat	AR	36.224	-91.608	5	1064
Shelton	NE	40.779	-98.731	5	1064
Curtisville	PA	40.642	-79.851	33	1064
New Philadelphia	PA	40.720	-76.116	33	1064
Sand Point	AK	55.336	-160.501	0	1064
Smoky Lake	AB	54.117	-112.469	11	1063
Magas Arriba	PR	18.017	-66.769	39	1063
Brooks	ME	44.550	-69.121	33	1063
Baudette	MN	48.712	-94.600	5	1063
New Cumberland	WV	40.497	-80.607	33	1063
Joseph	OR	45.354	-117.230	29	1063
Goreville	IL	37.554	-88.972	5	1062
Fairland	OK	36.751	-94.847	5	1062
Runge	TX	28.883	-97.713	5	1062
South Ashburnham	MA	42.610	-71.939	33	1062
Pocono Ranch Lands	PA	41.165	-74.952	33	1062
Blackwater	AZ	33.031	-111.583	38	1062
Willow Valley	AZ	34.912	-114.607	38	1062
Porcupine	SD	43.240	-102.331	9	1062
Moorcroft	WY	44.263	-104.950	9	1062
Cache Creek	BC	50.810	-121.325	46	1061
Kerrobert	SK	51.917	-109.135	41	1061
Mountain City	GA	34.918	-83.385	33	1061
Maringouin	LA	30.491	-91.520	5	1061
Newark	TX	33.001	-97.484	5	1061
Roscommon	MI	44.498	-84.592	10	1061
Center Harbor	NH	43.710	-71.460	33	1061
Poestenkill	NY	42.690	-73.565	33	1061
Lincoln	PA	40.319	-79.855	33	1061
Martin	SD	43.172	-101.733	9	1061
Sentinel Hill	BC	49.337	-123.146	46	1060
Nahunta	GA	31.204	-81.981	33	1060
Bolivar	WV	39.323	-77.753	33	1060
McKinley Heights	OH	41.184	-80.717	33	1060
Wink	TX	31.751	-103.160	5	1060
Gerber	CA	40.056	-122.150	29	1060
Fort Shafter	HI	21.344	-157.886	49	1060
Saint-Norbert	QC	46.169	-73.315	45	1059
Weedon Centre	QC	45.708	-71.460	45	1059
Mound City	MO	40.131	-95.232	5	1059
Sylvan Beach	NY	42.465	-77.108	33	1059
Upper Bear Creek	CO	39.624	-105.418	9	1059
English Corner	NS	44.733	-63.782	15	1058
Oxbow	SK	49.233	-102.168	41	1058
Horatio	AR	33.938	-94.357	5	1058
Newport	DE	39.714	-75.609	33	1058
Delevan	NY	42.489	-78.481	33	1058
Lake Nebagamon	WI	46.515	-91.700	5	1058
North Edwards	CA	35.017	-117.833	29	1058
Daniel	UT	40.471	-111.415	9	1058
The Galena Territory	IL	42.393	-90.326	5	1058
Saint-Elzéar	QC	45.603	-73.727	45	1057
De Kalb	MS	32.768	-88.651	5	1057
Weeping Water	NE	40.870	-96.141	5	1057
Hill	NH	43.524	-71.701	33	1057
Killam	AB	52.783	-111.852	11	1056
Double Springs	AL	34.146	-87.402	5	1056
Hoopers Creek	NC	35.439	-82.467	33	1056
Reading	MI	41.839	-84.748	10	1056
Sanbornville	NH	43.554	-71.031	33	1056
Cincinnatus	NY	42.542	-75.896	33	1056
Tuscarawas	OH	40.395	-81.407	33	1056
Schoeneck	PA	40.241	-76.174	33	1056
Velda Village Hills	MO	38.691	-90.287	5	1055
Tom Bean	TX	33.520	-96.484	5	1055
George	IA	43.344	-96.002	5	1055
Lynn	IN	40.050	-84.940	16	1055
Elgin	MN	44.130	-92.252	5	1055
Belfield	ND	46.885	-103.200	9	1055
Coburg	OR	44.137	-123.066	29	1055
Highland	AR	36.276	-91.524	5	1054
Solomon	KS	38.919	-97.371	5	1054
Kearney Park	MS	32.589	-90.315	5	1054
Ray City	GA	31.075	-83.199	33	1053
Palo	IA	42.066	-91.795	5	1053
Ivyland	PA	40.208	-75.073	33	1053
Yoncalla	OR	43.598	-123.283	29	1053
Valemount	BC	52.833	-119.252	46	1052
Bloomfield	KY	37.910	-85.317	33	1052
Supreme	LA	29.859	-90.981	5	1052
Uhland	TX	29.958	-97.786	5	1052
Saybrook Manor	CT	41.285	-72.399	33	1052
Etna	ME	44.821	-69.111	33	1052
Westfield	PA	41.919	-77.539	33	1052
Upper Lake	CA	39.165	-122.911	29	1052
Twin Lakes	NM	35.709	-108.775	9	1052
Clinton	MT	46.769	-113.713	9	1052
De Land Southwest	FL	29.008	-81.311	33	1052
Edinburg	IL	39.657	-89.390	5	1051
Northfield	KY	38.287	-85.641	27	1051
Williamsport	OH	39.586	-83.120	33	1051
Gorman	TX	32.214	-98.671	5	1051
Lake Saint Croix Beach	MN	44.921	-92.767	5	1051
Pender	NE	42.114	-96.707	5	1051
Ashton	ID	44.072	-111.448	3	1051
Plains	MT	47.460	-114.883	9	1051
Cambridge	NE	40.282	-100.166	5	1051
Hornepayne	ON	49.215	-84.776	45	1050
Jeffersonville	GA	32.688	-83.347	33	1050
Melville	LA	30.693	-91.744	5	1050
Rowland	NC	34.537	-79.291	33	1050
Afton	OK	36.694	-94.963	5	1050
Inman Mills	SC	35.042	-82.104	33	1050
Concord	MI	42.178	-84.643	10	1050
Luckey	OH	41.451	-83.487	33	1050
Yeagertown	PA	40.643	-77.581	33	1050
Clark	SD	44.878	-97.733	5	1050
Kaslo	BC	49.917	-116.919	46	1049
Sheshatshiu	NL	53.519	-60.146	14	1049
Millersport	OH	39.900	-82.534	33	1049
Beaverton	MI	43.882	-84.485	10	1049
Keewatin	MN	47.400	-93.072	5	1049
Tyndall	SD	42.993	-97.863	5	1049
Georgetown	CO	39.706	-105.698	9	1049
Sterling City	TX	31.836	-100.985	5	1049
Rhodhiss	NC	35.774	-81.431	33	1048
Caddo	OK	34.127	-96.263	5	1048
McConnellsburg	PA	39.933	-77.999	33	1048
Ricardo	TX	27.421	-97.851	5	1048
Carlton	MN	46.664	-92.425	5	1048
Shelter Island Heights	NY	41.084	-72.356	33	1048
Bear Rocks	PA	40.123	-79.462	33	1048
Alto	WI	43.677	-88.795	5	1048
Bear Creek	AL	34.275	-87.701	5	1047
Marvell	AR	34.556	-90.913	5	1047
Steinhatchee	FL	29.671	-83.388	33	1047
Altamont	KS	37.190	-95.297	5	1047
Watson	LA	30.576	-90.953	5	1047
Jamaica Beach	TX	29.190	-94.980	5	1047
Redland	TX	31.404	-94.721	5	1047
Eagle	NE	40.817	-96.430	5	1047
Lakeview	OH	40.485	-83.923	33	1047
New Shoreham	RI	41.172	-71.558	33	1047
Aliamanu Mauka	HI	21.360	-157.907	49	1047
London	AR	35.329	-93.253	5	1046
Cyril	OK	34.896	-98.201	5	1046
Colfax	IL	40.567	-88.616	5	1046
Otisville	NY	41.473	-74.538	33	1046
Naco	AZ	31.335	-109.948	38	1046
Paisley	ON	44.306	-81.273	45	1045
Bell's Turn	NL	47.593	-52.730	43	1045
Stedman	NC	35.014	-78.694	33	1045
Riverside	IA	41.480	-91.581	5	1045
Stony Creek Mills	PA	40.346	-75.870	33	1045
Kā‘anapali	HI	20.929	-156.694	49	1045
Shelby	AL	33.110	-86.584	5	1044
Campti	LA	31.893	-93.118	5	1044
Garrett Park	MD	39.038	-77.093	33	1044
Sidney	IA	40.748	-95.647	5	1044
Denmark	ME	43.970	-70.803	33	1044
Waterloo	NE	41.287	-96.286	5	1044
Yorkville	OH	40.155	-80.710	33	1044
Rio	WI	43.448	-89.240	5	1044
Hart	TX	34.385	-102.116	5	1044
108 Mile Ranch	BC	51.749	-121.369	46	1043
Wurtland	KY	38.550	-82.778	33	1043
Saint Jo	TX	33.695	-97.523	5	1043
Rosendale	WI	43.808	-88.675	5	1043
Challis	ID	44.505	-114.232	3	1043
Grand Coulee	WA	47.942	-119.003	29	1043
Melita	MB	49.268	-100.997	48	1042
Noonan	NB	45.967	-66.532	32	1042
Bogart	GA	33.949	-83.535	33	1042
Ryland Heights	KY	38.958	-84.463	33	1042
Hannawa Falls	NY	44.612	-74.971	33	1042
Captains Cove	VA	37.990	-75.423	33	1042
Sedan	KS	37.127	-96.187	5	1041
Gideon	MO	36.452	-89.919	5	1041
Pasatiempo	CA	37.004	-122.026	29	1041
Cawston	BC	49.183	-119.760	46	1040
Masaryktown	FL	28.442	-82.457	33	1040
Statenville	GA	30.703	-83.028	33	1040
Odin	IL	38.617	-89.052	5	1040
New Waverly	TX	30.538	-95.483	5	1040
Clear Lake	WI	45.252	-92.271	5	1040
Akutan	AK	54.134	-165.775	0	1040
Quail Ridge	FL	28.349	-82.555	33	1040
Schreiber	ON	48.813	-87.265	45	1039
Sunman	IN	39.237	-85.095	16	1039
Chauncey	OH	39.398	-82.129	33	1039
Lasara	TX	26.465	-97.911	5	1039
Dickeyville	WI	42.627	-90.592	5	1039
Linton	ND	46.267	-100.233	5	1039
Weymontachie	QC	47.899	-73.777	45	1038
Humansville	MO	37.794	-93.578	5	1038
Stoneville	NC	36.467	-79.907	33	1038
Amherst	WI	44.451	-89.285	5	1038
Orchard Ridge	MD	39.313	-76.558	33	1038
Jarvis	ON	42.886	-80.112	45	1037
Hackberry	TX	33.152	-96.918	5	1037
Windemere	TX	30.459	-97.661	5	1037
Frenchville	ME	47.281	-68.380	33	1037
Millington	MI	43.281	-83.530	10	1037
Bridgewater	NH	43.638	-71.736	33	1037
Palenville	NY	42.175	-74.020	33	1037
Nashville	WI	45.523	-89.025	5	1037
Mount Hermon	CA	37.051	-122.059	29	1037
Santa Susana	CA	34.257	-118.669	29	1037
Mission	OR	45.670	-118.684	29	1037
Quarryville	NB	46.833	-65.782	32	1036
La Plena	PR	18.047	-66.205	39	1036
Nickerson	KS	38.147	-98.084	5	1036
Ninnekah	OK	34.948	-97.924	5	1036
Falcon Lake Estates	TX	26.873	-99.255	5	1036
Eden Valley	MN	45.326	-94.546	5	1036
Shafer	MN	45.387	-92.748	5	1036
Coral Harbour	NU	64.138	-83.165	1	1035
Saint-Boniface	QC	46.500	-75.983	45	1035
Upper Sackville	NS	44.819	-63.760	15	1035
Woodhaven	MB	49.874	-97.272	48	1035
North Tunica	MS	34.701	-90.378	5	1035
Winchester	OH	38.942	-83.651	33	1035
Clarkston	MI	42.736	-83.419	10	1035
Elbridge	NY	43.035	-76.448	33	1035
Beaverdale	PA	40.322	-78.697	33	1035
Washington	VT	44.106	-72.433	33	1035
Boonville	CA	39.009	-123.366	29	1035
Pacific City	OR	45.202	-123.963	29	1035
Yosemite Valley	CA	37.741	-119.578	29	1035
Desbiens	QC	48.418	-71.948	45	1034
Highland	MD	39.179	-76.957	33	1034
Santa Anna	TX	31.742	-99.322	5	1034
Lempster	NH	43.238	-72.211	33	1034
Flint City	AL	34.523	-86.970	5	1033
Urbancrest	OH	39.898	-83.087	33	1033
Mendon	VT	43.652	-72.928	33	1033
Turtle Lake	WI	45.394	-92.142	5	1033
Smith	NV	38.800	-119.327	29	1033
Scobey	MT	48.793	-105.421	9	1033
Geronimo	TX	29.663	-97.967	5	1032
Lily Lake	IL	41.949	-88.478	5	1032
Wakeman	OH	41.255	-82.400	33	1032
Ordway	CO	38.218	-103.756	9	1032
Six Mile	BC	48.458	-123.461	46	1031
Las Marías	PR	18.252	-66.992	39	1031
Saint Paul	IN	39.428	-85.628	16	1031
Stonewall	MS	32.132	-88.793	5	1031
Zena	NY	42.017	-74.076	33	1031
Blue Ball	PA	40.119	-76.047	33	1031
Waldo	FL	29.790	-82.167	33	1030
Meigs	GA	31.072	-84.089	33	1030
Caldwell	KS	37.032	-97.607	5	1030
Hubley	NS	44.673	-63.822	15	1029
Eclectic	AL	32.635	-86.034	5	1029
Poseyville	IN	38.170	-87.783	5	1029
Saint Michaels	MD	38.785	-76.224	33	1029
Marlinton	WV	38.223	-80.095	33	1029
Allison	IA	42.753	-92.795	5	1029
Castine	ME	44.388	-68.800	33	1029
Garland	ME	45.038	-69.160	33	1029
North Branch	MI	43.229	-83.197	10	1029
Bethany	WV	40.206	-80.557	33	1029
Phillips	ME	44.823	-70.340	33	1029
Saticoy	CA	34.283	-119.150	29	1029
Aurora	UT	38.922	-111.934	9	1029
Glenmore	BC	49.362	-123.122	46	1028
Sainte-Geneviève-de-Batiscan	QC	46.530	-72.339	45	1028
Morrisonville	IL	39.420	-89.456	5	1028
Worden	IL	38.931	-89.839	5	1028
Taylorsville	KY	38.032	-85.342	33	1028
Wortham	TX	31.788	-96.462	5	1028
Kenwood	CA	38.414	-122.546	29	1028
Farm Loop	AK	61.639	-149.142	0	1028
Norman Wells	NT	65.282	-126.833	11	1027
Altamont	TN	35.430	-85.723	5	1027
Fairchilds	TX	29.431	-95.780	5	1027
Plum Grove	TX	32.196	-96.989	5	1027
Pierceton	IN	41.200	-85.706	16	1027
Browning	MT	48.557	-113.013	9	1027
Reynolds	GA	32.560	-84.096	33	1026
Ramsey	IL	39.144	-89.109	5	1026
Wiley Ford	WV	39.615	-78.775	33	1026
Plandome Heights	NY	40.803	-73.704	33	1026
Alpaugh	CA	35.888	-119.487	29	1026
Minturn	CO	39.586	-106.431	9	1026
Tiki Island	TX	29.297	-94.917	5	1026
Chalk River	ON	46.017	-77.449	45	1025
Coal Hill	AR	35.437	-93.673	5	1025
Mount Ida	AR	34.557	-93.634	5	1025
Trappe	MD	38.658	-76.058	33	1025
Occoquan	VA	38.684	-77.260	33	1025
Terramuggus	CT	41.635	-72.470	33	1025
Newark	IL	41.537	-88.583	5	1025
South Waverly	PA	41.998	-76.537	33	1025
Moapa Town	NV	36.682	-114.594	29	1025
Bentley	AB	52.465	-114.050	11	1024
Delisle	SK	51.924	-107.135	41	1024
French Creek	BC	49.341	-124.355	46	1024
Peña Pobre	PR	18.216	-65.822	39	1024
Overbrook	KS	38.781	-95.557	5	1024
Oxford	KS	37.274	-97.169	5	1024
Kingston	OH	39.474	-82.911	33	1024
Groveton	TX	31.055	-95.126	5	1024
Sheldon	IL	40.769	-87.564	5	1024
Wanatah	IN	41.431	-86.898	5	1024
Penryn	PA	40.205	-76.368	33	1024
Houck	AZ	35.283	-109.207	9	1024
Johnstonville	CA	40.384	-120.587	29	1024
Fyffe	AL	34.447	-85.904	5	1023
Lyndon	KS	38.610	-95.684	5	1023
Deweyville	TX	30.298	-93.743	5	1023
Chebanse	IL	41.003	-87.908	5	1023
Lake Shore	MN	46.486	-94.361	5	1023
Macy	NE	42.113	-96.356	5	1023
Royalton	PA	40.187	-76.730	33	1023
Mesa Verde	CA	33.606	-114.731	29	1023
Seelyville	IN	39.492	-87.267	16	1022
North English	IA	41.514	-92.076	5	1022
Walton	IN	40.661	-86.242	16	1022
Wittenberg	WI	44.827	-89.170	5	1022
Palouse	WA	46.910	-117.076	29	1022
Cookshire	QC	45.415	-71.630	45	1021
Saint-Prime	QC	48.592	-72.336	45	1021
McLeansville	NC	36.107	-79.659	33	1021
McCullom Lake	IL	42.368	-88.293	5	1021
Mantua	OH	41.284	-81.224	33	1021
Healy	AK	63.857	-148.966	0	1021
Denman Island	BC	49.533	-124.820	46	1020
Greenfield	IL	39.344	-90.213	5	1020
Abbottstown	PA	39.886	-76.985	33	1020
Stetson	ME	44.892	-69.143	33	1020
McGraw	NY	42.596	-76.093	33	1020
Manchester	WI	43.691	-89.048	5	1020
Robert Lee	TX	31.892	-100.485	5	1020
Buckeystown	MD	39.335	-77.432	33	1019
Edwards	MS	32.330	-90.606	5	1019
Riesel	TX	31.475	-96.923	5	1019
Rockwell	IA	42.985	-93.192	5	1019
Rome	ME	44.585	-69.869	33	1019
Naples	NY	42.615	-77.402	33	1019
Bradner	OH	41.324	-83.439	33	1019
Falls Creek	PA	41.145	-78.804	33	1019
Plummer	ID	47.335	-116.889	29	1019
Six Shooter Canyon	AZ	33.367	-110.775	38	1019
Meredosia	IL	39.831	-90.560	5	1018
Dunbar	PA	39.978	-79.614	33	1018
Rushmere	VA	37.067	-76.676	33	1018
Danville	OH	40.448	-82.260	33	1018
Albany	WI	42.708	-89.437	5	1018
Santa Clara Pueblo	NM	35.966	-106.089	9	1018
Tanner	WA	47.475	-121.746	29	1018
Chevak	AK	61.528	-165.586	34	1018
Caledonia	MS	33.683	-88.324	5	1017
Cape Charles	VA	37.270	-76.016	33	1017
Paullina	IA	42.979	-95.688	5	1017
Jerome	PA	40.209	-78.984	33	1017
Queen Square	NB	45.956	-66.639	32	1016
Beckemeyer	IL	38.606	-89.436	5	1016
West Cape May	NJ	38.939	-74.942	33	1016
Fish Lake	IN	41.567	-86.552	5	1016
Soda Bay	CA	39.001	-122.789	29	1016
Tonasket	WA	48.705	-119.439	29	1016
Oilton	OK	36.085	-96.584	5	1015
Southmayd	TX	33.630	-96.769	5	1015
Motley	VA	37.070	-79.341	33	1015
Wolcottville	IN	41.526	-85.367	16	1015
Mill Neck	NY	40.887	-73.555	33	1015
Stoneboro	PA	41.339	-80.105	33	1015
Ardmore	BC	48.639	-123.469	46	1014
Buffalo Narrows	SK	55.861	-108.479	41	1014
Eckville	AB	52.363	-114.370	11	1014
Cherokee	AL	34.757	-87.973	5	1014
Leesburg	AL	34.180	-85.761	5	1014
Limestone Creek	FL	26.943	-80.141	33	1014
Masonville	KY	37.675	-87.035	5	1014
Metcalfe	MS	33.454	-91.007	5	1014
Berryville	TX	32.088	-95.472	5	1014
Goodland	IN	40.763	-87.294	5	1014
Taylors Falls	MN	45.402	-92.652	5	1014
North Bibb	AL	33.204	-87.153	5	1013
Lovell	ME	44.127	-70.892	33	1013
Friend	NE	40.654	-97.286	5	1013
Enlow	PA	40.454	-80.233	33	1013
New Columbia	PA	41.041	-76.867	33	1013
Greenwood	WI	44.770	-90.599	5	1013
Lincoln	MT	46.955	-112.682	9	1013
Wayne City	IL	38.345	-88.588	5	1012
Bude	MS	31.463	-90.850	5	1012
Eddyville	IA	41.157	-92.637	5	1012
Preston	IA	42.050	-90.414	5	1012
Kittery Point	ME	43.083	-70.710	33	1012
Loup City	NE	41.276	-98.967	5	1012
Baxter Estates	NY	40.835	-73.695	33	1012
Earth	TX	34.233	-102.411	5	1012
Electric City	WA	47.932	-119.038	29	1012
Lake Latonka	PA	41.290	-80.181	33	1012
Payson	IL	39.817	-91.242	5	1011
Kiowa	KS	37.017	-98.485	5	1011
Indian Hills Cherokee Section	KY	38.280	-85.650	27	1011
Gorman	NC	36.037	-78.823	33	1011
Audubon Park	NJ	39.897	-75.088	33	1011
Yoe	PA	39.909	-76.637	33	1011
Bradford	TN	36.076	-88.810	5	1011
East Gull Lake	MN	46.408	-94.356	5	1011
Beach City	OH	40.653	-81.581	33	1011
Jamaica	VT	43.100	-72.778	33	1011
Union Square	MD	39.287	-76.642	33	1011
Sanikiluaq	NU	56.541	-79.226	25	1010
Scarboro	AB	51.039	-114.104	11	1010
Highland	KS	39.860	-95.270	5	1010
Arapahoe	NE	40.304	-99.900	5	1010
Beatty	NV	36.909	-116.759	29	1010
Lake Mack-Forest Hills	FL	29.001	-81.424	33	1010
Quinton	OK	35.123	-95.371	5	1009
Webster Springs	WV	38.479	-80.413	33	1009
Barre	MA	42.423	-72.105	33	1009
Hadley	NY	43.317	-73.848	33	1009
Palo Alto	PA	40.687	-76.172	33	1009
King Cove	AK	55.061	-162.319	34	1009
Nevada	TX	33.042	-96.374	5	1008
Andover	NY	42.156	-77.796	33	1008
Ouray	CO	38.023	-107.671	9	1008
Gillam	MB	56.347	-94.708	48	1007
Sherrills Ford	NC	35.620	-80.986	33	1007
Athens	MI	42.089	-85.235	10	1007
Springfield	NH	43.495	-72.033	33	1007
North Randall	OH	41.435	-81.526	33	1007
Enhaut	PA	40.232	-76.827	33	1007
Clarks	LA	32.027	-92.139	5	1006
Derma	MS	33.856	-89.285	5	1006
Farmersville	OH	39.679	-84.429	33	1006
Red Lick	TX	33.465	-94.171	5	1006
King City	MO	40.051	-94.524	5	1006
Glandorf	OH	41.029	-84.079	33	1006
Chicora	PA	40.948	-79.743	33	1006
Niland	CA	33.240	-115.519	29	1006
La Center	KY	37.077	-88.974	5	1005
Ellerbe	NC	35.071	-79.761	33	1005
Parkers Prairie	MN	46.153	-95.329	5	1005
Thompson	ND	47.774	-97.110	5	1005
Island City	OR	45.341	-118.045	29	1005
South Lebanon	OR	44.506	-122.903	29	1005
Maysville	NC	34.905	-77.231	33	1004
Thornport	OH	39.913	-82.411	33	1004
Despard	WV	39.289	-80.306	33	1004
Chama	NM	36.903	-106.579	9	1004
Preeceville	SK	51.950	-102.668	41	1003
Northward	ON	43.467	-80.476	45	1003
Newport	OH	39.391	-81.227	33	1003
Glasford	IL	40.573	-89.813	5	1003
Wendell	MA	42.548	-72.397	33	1003
Stratford	NH	44.655	-71.556	33	1003
Tribes Hill	NY	42.955	-74.285	33	1003
Spring Ridge	PA	40.353	-75.990	33	1003
Minkler	CA	36.724	-119.458	29	1003
Mannheim	ON	43.398	-80.545	45	1002
Plaster Rock	NB	46.907	-67.390	32	1002
Hawesville	KY	37.900	-86.755	5	1002
Prentiss	MS	31.599	-89.867	5	1002
Ringling	OK	34.178	-97.593	5	1002
Hubbard Lake	MI	44.760	-83.544	10	1002
Pioche	NV	37.930	-114.452	29	1002
Spring City	UT	39.482	-111.496	9	1002
Clear Lake	WA	48.464	-122.234	29	1002
Falher	AB	55.733	-117.203	11	1001
Ogilvie Ridge	AB	53.464	-113.564	11	1001
Watterson Park	KY	38.192	-85.683	27	1001
Brightwood	VA	38.422	-78.194	33	1001
Hartford	ME	44.373	-70.347	33	1001
Troy	ME	44.665	-69.241	33	1001
Vineland	MN	46.164	-93.757	5	1001
Braman Corners	NY	42.809	-74.219	33	1001
Donald	OR	45.222	-122.839	29	1001
Woodville	MS	31.105	-91.300	5	995
Columbus	NC	35.253	-82.197	33	994
Parker	SD	43.397	-97.136	5	993
Balsam Lake	WI	45.452	-92.455	5	991
Dighton	KS	38.482	-100.467	5	990
Carrollton	AL	33.262	-88.095	5	988
Troy	KS	39.783	-95.090	5	988
Medford	OK	36.807	-97.734	5	987
Sutton	WV	38.665	-80.710	33	984
Green Lake	WI	43.844	-88.960	5	984
Tunica	MS	34.685	-90.383	5	981
Harlowton	MT	46.436	-109.834	9	979
Grundy	VA	37.278	-82.099	33	978
Bristol	FL	30.432	-84.977	33	976
Jonesville	VA	36.689	-83.111	33	974
Franklin	GA	33.278	-85.098	33	969
New London	MO	39.585	-91.401	5	969
Red Cloud	NE	40.089	-98.519	5	963
Ipswich	SD	45.444	-99.029	5	959
Gainesboro	TN	36.356	-85.659	5	955
Hallock	MN	48.774	-96.946	5	953
Keosauqua	IA	40.730	-91.962	5	947
Cooperstown	ND	47.444	-98.124	5	945
Orocovis	PR	18.227	-66.391	39	944
Carrizozo	NM	33.642	-105.877	9	941
Ponca	NE	42.562	-96.706	5	940
Belmont	NY	42.223	-78.034	33	939
Cascade	ID	44.516	-116.042	3	938
Hardin	IL	39.157	-90.618	5	934
Fort Sumner	NM	34.472	-104.246	9	932
Walker	MN	47.101	-94.587	5	928
Independence	VA	36.622	-81.153	33	927
New Castle	KY	38.433	-85.170	33	926
Mifflintown	PA	40.570	-77.397	33	926
Chappell	NE	41.093	-102.471	9	921
Franklin	NE	40.096	-98.953	5	920
Wessington Springs	SD	44.079	-98.570	5	919
Osceola	MO	38.047	-93.704	5	915
White Sulphur Springs	MT	46.548	-110.902	9	910
Linden	TN	35.617	-87.839	5	908
Hiawassee	GA	34.949	-83.757	33	906
Wartburg	TN	36.105	-84.597	33	904
Centerville	TX	31.258	-95.978	5	903
Vega	TX	35.243	-102.428	5	900
Coldspring	TX	30.592	-95.129	5	899
Dixon	KY	37.518	-87.690	5	898
Talbotton	GA	32.678	-84.539	33	887
Philipsburg	MT	46.332	-113.294	9	884
Chester	MT	48.511	-110.967	9	883
Leakesville	MS	31.156	-88.558	5	880
Primghar	IA	43.087	-95.627	5	879
Alton	MO	36.694	-91.399	5	877
Bandera	TX	29.727	-99.074	5	877
Marshall	NC	35.797	-82.684	33	876
Cottonwood Falls	KS	38.372	-96.543	5	872
Woodstock	VT	43.624	-72.518	33	871
Kenansville	NC	34.962	-77.962	33	870
Decaturville	TN	35.584	-88.119	5	869
Aspermont	TX	33.133	-100.227	5	868
Warrenton	NC	36.398	-78.155	33	866
Crowell	TX	33.984	-99.725	5	866
Benton	MO	37.098	-89.563	5	863
Hayneville	AL	32.184	-86.580	5	862
Greenville	GA	33.029	-84.713	33	862
Goochland	VA	37.684	-77.885	33	861
Arco	ID	43.637	-113.300	3	857
Virginia City	NV	39.310	-119.650	29	855
Jetmore	KS	38.084	-99.893	5	852
Osceola	NE	41.180	-97.548	5	850
Rushville	NE	42.718	-102.464	9	850
Rankin	TX	31.223	-101.938	5	844
Lake City	MI	44.335	-85.215	10	843
Mankato	KS	39.787	-98.210	5	840
Lake Andes	SD	43.156	-98.541	5	840
Benkelman	NE	40.049	-101.533	9	840
Elizabeth	WV	39.063	-81.395	33	839
Superior	MT	47.192	-114.892	9	839
Schoharie	NY	42.666	-74.310	33	838
Cheyenne Wells	CO	38.821	-102.353	9	837
Sanderson	TX	30.142	-102.394	5	837
Van Buren	MO	36.996	-91.015	5	834
Columbia	NC	35.918	-76.252	33	832
West Union	WV	39.296	-80.777	33	831
Oshkosh	NE	41.405	-102.344	9	828
Atlanta	MI	45.005	-84.144	10	827
Pawnee City	NE	40.108	-96.154	5	827
Brownsville	KY	37.193	-86.268	5	826
Arapaho	OK	35.578	-98.965	5	826
Cheyenne	OK	35.614	-99.671	5	824
Ashland	KS	37.189	-99.766	5	816
Byrdstown	TN	36.575	-85.129	5	814
Dakota City	IA	42.722	-94.197	5	813
Grant City	MO	40.487	-94.411	5	812
Wedowee	AL	33.309	-85.485	5	809
Council	ID	44.730	-116.438	3	808
Mohall	ND	48.763	-101.513	5	808
Coldwater	KS	37.269	-99.327	5	806
Alma	KS	39.017	-96.289	5	802
Greensburg	KS	37.603	-99.293	5	798
Throckmorton	TX	33.179	-99.178	5	797
North Hero	VT	44.831	-73.273	33	793
Tribune	KS	38.470	-101.753	9	793
Mott	ND	46.373	-102.327	9	793
Middlebourne	WV	39.492	-80.904	33	790
Howard	SD	44.011	-97.527	5	790
McKee	KY	37.430	-83.998	33	789
Napoleon	ND	46.508	-99.771	5	787
Pineville	MO	36.595	-94.384	5	786
Shoals	IN	38.666	-86.791	22	782
Highmore	SD	44.521	-99.442	5	779
Siren	WI	45.786	-92.381	5	778
Oregon	MO	39.987	-95.145	5	776
Westmoreland	KS	39.394	-96.414	5	774
Saluda	VA	37.606	-76.595	33	769
Berkeley Springs	WV	39.625	-78.225	33	766
Fonda	NY	42.955	-74.377	33	765
Calhoun	KY	37.539	-87.258	5	762
Lake Pleasant	NY	43.471	-74.413	33	762
Sharon Springs	KS	38.898	-101.752	9	761
Wallace	ID	47.474	-115.928	29	761
Gainesville	MO	36.603	-92.428	5	760
Mertzon	TX	31.262	-100.817	5	758
Elizabethtown	NY	44.216	-73.591	33	754
Philip	SD	44.039	-101.665	9	751
Alma	WI	44.320	-91.915	5	748
Kiowa	CO	39.347	-104.464	9	748
Winton	NC	36.396	-76.932	33	745
Hindman	KY	37.336	-82.980	33	741
Faulkton	SD	45.035	-99.124	5	740
Hugo	CO	39.136	-103.470	9	736
Clay Center	NE	40.522	-98.055	5	730
Ashley	ND	46.034	-99.371	5	726
Lancaster	MO	40.521	-92.528	5	724
Central City	CO	39.802	-105.514	9	724
Plankinton	SD	43.716	-98.485	5	714
Convent	LA	30.021	-90.830	5	711
Steele	ND	46.855	-99.916	5	709
Kadoka	SD	43.834	-101.510	9	707
Hennepin	IL	41.254	-89.342	5	698
Dove Creek	CO	37.766	-108.906	9	697
Bardwell	KY	36.871	-89.010	5	694
Liberty	MS	31.158	-90.812	5	694
Newland	NC	36.087	-81.927	33	686
Armour	SD	43.319	-98.347	5	686
Wickliffe	KY	36.965	-89.089	5	685
Greensburg	LA	30.831	-90.672	5	685
Inez	KY	37.866	-82.539	33	684
Elwood	NE	40.590	-99.861	5	682
Fairplay	CO	39.225	-106.002	9	681
Condon	OR	45.234	-120.185	29	681
Mound City	KS	38.143	-94.814	5	680
Franklin	WV	38.643	-79.331	33	677
Hot Sulphur Springs	CO	40.073	-106.103	9	677
Silverton	TX	34.474	-101.305	5	672
Canyon City	OR	44.390	-118.950	29	672
Friendship	WI	43.971	-89.817	5	670
Upper Marlboro	MD	38.816	-76.750	33	667
Wibaux	MT	46.985	-104.188	9	666
Woonsocket	SD	44.054	-98.276	5	659
Onida	SD	44.708	-100.060	5	658
Gibson	GA	33.233	-82.595	33	657
Mora	NM	35.974	-105.330	9	656
Lakota	ND	48.043	-98.336	5	646
New Augusta	MS	31.203	-89.037	5	641
Napoleonville	LA	29.940	-91.025	5	639
Brooksville	KY	38.683	-84.066	33	638
Silverton	CO	37.812	-107.665	9	637
Selby	SD	45.506	-100.032	5	634
English	IN	38.334	-86.464	18	630
Sandy Hook	KY	38.086	-83.126	33	630
Lac-des-Aigles	QC	47.990	-68.678	45	629
Golconda	IL	37.367	-88.486	5	629
Pineville	WV	37.583	-81.537	33	628
Center City	MN	45.394	-92.817	5	628
Alexandria	SD	43.654	-97.783	5	623
Howard	KS	37.470	-96.264	5	621
Roby	TX	32.745	-100.378	5	621
San Luis	CO	37.201	-105.424	9	618
Circle	MT	47.417	-105.592	9	613
Eureka	NV	39.513	-115.961	29	610
Bedford	KY	38.593	-85.318	33	608
Eads	CO	38.481	-102.782	9	608
Dubois	ID	44.176	-112.231	3	606
Camden	NC	36.328	-76.172	33	599
Robbinsville	NC	35.323	-83.807	33	598
Vienna	MO	38.187	-91.947	5	597
Terry	MT	46.793	-105.312	9	597
Hartville	MO	37.251	-92.510	5	596
Newton	GA	31.313	-84.336	33	594
Florence	WI	45.922	-88.252	5	592
Beaver City	NE	40.138	-99.830	5	591
Burke	SD	43.182	-99.292	5	589
Miami	TX	35.691	-100.638	5	589
Loa	UT	38.403	-111.643	9	588
Eminence	MO	37.151	-91.358	5	587
Walden	CO	40.732	-106.284	9	584
Matador	TX	34.012	-100.822	5	581
Carnesville	GA	34.370	-83.235	33	580
Danielsville	GA	34.124	-83.221	33	577
Westcliffe	CO	38.135	-105.466	9	577
Bridgeport	CA	38.256	-119.231	29	575
White River	SD	43.568	-100.745	5	575
Center	ND	47.116	-101.300	36	564
Towner	ND	48.346	-100.405	5	564
Irwinton	GA	32.811	-83.173	33	562
Trenton	NE	40.176	-101.013	5	561
Union	WV	37.592	-80.544	33	559
Bassett	NE	42.586	-99.538	5	557
Mathews	VA	37.437	-76.320	33	555
Blairsville	GA	34.876	-83.958	33	554
Mayersville	MS	32.902	-91.051	5	553
Sierra Blanca	TX	31.175	-105.357	9	553
Ivanhoe	MN	44.463	-96.247	5	550
Greeley	NE	41.549	-98.531	5	549
Grantsville	WV	38.923	-81.096	33	548
Wampsville	NY	43.075	-75.707	33	546
Mound City	IL	37.085	-89.163	5	544
Ashland	MS	34.833	-89.176	5	538
Arnett	OK	36.135	-99.775	5	532
Cathlamet	WA	46.203	-123.383	29	532
Frenchburg	KY	37.951	-83.626	33	531
Charlotte Court House	VA	37.057	-78.638	33	530
Dupree	SD	45.047	-101.601	9	527
Shelbyville	MO	39.806	-92.042	5	526
Lovingston	VA	37.760	-78.871	33	520
Forman	ND	46.108	-97.636	5	513
Crawfordville	GA	33.554	-82.896	33	508
Paris	ID	42.227	-111.401	3	506
Jayton	TX	33.248	-100.574	5	500
Mullen	NE	42.043	-101.043	9	499
Accomac	VA	37.720	-75.665	33	496
Hyde Park	VT	44.594	-72.617	33	492
Greenville	MO	37.127	-90.450	5	490
Newport	IN	39.884	-87.409	16	489
Broadus	MT	45.444	-105.411	9	488
Timber Lake	SD	45.429	-101.074	9	483
Jackson	NC	36.390	-77.421	33	481
Saguache	CO	38.087	-106.142	9	480
Idaho City	ID	43.828	-115.835	3	474
Fessenden	ND	47.649	-99.629	5	472
Harrisville	MI	44.656	-83.295	10	470
Nezperce	ID	46.235	-116.241	29	468
Clay	WV	38.460	-81.085	33	467
Nelson	NE	40.202	-98.068	5	466
Randolph	UT	41.666	-111.182	9	462
Hermitage	MO	37.941	-93.316	5	458
Murdo	SD	43.888	-100.713	5	458
Keytesville	MO	39.434	-92.938	5	455
Bakersville	NC	36.016	-82.159	33	452
Tionesta	PA	41.495	-79.456	33	451
Rockford	AL	32.890	-86.220	5	449
Jasper	AR	36.008	-93.187	5	449
Fossil	OR	44.998	-120.216	29	449
Leola	SD	45.723	-98.941	5	440
Floyd	VA	36.911	-80.320	33	439
Finley	ND	47.514	-97.836	5	437
Campton	KY	37.734	-83.547	33	431
Meadville	MS	31.472	-90.897	5	431
Leakey	TX	29.729	-99.761	5	424
Preston	GA	32.066	-84.537	33	419
Boydton	VA	36.668	-78.388	33	416
Galena	MO	36.805	-93.467	5	409
Bland	VA	37.102	-81.116	33	409
Cameron	LA	29.798	-93.325	5	406
Creede	CO	37.849	-106.926	9	405
Jordan	MT	47.321	-106.910	9	399
Cumberland	VA	37.496	-78.245	33	393
Montross	VA	38.095	-76.827	33	389
Fairfield	ID	43.347	-114.792	3	389
Columbia	LA	32.105	-92.078	5	382
Tierra Amarilla	NM	36.700	-106.550	9	382
Hayti	SD	44.657	-97.205	5	381
Stanford	MT	47.154	-110.218	9	381
Stanardsville	VA	38.297	-78.440	33	380
Leland	MI	45.023	-85.760	10	377
Bowbells	ND	48.803	-102.246	5	377
McClusky	ND	47.486	-100.443	5	375
Stanton	ND	47.321	-101.382	35	370
Lake City	CO	38.030	-107.315	9	367
Hayesville	NC	35.046	-83.818	33	364
Channing	TX	35.684	-102.330	5	360
Hyden	KY	37.161	-83.373	33	351
Mount Olivet	KY	38.531	-84.037	33	346
Ekalaka	MT	45.889	-104.553	9	345
Buffalo	SD	45.584	-103.546	9	345
Fincastle	VA	37.499	-79.877	33	341
Beulah	MI	44.632	-86.091	10	341
Bison	SD	45.520	-102.461	9	339
Kingston	MO	39.644	-94.039	5	338
Harrisonburg	LA	31.772	-91.822	5	337
Garden City	TX	31.864	-101.481	5	334
Palo Pinto	TX	32.767	-98.299	5	333
Manila	UT	40.988	-109.723	9	331
Arkansas City	AR	33.609	-91.207	5	327
Swanquarter	NC	35.406	-76.329	33	324
Taloga	OK	36.039	-98.964	5	314
Stapleton	NE	41.480	-100.513	5	311
Butte	NE	42.911	-98.849	5	310
Moro	OR	45.484	-120.731	29	310
Laporte	PA	41.424	-76.494	33	307
Montague	TX	33.665	-97.721	5	304
Hysham	MT	46.293	-107.234	9	304
Gatesville	NC	36.403	-76.753	33	302
Smithland	KY	37.139	-88.403	5	295
Carson	ND	46.418	-101.565	9	290
Elizabethtown	IL	37.446	-88.305	5	287
Trenton	NC	35.067	-77.353	33	287
Downieville	CA	39.559	-120.827	29	282
Reserve	NM	33.713	-108.758	9	272
Linneus	MO	39.879	-93.189	5	270
Goldfield	NV	37.709	-117.236	29	268
Benjamin	TX	33.584	-99.792	5	267
Paint Rock	TX	31.508	-99.920	5	266
Tilden	TX	28.462	-98.549	5	261
Kennebec	SD	43.904	-99.862	5	260
Sussex	VA	36.915	-77.279	33	256
Guildhall	VT	44.565	-71.560	33	256
Dickens	TX	33.622	-100.837	5	255
Hanover	VA	37.767	-77.370	33	252
King William	VA	37.687	-77.014	33	252
New Kent	VA	37.518	-76.979	33	239
Sarita	TX	27.222	-97.789	5	238
Harrison	NE	42.687	-103.883	9	238
Springview	NE	42.824	-99.749	5	236
Ryegate	MT	46.297	-109.259	9	236
Surry	VA	37.138	-76.835	33	232
Gail	TX	32.770	-101.445	5	231
Anderson	TX	30.487	-95.987	5	229
Lexington	GA	33.870	-83.112	33	227
Halifax	NC	36.328	-77.589	33	225
Minnewaukan	ND	48.071	-99.252	5	224
Madison	VA	38.380	-78.257	33	220
Hayes Center	NE	40.511	-101.020	5	207
Tuscumbia	MO	38.233	-92.459	5	205
Thedford	NE	41.978	-100.576	5	200
Pittsboro	MS	33.940	-89.338	5	199
Virginia City	MT	45.294	-111.946	9	199
Yorktown	VA	37.239	-76.509	33	195
Hyannis	NE	42.001	-101.762	9	192
Fort Yates	ND	46.087	-100.630	5	191
Centerville	MO	37.435	-90.958	5	188
Danbury	NC	36.409	-80.206	33	187
Junction	UT	38.237	-112.220	9	183
Carrollton	MS	33.508	-89.920	5	182
Winnett	MT	47.003	-108.352	9	179
Taylor	NE	41.770	-99.379	5	177
McIntosh	SD	45.921	-101.350	9	175
Eastville	VA	37.353	-75.946	33	167
Lunenburg	VA	36.961	-78.266	33	165
Guthrie	TX	33.621	-100.323	5	160
Tryon	NE	41.553	-100.958	5	157
New Castle	VA	37.500	-80.111	33	152
Bolivia	NC	34.068	-78.148	33	151
Heathsville	VA	37.918	-76.472	33	142
Walthall	MS	33.607	-89.277	5	139
Monterey	VA	38.412	-79.581	33	136
Charles City	VA	37.343	-77.073	33	133
Medora	ND	46.914	-103.524	9	133
Washington	VA	38.713	-78.159	33	128
Sheldon	ND	46.586	-97.491	5	124
Warm Springs	VA	38.046	-79.791	33	123
Arthur	NE	41.572	-101.692	9	117
Newfane	VT	42.986	-72.656	33	114
Bartlett	NE	41.885	-98.552	5	109
Palmyra	VA	37.861	-78.263	33	104
Harrisburg	NE	41.556	-103.739	9	100
Monticello	MO	40.118	-91.712	5	99
Gove	KS	38.958	-100.489	5	99
Murphy	ID	43.218	-116.552	3	97
Center	NE	42.609	-97.877	5	93
Mosquero	NM	35.777	-103.957	9	93
King and Queen Court House	VA	37.670	-76.877	33	85
Booneville	KY	37.476	-83.675	33	76
Manning	ND	47.230	-102.770	9	74
Olivet	SD	43.241	-97.675	5	73
Eagle River	MI	47.414	-88.296	10	71
Knoxville	GA	32.724	-83.998	33	69
Mound City	SD	45.725	-100.068	5	68
Conejos	CO	37.088	-106.020	9	58
Stockville	NE	40.533	-100.383	5	24
Amidon	ND	46.482	-103.322	9	21
Mentone	TX	31.705	-103.599	5	19
Brewster	NE	41.939	-99.865	5	18
Clinton	BC	51.083	-121.586	46	0
La Guadeloupe	QC	45.961	-70.940	45	0
Nahanni Butte	NT	61.033	-123.386	11	0
Gamèti	NT	64.112	-117.353	11	0
Saint-Colomban	QC	45.733	-74.133	45	0
Saint-Isidore-de-Laprairie	QC	45.300	-73.680	45	0
Saint-Jacques	QC	45.949	-73.570	45	0
Saint-Nazaire	QC	48.589	-71.552	45	0
Saint-Philippe-de-La Prairie	QC	45.357	-73.477	45	0
Saint-Pie-V	QC	46.004	-72.747	45	0
Saint-Pierre-les-Becquets	QC	46.500	-72.199	45	0
Saint-Polycarpe	QC	45.300	-74.299	45	0
Saint-Rémi-de-Tingwick	QC	45.867	-71.816	45	0
Saint-Lazare-de-Bellechasse	QC	46.653	-70.807	45	0
Saint-Antonin	QC	47.761	-69.477	45	0
Appling	GA	33.546	-82.317	33	0
Currituck	NC	36.450	-76.015	33	0
Buckingham	VA	37.550	-78.556	33	0
Chesterfield	VA	37.377	-77.506	33	0
Dinwiddie	VA	37.078	-77.587	33	0
Isle of Wight	VA	36.908	-76.708	33	0
Lancaster	VA	37.770	-76.466	33	0
Powhatan	VA	37.542	-77.919	33	0
Spotsylvania	VA	38.201	-77.589	33	0
North Haverhill	NH	44.090	-72.026	33	0
Reservoir	PA	40.407	-78.380	33	0
West Caldwell	NJ	40.849	-74.297	33	0
St Marys	GA	30.757	-81.572	33	0
Washington Street Courthouse Annex	AL	34.803	-86.973	5	0
Allenstown	NH	43.157	-71.405	33	0
